<?xml version="1.0" encoding="utf-8"?>
<COLLADA xmlns="http://www.collada.org/2005/11/COLLADASchema" version="1.4.1">
  <asset>
    <contributor>
      <author/>
      <authoring_tool>FBX COLLADA exporter</authoring_tool>
      <comments/>
    </contributor>
    <created>2022-02-16T19:35:33Z</created>
    <keywords/>
    <modified>2022-02-16T19:35:33Z</modified>
    <revision/>
    <subject/>
    <title/>
    <unit meter="0.010000" name="centimeter"/>
    <up_axis>Z_UP</up_axis>
  </asset>
  <library_images>
    <image id="MapFBXASC032FBXASC0351-image" name="MapFBXASC032FBXASC0351">
      <init_from>../materials/textures/Lionfish_Albedo.png</init_from>
    </image>
  </library_images>
  <library_materials>
    <material id="Lionfish_ncl1_1" name="Lionfish_ncl1_1">
      <instance_effect url="#Lionfish_ncl1_1-fx"/>
    </material>
  </library_materials>
  <library_effects>
    <effect id="Lionfish_ncl1_1-fx" name="Lionfish_ncl1_1">
      <profile_COMMON>
        <technique sid="standard">
          <phong>
            <emission>
              <color sid="emission">0.000000  0.000000 0.000000 1.000000</color>
            </emission>
            <ambient>
              <color sid="ambient">0.800000  0.800000 0.800000 1.000000</color>
            </ambient>
            <diffuse>
              <texture texture="MapFBXASC032FBXASC0351-image" texcoord="CHANNEL0">
                <extra>
                  <technique profile="MAYA">
                    <wrapU sid="wrapU0">TRUE</wrapU>
                    <wrapV sid="wrapV0">TRUE</wrapV>
                    <blend_mode>ADD</blend_mode>
                  </technique>
                </extra>
              </texture>
            </diffuse>
            <specular>
              <color sid="specular">0.000000  0.000000 0.000000 1.000000</color>
            </specular>
            <shininess>
              <float sid="shininess">2.000000</float>
            </shininess>
            <transparency>
              <float sid="transparency">0.000000</float>
            </transparency>
          </phong>
        </technique>
      </profile_COMMON>
    </effect>
  </library_effects>
  <library_geometries>
    <geometry id="Lionfish-lib" name="LionfishMesh">
      <mesh>
        <source id="Lionfish-POSITION">
          <float_array id="Lionfish-POSITION-array" count="8913">
-1.411239 -50.920984 -0.931220
-2.607289 -48.206430 -2.174243
-5.186599 -47.381437 -6.966308
-7.638570 -47.063253 -14.588448
-6.835939 -47.256374 -19.281235
-3.304755 -48.349424 -23.878064
-1.721155 -51.505468 -25.083226
-4.578109 -58.693041 -2.587155
-6.035076 -58.352514 -6.926718
-7.873217 -57.871805 -14.570366
-7.336484 -58.094831 -19.125464
-4.928560 -58.648058 -22.735043
-3.267615 -59.222334 -24.259469
-6.662262 -70.473417 -0.665000
-7.949411 -70.399908 -6.211572
-8.825840 -70.416399 -14.625743
-8.451747 -70.334936 -20.019561
-6.770074 -70.446955 -24.215777
-5.566586 -70.690512 -25.745520
-3.616490 -60.790003 -57.875680
-2.740402 -36.823771 -25.631633
-8.826146 -34.586266 -19.994252
-10.149391 -34.000723 -14.842577
-7.431472 -34.316128 -6.318585
-3.279458 -35.448709 1.733770
-4.524556 -53.931166 -69.194001
-3.518588 -23.691855 -30.101880
-10.660630 -20.560614 -22.608783
-12.381830 -19.701748 -15.913675
-9.071791 -19.827798 -4.135219
-3.615262 -20.227595 7.436023
-3.934968 -49.599852 43.061698
0.002879 -9.463872 -38.183865
-4.883826 -11.293650 -34.962399
-11.839972 -7.715043 -26.288380
-13.765315 -6.450878 -17.831679
-9.993720 -6.303938 -2.975375
-2.745205 -5.708932 12.372440
0.613307 -5.296624 15.984811
-1.260147 10.861084 -45.258969
-7.566234 10.509359 -41.464402
-13.168482 11.360033 -32.760728
-14.908782 11.641981 -21.993096
-10.840188 11.728909 -2.899864
-2.933572 13.303694 13.085239
-0.070787 1.911215 26.563232
-0.091282 30.764902 -51.592576
-8.261469 30.616140 -47.364060
-14.382572 30.727472 -37.715386
-16.233062 30.722563 -25.542823
-11.817491 30.804823 -3.643405
-2.765651 31.964762 14.726439
0.075908 49.752863 -55.415787
-8.610752 49.558779 -50.930287
-15.481976 48.284891 -40.428422
-17.547303 47.302126 -27.277144
-12.854637 45.720728 -4.880635
-3.003900 49.382326 16.216913
1.140165 49.789698 19.941890
-1.400837 67.311808 -56.636574
-9.352328 66.490213 -52.313897
-16.996196 56.901072 -41.359574
-18.725621 53.133615 -27.294909
-13.808016 53.839510 -8.174688
-3.395925 62.335482 15.392579
0.726316 62.650194 19.660606
-1.721622 75.462557 -56.328229
-7.959476 73.905954 -52.866475
-17.605809 70.857714 -44.346688
-21.016988 69.044802 -34.447781
-13.962532 67.672403 -18.556756
-4.686434 70.024157 7.554827
-2.056738 84.639307 -55.299618
-9.382307 83.898951 -52.760285
-17.631593 82.623323 -47.167447
-19.917248 81.207125 -39.127396
-12.933568 81.384127 -25.696292
-7.973489 81.856485 0.808895
-2.690414 83.118464 2.627500
-9.409000 100.566126 -51.564152
-16.368607 101.062731 -47.779465
-18.696612 99.807039 -41.782422
-13.128768 98.831179 -32.746247
-8.190987 98.773035 -11.861212
-7.867379 -80.739408 6.155603
-8.748420 -80.699080 -2.735824
-9.260293 -80.643263 -14.518846
-8.816543 -80.771002 -24.075034
-8.229274 -80.722029 -29.994483
-6.785938 -91.850470 17.367931
-7.287087 -91.932524 14.482862
-7.744001 -91.887724 2.620956
-8.023331 -91.881941 -12.812748
-8.040416 -91.920111 -27.175332
-7.799968 -92.097731 -37.697747
-7.351347 -92.013823 -40.420243
-6.525353 -103.051527 20.924159
-6.829130 -103.298300 6.443125
-7.068313 -103.401762 -12.031463
-7.094017 -103.571226 -28.233292
-6.813518 -104.204741 -41.155984
-6.492332 -104.255484 -44.364327
-3.214604 -109.908384 21.729568
-1.862186 -112.472731 6.871147
-1.663311 -113.209242 -11.548296
-2.037854 -112.826574 -26.726285
-2.550753 -112.009504 -38.760297
4.964202 -114.889906 17.706420
4.784850 -114.934065 16.386800
8.805801 -118.483503 4.489613
9.694595 -119.492887 -10.651894
7.770720 -118.071379 -23.051490
5.631827 -116.376677 -30.369799
5.999419 -116.552305 -30.817345
-1.030296 -50.571928 -0.083392
0.563785 -5.903356 17.058944
-0.512545 -8.317162 15.728542
-0.708749 -20.718585 12.001674
-1.089648 -36.121038 5.566146
-1.230629 -47.788481 0.614882
-2.032063 -58.315699 1.835198
0.413367 -7.665337 21.093311
-0.382471 -10.278787 19.943589
-0.454926 -22.961543 16.142499
-1.042479 -39.511961 9.159070
-2.004522 -54.903337 3.118868
0.505700 -16.749701 29.703216
-0.257429 -19.011647 28.396917
-1.158723 -30.947559 23.482951
-1.731320 -48.672922 14.842991
-1.738420 -64.300035 7.466492
-2.126609 -30.983321 37.329986
-2.740115 -41.130304 33.608497
-3.133309 -57.799994 24.120691
-2.491057 -70.470716 14.486301
-3.417715 -39.797739 43.392642
-3.825577 -39.686340 42.085273
-4.205246 -48.369696 40.945110
-4.472183 -62.600004 32.748828
-3.803622 -71.520365 22.659789
0.229093 -52.135164 -26.219373
0.261928 -48.343985 -26.147055
-0.382649 -38.801996 -29.486611
-0.408441 -25.847046 -34.588147
0.594045 -15.416926 -38.772015
1.532621 -13.911625 -41.420357
-0.546875 -57.792917 -28.105771
0.069331 -54.803694 -29.320710
-0.790733 -44.847069 -36.018204
-0.859003 -32.107084 -42.883893
0.300116 -21.934426 -46.660409
0.751980 -20.324679 -48.529752
-1.153264 -64.542089 -33.988648
-1.306374 -61.728727 -35.712086
-2.064960 -52.723162 -44.698762
-2.525919 -43.154295 -53.568124
-2.068544 -33.396601 -58.004266
-1.594718 -31.709833 -59.764268
-2.438651 -65.067320 -44.622132
-2.479904 -63.498213 -44.267304
-3.550764 -59.060053 -55.134492
-4.437122 -52.239336 -65.833169
-4.079509 -44.258963 -67.237435
-3.941324 -44.540182 -69.287644
-2.831437 108.017031 -50.663537
-9.374974 107.722902 -48.993912
-14.487869 107.347002 -46.507603
-2.997718 114.614687 -47.914002
-9.410123 114.268984 -46.273873
-13.938534 113.759111 -43.848412
-3.099158 119.743410 -45.008858
-9.007837 119.015841 -43.585160
-12.137717 118.066164 -41.404221
-7.561852 122.079943 -40.967660
-8.839809 120.812227 -39.686398
-16.096955 106.683313 -43.853425
-18.147195 106.287455 -40.130631
-13.250339 106.096994 -33.450192
-5.506571 105.725222 -21.003093
-1.515215 104.635317 -17.979733
-14.823719 112.366213 -40.695771
-16.731574 112.254763 -37.384370
-13.270864 112.618654 -32.957127
-7.585844 112.720705 -25.469529
-13.121999 115.533754 -38.090462
-13.402468 116.339113 -35.246426
-11.265976 116.969057 -32.620427
-8.003543 117.219851 -30.249961
-2.421541 117.159426 -29.196145
0.029361 38.944632 -53.551736
-8.516161 38.996664 -49.163094
-14.900832 39.058027 -39.093854
-16.840226 39.048231 -26.508742
-12.256362 38.834623 -4.199109
-3.345697 39.747881 14.750289
-0.639852 20.897055 -48.626767
-7.966781 20.525808 -44.590676
-13.750709 20.837008 -35.372159
-15.551595 21.093866 -23.843245
-11.323176 21.346922 -3.208352
-2.495213 23.061544 14.135223
0.372110 10.713036 29.868251
-1.789074 0.954269 -41.534367
-6.365049 0.568768 -38.285794
-12.548766 1.891220 -29.545426
-14.399526 2.504810 -19.785962
-10.453998 2.660919 -2.729514
-4.077816 2.882578 12.067251
-0.216366 -2.966631 23.005725
-0.328799 53.436762 21.034293
0.552777 51.465097 21.679570
-0.305717 60.407839 21.077276
-0.162866 54.890871 30.250095
0.593005 55.114519 29.876390
-0.147806 59.702631 30.470294
-1.077777 51.010172 42.328265
-0.851403 55.414034 44.028034
-2.851668 40.685747 58.342155
-2.388096 39.427904 57.946227
-2.857726 43.642122 59.827308
-4.314273 32.077158 71.913528
-4.087151 29.969660 73.640182
-4.005332 33.487848 74.665786
-4.280100 34.123941 72.528869
-0.226555 65.008554 19.330732
0.681450 63.564798 21.022277
0.489172 73.981050 14.261060
0.090040 73.152590 16.482850
0.139799 68.019632 25.185954
0.758766 75.490519 24.159904
0.264178 74.022867 22.720100
-0.187471 70.852808 37.487621
0.207442 69.596979 37.774223
0.333641 75.962694 37.243888
-0.112147 74.670290 37.105155
-1.041173 71.287645 54.240295
-0.637645 70.026178 54.267169
-0.551660 75.666582 54.696052
-1.002626 74.420740 54.493667
-2.605796 65.177835 70.026351
-2.216728 63.980890 69.983062
-2.071717 69.159761 71.169769
-2.528941 67.981600 70.717941
-0.383974 -1.727811 16.019016
0.123922 -3.192967 16.776431
2.319004 46.710272 23.288753
1.454838 45.334238 22.346666
1.356790 39.165899 21.418639
1.387425 30.913275 21.107906
0.803155 21.472670 20.218213
0.219780 11.842829 18.937507
-0.254475 3.308430 17.166576
-0.193018 -1.995144 18.971643
-0.039912 -3.034900 19.774394
2.267236 45.250116 29.817069
1.813263 43.569693 29.177530
1.865330 36.000734 28.528713
1.149383 25.129007 27.647853
0.420632 14.038767 26.748204
-0.047641 5.231361 24.313707
-0.304511 -0.584904 21.889888
1.253724 35.595209 39.241866
1.436844 39.607050 40.671863
-0.202493 28.492914 55.785156
0.115450 27.380953 55.423965
0.385790 32.830164 57.539886
-0.044426 31.749945 56.908187
-1.826666 19.931227 73.478606
-1.517364 18.683958 73.218276
-1.239379 24.107874 75.170234
-1.667695 23.039003 74.464652
-2.713708 15.659250 84.197212
-2.529226 14.311348 85.627517
-2.353051 17.378897 86.305671
-2.605446 17.548769 84.598434
0.536779 23.154291 36.319755
0.808015 21.692949 36.039630
1.129966 28.312742 38.817920
0.725371 27.264715 37.897887
-0.934321 13.735830 50.361423
-0.617804 12.738554 49.864494
-0.465759 16.954485 52.508189
-0.860742 16.173342 51.854751
-3.228952 -2.258495 70.421867
-2.887064 -3.050282 69.922271
-2.843030 -0.128992 72.837981
-3.215210 -0.630834 72.077956
-4.849827 -13.581933 85.131240
-4.759035 -15.750707 86.869819
-4.698391 -13.850140 88.224120
-4.835895 -12.566839 86.031577
0.195164 14.466681 37.810828
-0.173568 13.662657 36.813373
-0.416634 9.365568 35.979610
-0.181402 7.833784 35.983005
-1.419555 0.990717 49.167049
-1.767769 0.548038 48.365516
-1.789924 -1.127043 46.934699
-1.467340 -1.921576 46.331191
-3.861512 -16.937136 63.136138
-3.916107 -18.692541 62.124999
-5.806240 -36.311516 79.392211
-5.869727 -34.393034 76.948592
-5.904402 -35.585117 76.161018
-5.905722 -38.838583 77.938300
-0.840249 -0.838812 30.841275
-0.532964 1.791008 34.556690
-0.831965 1.508360 33.340118
-2.567462 -16.847495 40.997340
-2.220661 -17.454824 40.001708
-2.293173 -15.198207 44.128303
-2.617637 -15.609536 43.216209
-5.000971 -39.958036 54.725631
-5.011842 -38.620224 56.328876
-8.800034 -58.919523 66.382629
-8.878890 -59.595015 69.296943
-8.797490 -57.483427 67.442413
-0.936255 -4.890479 28.972327
-0.946644 -6.476421 27.358239
-0.746148 -7.249253 26.898093
-2.230230 -17.977195 35.486690
-2.207948 -18.955165 33.973991
-4.460018 -41.962496 48.530807
-4.657095 -42.196583 47.703140
-4.640129 -43.111736 46.200153
-6.844957 -65.426954 60.949401
-6.777990 -62.931112 59.118007
-6.741461 -63.340597 58.048068
0.550984 76.582071 17.374212
0.419201 77.145983 19.596389
0.357956 76.348864 21.253516
0.831468 76.228014 22.406659
0.594810 78.647287 20.623492
0.139178 77.978724 21.090551
0.112205 76.872721 21.895965
0.086148 80.801546 26.734390
0.062491 79.630159 27.396465
0.477612 78.971224 27.882541
0.453287 84.586580 36.793441
-0.019779 83.893206 37.094260
-0.048774 82.710146 37.658614
0.351694 82.083483 38.172790
0.043404 85.165880 46.796264
-0.325363 84.701960 46.054729
-0.367105 83.988527 46.586791
-0.037685 83.776567 47.836616
-3.192035 64.034685 77.130767
-2.902131 63.385958 78.172042
-2.787988 66.055788 78.301131
-3.120379 65.640688 77.215484
-12.299689 67.504366 -50.745721
-19.147502 60.188509 -42.112702
-21.077883 57.105005 -28.147502
-10.831897 113.375872 -29.571587
-9.601092 105.398584 -26.467776
-11.547827 98.768404 -23.889598
-12.482590 83.161608 -13.182288
-11.219627 68.124506 -7.710525
-15.431972 112.295626 -34.991738
-15.975778 106.153200 -36.901307
-15.596205 99.217424 -37.588692
-15.598038 81.101465 -32.350098
-17.626244 68.493517 -27.308484
-9.350271 90.586489 -5.254822
-4.657907 91.063410 -3.606532
-4.566900 99.003489 -10.292668
-4.532959 101.826799 -15.211227
-6.688775 101.961283 -17.125874
-8.947061 101.947855 -20.829070
-10.593261 98.247255 -17.939303
-11.760852 89.378550 -12.082724
-9.548898 92.642008 -52.278519
-17.054049 91.864305 -47.841859
-19.141040 91.184481 -41.214783
-12.922076 91.203981 -30.450444
-8.589217 95.312181 -8.635576
-12.272435 92.427240 -20.900859
-15.384175 90.930971 -35.982926
-4.447372 95.658899 -6.809481
-11.559465 93.612139 -15.176803
-10.061726 86.428873 -3.634010
-2.233255 88.194696 -1.796893
-7.412830 86.227152 1.643997
-5.047533 86.506807 2.057728
-4.719214 88.825907 0.866904
-5.609228 90.143595 -1.033140
-8.177890 90.004389 -1.411351
-8.334775 88.470522 0.317641
-11.922823 107.269503 -46.246751
-12.450145 102.420443 -47.674813
-12.024779 106.669580 -44.576440
-11.127491 112.251970 -41.388810
-10.256634 115.676577 -38.153073
-9.591390 117.117464 -35.206452
-8.439539 117.657534 -33.454530
-6.464933 117.802172 -32.159890
-7.305587 120.318193 -40.221272
-9.870315 117.817080 -41.372582
-11.407044 113.672777 -43.662171
-9.131366 107.406313 -47.081353
-9.545457 100.366632 -48.008725
-9.877908 104.726984 -43.899083
-9.201464 110.380823 -40.749947
-8.588991 113.623796 -37.855359
-7.987087 115.305834 -35.136536
-7.078695 116.135515 -33.574033
-5.539222 116.440966 -32.544759
-6.392865 120.561388 -41.059445
-7.790033 118.372606 -42.157876
-8.841505 114.019777 -44.576234
-7.098325 93.677538 -46.061017
-7.183343 96.628824 -42.892190
-6.717995 102.452768 -40.358800
-6.372542 105.810862 -38.195222
-5.978415 108.967005 -35.687440
-5.361908 111.477388 -34.080044
-4.616626 113.319063 -33.326829
-6.020081 123.139879 -39.318536
-6.613665 122.412493 -38.658711
-10.799129 93.048281 -7.310174
-10.177165 95.318575 -7.988839
-10.424989 95.385874 -7.903268
-10.592511 95.278551 -7.881110
-10.765761 95.101671 -7.866358
-10.941045 94.841478 -7.850219
-11.108720 94.493723 -7.824539
-11.263732 94.089563 -7.799954
-11.400296 93.644442 -7.777524
-11.513255 93.175379 -7.758183
-11.598305 92.700342 -7.742696
-11.652175 92.237459 -7.731632
-11.672753 91.804430 -7.725331
-11.676512 91.390589 -7.740294
-11.619874 91.076006 -7.735552
-11.531108 90.839708 -7.735447
-11.419368 90.670069 -7.747801
-11.165364 90.622393 -7.834387
-9.981856 97.299212 -9.404890
-10.345834 97.320002 -9.309199
-10.647161 97.121874 -9.267760
-10.959489 96.782656 -9.240599
-11.266873 96.269800 -9.175076
-11.565665 95.648149 -9.127892
-11.842301 94.925783 -9.083030
-12.086227 94.130198 -9.042401
-12.288089 93.291796 -9.007654
-12.440150 92.442690 -8.980150
-12.536595 91.615396 -8.960913
-12.573767 90.841509 -8.950580
-12.550265 90.150591 -8.949347
-12.475508 89.554247 -8.973944
-12.334218 89.101465 -8.989595
-12.130158 88.812441 -8.995337
-11.789859 88.678629 -9.086877
-10.018979 98.614908 -11.456041
-10.457333 98.630159 -11.368988
-10.854029 98.387156 -11.359503
-11.251870 97.905916 -11.250779
-11.655995 97.256388 -11.187427
-12.046187 96.444590 -11.124876
-12.407571 95.501108 -11.065731
-12.726250 94.461908 -11.012370
-12.989959 93.366724 -10.966890
-13.188573 92.257547 -10.931052
-13.314500 91.176851 -10.906212
-13.362984 90.166048 -10.893262
-13.332307 89.263704 -10.892583
-13.223759 88.503885 -10.903946
-13.047610 87.905672 -10.949512
-12.794589 87.505999 -10.982059
-12.382161 87.347200 -11.040370
-10.282185 99.068308 -13.838856
-10.752520 99.081003 -13.794188
-11.170840 98.798265 -13.703702
-11.606908 98.296762 -13.635418
-12.044141 97.593889 -13.565883
-12.466422 96.715349 -13.497662
-12.857564 95.694239 -13.433364
-13.202494 94.569483 -13.375466
-13.487925 93.384134 -13.326197
-13.702885 92.183611 -13.287451
-13.839164 91.013956 -13.260710
-13.891621 89.919947 -13.246982
-13.858416 88.943354 -13.246772
-13.741053 88.121111 -13.260046
-13.543935 87.483309 -13.286305
-13.267951 87.051149 -13.299489
-12.840417 86.870607 -13.388883
-10.731074 98.589678 -16.188771
-11.170798 98.614298 -16.119843
-11.561419 98.353159 -16.056283
-11.968663 97.880510 -16.014741
-12.372523 97.230997 -15.949596
-12.762570 96.419191 -15.886097
-13.123875 95.475725 -15.826440
-13.442519 94.436533 -15.772824
-13.706218 93.341333 -15.727266
-13.904845 92.232149 -15.691506
-14.030807 91.151461 -15.666920
-14.079369 90.140642 -15.654484
-14.048833 89.238298 -15.654752
-13.940552 88.478472 -15.667908
-13.757289 87.872179 -15.645951
-13.506779 87.489878 -15.733104
-13.094258 87.321962 -15.773102
-11.297093 97.252604 -18.146186
-11.673169 97.272982 -18.130761
-11.969058 97.091570 -18.061854
-12.278977 96.735903 -18.010133
-12.591223 96.222864 -17.976947
-12.889699 95.601252 -17.927638
-13.166152 94.878855 -17.881575
-13.409980 94.083269 -17.840333
-13.611813 93.244867 -17.805396
-13.763905 92.395769 -17.778083
-13.860446 91.568460 -17.759457
-13.897797 90.794580 -17.750325
-13.874612 90.103632 -17.751214
-13.794986 89.507486 -17.743479
-13.651828 89.070238 -17.784329
-13.457440 88.765398 -17.816907
-13.105092 88.632013 -17.828175
-11.885829 95.301142 -19.404015
-12.150613 95.365129 -19.413140
-12.319789 95.255953 -19.383549
-12.492320 95.075869 -19.344426
-12.667077 94.811129 -19.305135
-12.834689 94.432543 -19.295634
-12.989436 94.028399 -19.269303
-13.125854 93.583284 -19.245908
-13.238768 93.114214 -19.226262
-13.323865 92.639177 -19.211079
-13.377877 92.176302 -19.200976
-13.398715 91.743242 -19.196427
-13.385491 91.356546 -19.197758
-13.333020 91.047335 -19.215623
-13.249148 90.815119 -19.239266
-13.140187 90.648272 -19.258389
-12.873164 90.604776 -19.249694
-12.690341 92.969629 -19.862790
-9.456128 94.970255 -8.526769
-9.843688 92.815737 -8.015972
-10.360825 90.656557 -8.367608
-10.935744 88.801828 -9.544922
-11.475249 87.559641 -11.367762
-11.892879 87.121164 -13.532787
-12.131499 87.536371 -15.729304
-12.154208 88.758654 -17.643037
-11.954091 90.600061 -18.956654
-11.566701 92.754648 -19.467425
-11.049365 94.913774 -19.115821
-10.474305 96.768457 -17.938529
-9.934726 98.010630 -16.115699
-9.517066 98.449121 -13.950678
-9.278479 98.033899 -11.754158
-9.255851 96.811632 -9.840410
-8.468701 94.384401 -9.519814
-8.797061 92.556787 -9.084386
-9.236140 90.725252 -9.384835
-9.719092 89.168627 -10.375419
-10.172398 88.123896 -11.905335
-10.527039 87.750109 -13.741660
-10.729031 88.104174 -15.604837
-10.747618 89.132189 -17.211207
-10.579972 90.677637 -18.316226
-10.251614 92.505251 -18.751652
-9.812535 94.336794 -18.451203
-9.329581 95.893427 -17.460618
-8.876275 96.938135 -15.930705
-8.521632 97.311922 -14.094376
-8.319642 96.957872 -12.231200
-8.301055 95.929865 -10.624827
-7.764683 43.726221 -56.628701
-3.571682 19.074038 -47.431241
-6.219065 46.918337 -50.255994
-2.917132 25.148630 -46.183877
-3.113627 19.070528 -47.662396
-5.628220 46.919718 -50.553521
-2.298832 25.148813 -46.495484
-10.703442 37.517851 -62.329915
-4.065950 9.700716 -48.832871
-14.013426 30.615545 -68.749238
-5.925753 2.184057 -52.384209
-16.840417 18.973433 -74.145570
-7.749754 -6.476543 -55.848721
-18.485127 3.329704 -77.151864
-9.726331 -13.961147 -59.631665
-18.958318 -10.646505 -77.874505
-12.721529 -21.817344 -65.416474
-18.637433 -18.958265 -77.117570
-14.933223 -25.038397 -69.726868
-6.175437 31.461966 -52.545193
-4.851366 36.324167 -49.570966
-3.869853 36.324167 -50.065511
-5.553626 31.457232 -52.860730
-8.002278 23.761808 -56.291051
-7.591799 23.756617 -56.500687
-10.232123 15.547552 -60.596722
-9.849012 15.548822 -60.790917
-12.417791 5.172033 -64.747689
-12.034970 5.170980 -64.943574
-14.266812 -5.811039 -68.225922
-13.881900 -5.815787 -68.419015
-15.937898 -16.405384 -71.426156
-15.607186 -16.407907 -71.593995
-17.102744 -23.855045 -74.019646
-9.711852 47.558023 -51.128182
-10.986397 45.694387 -52.109170
-12.685760 43.489759 -52.269463
-14.650630 40.937456 -51.548352
-17.012526 37.869791 -49.351792
-20.103583 33.855257 -45.308232
-21.956546 31.450769 -41.555672
-23.869076 28.966352 -36.977181
-24.729417 27.849546 -32.444539
-24.810242 27.744799 -27.543231
-24.443360 28.149179 -23.288338
-23.244145 29.356565 -19.280566
-21.658360 31.763712 -15.659278
-18.507058 35.928621 -12.901829
-15.124116 40.321405 -10.882296
-12.760100 43.604784 -9.762509
-10.478828 46.182451 -15.119118
-12.973874 42.536264 -16.166547
-15.894463 38.965517 -17.842841
-18.128136 36.222475 -20.045005
-19.558045 34.419054 -22.276284
-20.443505 33.390898 -25.200675
-20.686482 33.105734 -28.804877
-20.266474 33.617773 -32.681992
-19.246457 34.868868 -36.141915
-18.608960 35.644152 -39.587903
-17.245511 37.312243 -42.475594
-15.075467 39.966906 -44.886430
-13.348561 42.075838 -46.247155
-12.041179 43.676065 -46.596833
-10.785237 45.207663 -46.464276
-9.950485 46.854715 -45.790692
-13.284162 44.001352 -9.756776
-11.908090 47.355715 -15.125969
-14.989175 44.182554 -16.163151
-17.907470 40.614893 -17.845984
-20.148268 37.874437 -20.044966
-21.605740 36.093493 -22.276175
-22.464205 35.043337 -25.200572
-22.700909 34.753160 -28.804883
-22.282382 35.266424 -32.681992
-21.258601 36.514441 -36.141915
-20.625182 37.292955 -39.588036
-19.260907 38.960474 -42.475590
-17.089680 41.614172 -44.886410
-15.365720 43.724127 -46.250481
-14.043620 45.339968 -46.597108
-12.817353 46.844263 -46.462567
-11.355984 48.004335 -45.790604
-10.242907 47.959803 -51.131341
-11.709307 46.261415 -52.105931
-13.411401 44.048510 -52.269467
-15.376757 41.496969 -51.546582
-17.739526 38.428324 -49.353097
-20.828513 34.417086 -45.311497
-22.680476 32.010736 -41.550381
-24.595469 29.523630 -36.977517
-25.454404 28.407785 -32.444546
-25.535060 28.302912 -27.543229
-25.203416 28.734205 -23.288523
-24.171855 30.073614 -19.281409
-22.417470 32.353510 -15.656464
-19.238555 36.481371 -12.900889
-15.850622 40.882700 -10.883569
-9.827658 47.255701 -21.972947
-11.419608 44.764112 -22.688206
-13.385442 42.502001 -23.790391
-14.822099 40.847555 -25.194028
-15.765259 39.761255 -26.525595
-16.354134 39.083063 -28.400012
-16.503377 38.911184 -30.752333
-16.189471 39.272638 -33.249188
-15.487673 40.081293 -35.460999
-15.167699 40.449282 -37.661820
-14.279220 41.472605 -39.534581
-12.890268 43.072321 -41.003400
-11.777175 44.354166 -41.830678
-10.913716 45.348665 -42.055733
-10.074345 46.310625 -41.966206
-9.670179 47.439917 -41.562039
-11.264902 48.824930 -41.562134
-12.327853 48.264681 -41.970391
-13.161248 47.300261 -42.055733
-14.024811 46.305861 -41.830678
-15.137876 45.023996 -41.003396
-16.526978 43.424387 -39.534589
-17.418055 42.398287 -37.663144
-17.735057 42.032766 -35.460995
-18.437291 41.224501 -33.249181
-18.751143 40.862997 -30.752337
-18.605256 41.030924 -28.398572
-18.013016 41.713053 -26.525590
-17.071385 42.797289 -25.192639
-15.633120 44.453730 -23.790387
-13.667876 46.718874 -22.691703
-11.425448 48.642817 -21.972918
-7.571302 50.097284 -27.611212
-8.248233 48.614756 -28.024171
-9.358846 47.413347 -28.647023
-10.141183 46.564497 -29.391328
-10.684537 45.974855 -30.153077
-11.010977 45.620718 -31.173602
-11.093896 45.530775 -32.449433
-10.913014 45.726961 -33.804028
-10.547441 46.124113 -35.022568
-10.341328 46.347315 -36.217313
-9.848038 46.882605 -37.243611
-9.098358 47.696299 -38.040597
-8.465153 48.383303 -38.505334
-7.979542 48.910540 -38.647259
-7.514279 49.413736 -38.608002
-7.477765 50.193277 -38.401704
-9.074199 51.664873 -38.401742
-9.848273 51.565203 -38.607999
-10.311963 51.060564 -38.647259
-10.797998 50.533716 -38.505330
-11.431285 49.846788 -38.040597
-12.181378 49.033472 -37.243615
-12.674819 48.498323 -36.217316
-12.880531 48.274752 -35.022568
-13.246673 47.878130 -33.804021
-13.427518 47.681898 -32.449433
-13.337310 47.779966 -31.176234
-13.018172 48.125994 -30.153077
-12.470944 48.719568 -29.393859
-11.692131 49.564173 -28.647023
-10.584975 50.768770 -28.024155
-9.162285 51.563944 -27.611115
-8.994883 48.873903 -63.200791
-11.254096 45.875147 -65.683244
-14.679310 41.427038 -65.738801
-14.896910 41.597246 -65.742905
-11.473168 46.043821 -65.683244
-9.151214 48.994478 -63.200806
-20.422726 33.950182 -3.924407
-18.610635 36.372683 -1.250453
-18.781174 36.501696 -1.249082
-20.660184 34.130625 -3.922882
-24.965087 28.536047 -6.994201
-29.355851 22.833868 -10.242039
-30.837338 20.909067 -15.359969
-32.561578 18.670298 -21.379386
-32.914315 18.211840 -27.229970
-33.354066 17.640818 -33.919030
-32.946927 18.175318 -39.911515
-29.454270 22.743486 -46.394219
-26.855307 26.117228 -52.721944
-26.585503 25.914572 -52.721535
-29.187237 22.534288 -46.389176
-32.708226 17.993933 -39.916451
-33.122098 17.462191 -33.919038
-32.682420 18.033293 -27.229968
-32.316960 18.481958 -21.379382
-30.530938 20.675684 -15.360659
-29.112630 22.642633 -10.240561
-24.732554 28.357004 -6.994201
-18.606587 36.327078 -63.283227
-22.251248 31.586084 -60.165375
-22.475753 31.762217 -60.165070
-18.826712 36.493448 -63.280770
-9.049451 48.965937 -70.628358
-11.424563 45.881693 -75.905640
-16.839228 38.849817 -75.554475
-21.764951 32.452860 -72.573342
-33.729401 16.590200 -60.088853
-37.571175 11.583799 -51.121903
-41.354428 6.824263 -42.717206
-41.873864 6.175150 -34.815819
-41.349099 6.856596 -26.688134
-40.664841 7.733709 -19.107487
-38.609620 10.344494 -11.346291
-36.945409 12.564112 -4.125001
-31.831040 19.220739 0.649049
-26.789428 25.787462 5.239934
-24.202927 29.189711 9.349415
-24.298836 29.259729 9.346264
-26.923457 25.894205 5.243015
-31.985463 19.339540 0.649082
-37.109135 12.688356 -4.122294
-38.800862 10.491745 -11.346292
-40.827805 7.859177 -19.107487
-41.506566 6.977842 -26.688138
-42.031274 6.296335 -34.815747
-41.537194 6.963448 -42.715188
-37.899949 11.840813 -51.123116
-34.042340 16.833483 -60.085557
-27.691937 24.755785 -71.627831
-40.150040 8.576880 -65.366410
-50.713982 -5.460146 -44.796265
-51.320580 -6.285169 -35.215390
-50.821671 -5.637213 -25.810464
-49.953534 -4.511442 -16.078906
-47.627728 -1.498826 -7.063909
-45.165826 1.706217 2.213775
-39.218457 9.473875 9.642487
-32.893624 18.000738 16.921556
-27.431729 25.093969 16.147643
-39.520821 9.706892 9.642762
-45.509145 1.972244 2.214902
-47.975579 -1.230984 -7.063907
-50.297616 -4.246498 -16.078910
-51.164918 -5.372907 -25.810462
-51.663876 -6.020857 -35.215256
-51.021340 -5.223675 -44.795865
-47.485375 -0.949239 -56.679211
-34.872273 15.430868 -71.531853
-54.183747 -9.648520 -52.725915
-57.773133 -14.309927 -45.689408
-58.962548 -15.854623 -35.625760
-58.770669 -15.605414 -25.111043
-57.967408 -14.562230 -13.259822
-55.332883 -11.140799 -3.025162
-52.197400 -7.068811 8.116138
-45.607999 1.488733 16.899431
-40.072629 8.677462 20.132320
-12.777795 43.857958 -52.350583
-13.255043 43.401281 -52.288438
-13.234381 43.700701 -52.312245
-12.744692 44.343935 -52.389340
-12.451476 44.438662 -52.413949
-14.376773 41.545534 -65.673890
-14.952905 41.149504 -65.582230
-15.038848 41.526964 -65.615144
-14.545069 42.218042 -65.735955
-14.070040 42.223021 -65.782227
-19.918719 34.305712 -89.729981
-20.496354 33.933203 -89.560494
-20.610764 34.326067 -89.621857
-20.132098 34.995672 -89.845261
-19.644196 34.977060 -89.929368
-28.744612 23.086420 -109.009202
-28.583499 23.469301 -108.077660
-29.062989 23.118414 -108.923493
-28.380429 24.080603 -108.388291
-28.140912 24.061228 -108.456315
-24.124539 28.872194 -100.781670
-24.644433 28.558100 -100.545533
-24.757178 28.914965 -100.625230
-24.351430 29.497820 -100.955415
-23.892722 29.462290 -101.076951
-17.149419 37.902285 -78.714341
-17.713975 37.516741 -78.499604
-17.847140 37.938112 -78.583314
-17.362889 38.568586 -78.845505
-16.918711 38.547304 -78.929765
-13.424894 43.017145 -9.559676
-13.237617 43.422937 -9.044528
-13.466512 43.400484 -9.230822
-13.789445 42.986559 -9.851737
-13.755356 42.745523 -10.052535
-18.408211 36.309366 -1.372150
-18.292409 36.804300 -0.870856
-18.640147 36.855646 -1.057145
-19.014968 36.408205 -1.685905
-18.848531 36.025286 -1.899889
-28.504752 23.155832 22.953574
-28.368283 23.681234 23.431178
-28.773249 23.747663 23.246719
-29.147275 23.264700 22.660070
-28.977936 22.885900 22.474231
-41.576699 7.360334 55.273841
-41.427354 7.877903 55.777526
-41.845578 7.955111 55.579467
-42.206185 7.480082 54.971397
-42.045182 7.118380 54.783500
-57.307679 -12.418156 89.117461
-57.233807 -12.027625 89.520126
-57.516099 -11.969331 89.370223
-57.817368 -12.310912 88.858955
-57.670220 -12.633992 88.685668
-63.969914 -20.784096 105.909850
-63.905827 -20.450387 106.272987
-64.155236 -20.395882 106.136420
-64.407700 -20.688271 105.679786
-64.280762 -20.961423 105.528953
-68.792748 -26.851288 119.692458
-68.692582 -26.533024 120.046691
-68.976403 -26.475054 119.904441
-69.178948 -26.767057 119.485641
-69.071679 -26.967569 119.346030
-72.017167 -30.815685 127.206138
-72.306496 -31.070907 128.078796
-72.140351 -30.585703 127.329131
-72.267617 -30.749801 127.084564
-72.491654 -31.301372 127.750991
-49.549947 -2.702326 72.592666
-49.404519 -2.195087 73.067001
-49.805779 -2.123813 72.881133
-50.166711 -2.589428 72.305938
-50.009522 -2.951100 72.124801
-33.899258 16.149874 38.217567
-33.706399 16.723940 38.625068
-34.154504 16.778009 38.461990
-34.550332 16.229334 37.977950
-34.404458 15.862501 37.832973
-23.754378 29.324549 9.820261
-23.620717 29.874132 10.223621
-24.001094 29.924440 10.073175
-24.425225 29.418825 9.560751
-24.251368 28.995821 9.385317
-15.010403 40.958010 -11.142623
-14.897407 41.264589 -10.544474
-15.100787 41.281298 -10.765486
-15.325913 40.987871 -11.489823
-15.264556 40.788523 -11.719805
-20.056420 34.168631 -4.134971
-19.993903 34.564375 -3.522190
-20.344884 34.662638 -3.759154
-20.602401 34.325602 -4.504425
-20.421151 34.014040 -4.740837
-33.082429 17.210867 15.945213
-33.020959 17.638887 16.524703
-33.396939 17.742952 16.300546
-33.678887 17.379564 15.589380
-33.480324 17.038706 15.363332
-50.244889 -5.078311 43.067851
-50.160348 -4.657263 43.689315
-50.575440 -4.538349 43.437175
-50.820870 -4.909466 42.709102
-50.638863 -5.209387 42.497146
-74.361947 -36.290485 73.470931
-74.328294 -35.975012 73.964629
-74.623292 -35.882072 73.772262
-74.821252 -36.143188 73.170432
-74.659074 -36.399220 72.981178
-86.317284 -51.763121 89.062438
-86.304887 -51.497984 89.490340
-86.544572 -51.417902 89.327300
-86.718323 -51.627756 88.794418
-86.567925 -51.860514 88.619308
-95.548249 -63.725019 101.871612
-95.539674 -63.481054 102.262161
-95.762238 -63.411844 102.119323
-95.925881 -63.602453 101.630462
-95.779221 -63.821047 101.460609
-101.006364 -70.699713 110.200851
-101.518220 -71.253370 111.223632
-101.148583 -70.493910 110.340507
-101.238549 -70.610495 110.056541
-101.646424 -71.418833 110.836196
-62.374078 -20.814250 57.992458
-62.326691 -20.401896 58.549331
-62.675702 -20.304154 58.337093
-62.958916 -20.646760 57.642684
-62.756066 -20.993020 57.410701
-40.471505 7.614679 28.775693
-40.343312 8.102692 29.305034
-40.767056 8.191895 29.092386
-41.082757 7.744410 28.466005
-40.914227 7.410156 28.279746
-26.620316 25.602514 4.949322
-26.549840 26.068106 5.462113
-26.908360 26.150331 5.270288
-27.248471 25.750681 4.620323
-27.047646 25.366529 4.398175
-18.359957 36.608072 -13.117144
-18.311173 36.833239 -12.492409
-18.493506 36.872732 -12.731827
-18.652154 36.670572 -13.503459
-18.564507 36.500868 -13.744801
-24.474601 28.431276 -7.345522
-24.486443 28.750200 -6.704117
-24.794589 28.870054 -6.947950
-24.994471 28.635172 -7.748206
-24.778331 28.335176 -8.012728
-39.363755 9.053263 9.223602
-39.364117 9.405842 9.852142
-39.712044 9.537886 9.609798
-39.928418 9.267511 8.836313
-39.704697 8.949642 8.586590
-58.889489 -16.304782 30.909021
-58.887234 -15.960507 31.556140
-59.245942 -15.821313 31.302871
-59.444005 -16.085577 30.516725
-59.222668 -16.386862 30.268562
-78.459138 -41.611895 50.901107
-78.486024 -41.357138 51.415633
-78.744080 -41.246637 51.220580
-78.897958 -41.423996 50.576782
-78.707520 -41.674353 50.363292
-86.036980 -51.398954 59.661872
-86.065285 -51.186464 60.117057
-86.289063 -51.086393 59.943828
-86.412957 -51.231100 59.376525
-86.246979 -51.443327 59.190574
-91.934945 -59.031866 67.382774
-91.948769 -58.823038 67.789321
-92.169335 -58.741865 67.641525
-92.282540 -58.876364 67.121505
-92.119782 -59.061049 66.937537
-96.271897 -64.551645 73.532867
-96.736863 -65.041212 74.404243
-96.429269 -64.364580 73.685195
-96.492844 -64.447462 73.381210
-96.830796 -65.161375 73.990516
-69.125367 -29.582030 41.321975
-69.118180 -29.238480 41.938915
-69.464875 -29.108637 41.698383
-69.670037 -29.374685 40.945514
-69.455659 -29.677239 40.704681
-48.228734 -2.459536 19.587791
-48.159261 -2.039542 20.174955
-48.552788 -1.925587 19.941125
-48.813267 -2.289118 19.239908
-48.622792 -2.608578 19.027375
-31.620145 19.109373 0.443752
-31.575810 19.514296 1.031266
-31.946320 19.628019 0.803131
-32.204781 19.293692 0.083053
-31.998154 18.963938 -0.147247
-21.917729 31.987959 -15.542754
-21.935012 32.126001 -14.891093
-22.092993 32.199358 -15.141162
-22.167310 32.103609 -15.944548
-22.055386 31.969038 -16.194875
-29.299128 22.166079 -10.151473
-29.370570 22.393518 -9.466807
-29.665848 22.553167 -9.731625
-29.769946 22.423212 -10.572530
-29.535241 22.172045 -10.842099
-45.831422 0.653818 2.674467
-45.898888 0.920734 3.338533
-46.220105 1.084879 3.083197
-46.354504 0.922937 2.262787
-46.103123 0.639109 1.996375
-67.169579 -27.057982 20.338384
-67.234261 -26.805239 21.027208
-67.570832 -26.629072 20.756135
-67.678666 -26.783842 19.924131
-67.434975 -27.046626 19.666158
-90.748711 -57.572123 39.578811
-90.821938 -57.372866 40.107070
-91.058640 -57.242880 39.908500
-91.162598 -57.348883 39.242545
-90.953042 -57.580660 39.019302
-99.581925 -68.989462 48.756191
-99.590806 -68.745779 49.187408
-99.817124 -68.659777 49.025283
-99.975724 -68.839621 48.481525
-99.814378 -69.070623 48.298152
-108.337891 -80.334700 59.365020
-108.321328 -80.082579 59.750175
-108.549653 -80.017057 59.609252
-108.719361 -80.218214 59.128665
-108.574143 -80.436598 58.960876
-114.085664 -87.685553 66.994506
-114.646775 -88.302389 67.961486
-114.236176 -87.490553 67.139022
-114.308541 -87.584486 66.844833
-114.745515 -88.429296 67.556098
-79.777215 -43.415556 30.025193
-79.850411 -43.157240 30.663932
-80.151566 -43.001600 30.421348
-80.289239 -43.151239 29.622230
-80.037110 -43.437834 29.353893
-55.455765 -11.845197 10.869813
-55.456559 -11.507333 11.503801
-55.815190 -11.364101 11.254311
-56.006631 -11.623723 10.487880
-55.785748 -11.920522 10.248042
-37.316178 11.711981 -4.116690
-37.340817 12.030622 -3.479480
-37.681882 12.176847 -3.726131
-37.862550 11.948521 -4.508754
-37.628571 11.648603 -4.761064
-23.540318 29.880526 -19.167582
-23.621590 29.934511 -18.507102
-23.756165 30.040777 -18.760926
-23.749411 30.047735 -19.573722
-23.613673 29.946398 -19.826283
-30.173814 21.029696 -15.624732
-30.306172 21.166475 -14.917068
-30.586545 21.366171 -15.194968
-30.598428 21.338987 -16.051810
-30.344506 21.133463 -16.319159
-47.505124 -1.519777 -7.301138
-47.639397 -1.339633 -6.618275
-47.934930 -1.142124 -6.880907
-47.986756 -1.196859 -7.724516
-47.708558 -1.445849 -7.998984
-70.306092 -31.131296 4.480970
-70.439172 -30.967384 5.186356
-70.748490 -30.755835 4.908220
-70.774354 -30.804161 4.057432
-70.504746 -31.033301 3.793219
-95.475152 -63.711309 17.241130
-95.606240 -63.588308 17.786100
-95.819596 -63.423582 17.578592
-95.860093 -63.449560 16.899921
-95.628297 -63.651709 16.671195
-103.776429 -74.371481 22.852397
-103.077622 -73.276712 22.693382
-103.973038 -74.165213 23.043199
-103.338425 -73.265455 22.013603
-103.198678 -73.411428 21.869788
-83.697404 -48.506628 10.701278
-83.834855 -48.331747 11.357480
-84.111611 -48.144424 11.108318
-84.168900 -48.189676 10.286972
-83.889725 -48.441145 10.010328
-57.808148 -14.900186 -1.763471
-57.874238 -14.647133 -1.094282
-58.207433 -14.470870 -1.357505
-58.319405 -14.627276 -2.166691
-58.074071 -14.892332 -2.419597
-38.426030 10.270597 -11.751265
-38.514851 10.505100 -11.083266
-38.831689 10.684242 -11.342240
-38.932252 10.558641 -12.161576
-38.674393 10.291327 -12.424811
-24.754071 28.304453 -23.400229
-24.870070 28.315004 -22.744918
-24.989518 28.436907 -22.996255
-24.943537 28.499098 -23.804925
-24.793025 28.412951 -24.057566
-32.273354 18.303308 -21.770289
-32.453229 18.398096 -21.079640
-32.701268 18.605669 -21.344161
-32.683434 18.645418 -22.200454
-32.401265 18.441519 -22.481147
-50.113785 -4.907609 -16.033391
-50.284325 -4.774575 -15.347134
-50.565697 -4.558666 -15.611190
-50.574101 -4.556988 -16.458464
-50.282056 -4.788013 -16.734265
-73.430497 -35.188925 -7.365628
-73.599076 -35.071121 -6.658628
-73.894410 -34.841387 -6.937564
-73.877457 -34.834108 -7.789915
-73.594567 -35.045984 -8.054633
-99.155999 -68.491587 1.964404
-99.311318 -68.400038 2.507476
-99.517442 -68.225912 2.302183
-99.523789 -68.207541 1.622103
-99.278886 -68.392645 1.391841
-107.709733 -79.479601 6.444379
-107.007149 -78.379881 6.393121
-107.916016 -79.285906 6.638111
-107.232026 -78.321981 5.702513
-107.085694 -78.459455 5.557155
-87.088189 -52.910204 -2.971537
-87.258675 -52.778234 -2.313052
-87.522897 -52.574621 -2.563055
-87.538842 -52.566145 -3.387442
-87.245698 -52.799498 -3.665530
-60.661912 -18.606336 -11.903212
-60.761910 -18.397326 -11.223111
-61.081780 -18.203736 -11.490681
-61.152734 -18.306877 -12.312937
-60.894585 -18.555287 -12.569947
-40.845818 7.128117 -19.242810
-40.967561 7.321188 -18.568164
-41.270821 7.515528 -18.829083
-41.331826 7.443481 -19.658673
-41.058366 7.193764 -19.926856
-24.893471 28.123423 -27.320473
-25.077470 28.044607 -26.684718
-25.171799 28.201429 -26.928941
-25.039887 28.372515 -27.711947
-24.864346 28.321581 -27.955838
-32.421746 18.110563 -27.112412
-32.668107 18.106318 -26.427321
-32.898839 18.357973 -26.694302
-32.782185 18.508051 -27.530240
-32.481572 18.350554 -27.795895
-50.591115 -5.527509 -26.379052
-50.832482 -5.486444 -25.703154
-51.086819 -5.235438 -25.963214
-51.006375 -5.118362 -26.798182
-50.685052 -5.311366 -27.070641
-74.473069 -36.542900 -24.481608
-74.716500 -36.522295 -23.787007
-74.982285 -36.254190 -24.061379
-74.875161 -36.129801 -24.897979
-74.564240 -36.305296 -25.157859
-100.840256 -70.678602 -22.595278
-101.058564 -70.669024 -22.063710
-101.237046 -70.459379 -22.264628
-101.171342 -70.347490 -22.932013
-100.903992 -70.503012 -23.157843
-109.675034 -82.032576 -20.615624
-108.975648 -80.936361 -20.439772
-109.903435 -81.865004 -20.418875
-109.129288 -80.785315 -21.136164
-108.965890 -80.901915 -21.283513
-88.391160 -54.602324 -24.040477
-88.631425 -54.560980 -23.391934
-88.869157 -54.322985 -23.638102
-88.797692 -54.201017 -24.450452
-88.475045 -54.396032 -24.725363
-61.411561 -19.579879 -25.315282
-61.584615 -19.465727 -24.627358
-61.875722 -19.234818 -24.898112
-61.858392 -19.223294 -25.729581
-61.572636 -19.435859 -25.989527
-41.123746 6.767149 -26.901040
-41.319001 6.863888 -26.222020
-41.594231 7.096193 -26.485139
-41.564904 7.140049 -27.318482
-41.263589 6.928251 -27.587319
-25.083348 27.876913 -32.504529
-25.297930 27.759058 -31.885442
-25.379811 27.930384 -32.123051
-25.211531 28.150507 -32.886464
-25.023488 28.114130 -33.124837
-33.027081 17.324602 -33.872407
-33.309914 17.281549 -33.208997
-33.520909 17.543890 -33.464570
-33.370423 17.750204 -34.282929
-33.049397 17.604063 -34.549226
-51.266026 -6.404015 -35.607819
-51.539525 -6.404664 -34.942998
-51.781499 -6.137599 -35.198830
-51.661378 -5.969000 -36.020116
-51.327107 -6.145188 -36.288346
-75.163697 -37.439812 -36.785657
-75.440110 -37.462030 -36.103562
-75.692864 -37.177008 -36.373154
-75.546044 -37.001049 -37.194325
-75.222779 -37.160524 -37.449425
-101.494981 -71.529158 -38.289792
-101.734032 -71.546373 -37.769524
-101.907799 -71.330214 -37.965264
-101.810044 -71.176653 -38.621041
-101.531678 -71.318327 -38.843198
-110.465157 -83.057974 -37.438878
-109.779481 -81.980230 -37.163110
-110.701524 -82.903456 -37.244477
-109.897843 -81.784101 -37.854462
-109.728196 -81.891180 -38.000214
-89.057358 -55.467539 -38.133664
-89.328446 -55.466215 -37.496014
-89.554497 -55.213011 -37.738026
-89.444428 -55.040911 -38.536908
-89.108689 -55.218954 -38.807652
-62.109116 -20.485785 -35.938294
-62.315041 -20.414335 -35.253674
-62.593220 -20.166612 -35.523160
-62.536145 -20.103482 -36.350537
-62.237969 -20.299914 -36.609212
-41.802838 5.885237 -34.911408
-42.030778 5.940140 -34.238435
-42.292931 6.188326 -34.498959
-42.224313 6.284195 -35.325646
-41.909554 6.088640 -35.592850
-24.341817 28.840078 -36.844891
-24.585500 28.684698 -36.245785
-24.655827 28.870131 -36.475629
-24.452168 29.136980 -37.214825
-24.252640 29.114977 -37.445878
-32.985127 17.379347 -39.747864
-33.300721 17.297884 -39.106293
-33.496339 17.572596 -39.351971
-33.310384 17.831079 -40.147866
-32.972863 17.698980 -40.410043
-51.253999 -6.388384 -43.917401
-51.558758 -6.429627 -43.267628
-51.788686 -6.146941 -43.517701
-51.628281 -5.926019 -44.320100
-51.279706 -6.083639 -44.582227
-75.023316 -37.257494 -48.140679
-75.331773 -37.321335 -47.475152
-75.571839 -37.019855 -47.738343
-75.386437 -36.793798 -48.539193
-75.051209 -36.937712 -48.788010
-101.248559 -71.208826 -52.996503
-101.507554 -71.252119 -52.490197
-101.676247 -71.029760 -52.680543
-101.548081 -70.836748 -53.319710
-101.259537 -70.964769 -53.536584
-110.164323 -82.667974 -53.282029
-109.495461 -81.611410 -52.906708
-110.411362 -82.524633 -53.088704
-109.578927 -81.369253 -53.590401
-109.401589 -81.467733 -53.734826
-88.813523 -55.150846 -51.256692
-89.114564 -55.188440 -50.633794
-89.329209 -54.920477 -50.870175
-89.181626 -54.699614 -51.650765
-88.833161 -54.861105 -51.915723
-62.040314 -20.396429 -45.628869
-62.278626 -20.367032 -44.951703
-62.544045 -20.102760 -45.218312
-62.448708 -19.989917 -46.036713
-62.139130 -20.171566 -46.292702
-41.851166 5.822506 -42.015561
-42.110997 5.836294 -41.352418
-42.360589 6.100191 -41.609013
-42.254056 6.245859 -42.424218
-41.927174 6.065372 -42.688176
-21.854089 32.070478 -41.826451
-22.156565 31.838617 -41.280099
-22.204779 32.053774 -41.489850
-21.928235 32.414709 -42.163712
-21.706208 32.421961 -42.374028
-28.758942 22.867392 -46.087880
-29.136758 22.702143 -45.495354
-29.310683 23.011065 -45.723378
-29.045554 23.367723 -46.456044
-28.686711 23.268694 -46.696358
-46.072064 0.341314 -54.985657
-46.440995 0.216703 -54.381394
-46.646229 0.531477 -54.614033
-46.407445 0.854181 -55.360127
-46.033864 0.729052 -55.604367
-69.079926 -29.538897 -65.643075
-69.454003 -29.687966 -65.026643
-69.668107 -29.352759 -65.270737
-69.403764 -29.024195 -66.011689
-69.044007 -29.136258 -66.241959
-94.444260 -62.372229 -77.580323
-94.761765 -62.491488 -77.116334
-94.903085 -62.233561 -77.288621
-94.716241 -61.964388 -77.881913
-94.406342 -62.064608 -78.083298
-103.208321 -73.634382 -80.281998
-102.584145 -72.635839 -79.703103
-103.474740 -73.516134 -80.097565
-102.601372 -72.307539 -80.354363
-102.409470 -72.387377 -80.491860
-82.361115 -46.771223 -72.480706
-82.723672 -46.888695 -71.902116
-82.914994 -46.590425 -72.121636
-82.690293 -46.269430 -72.847123
-82.315614 -46.396877 -73.094277
-56.532998 -13.244173 -59.619431
-56.839120 -13.302830 -58.972077
-57.077836 -13.003881 -59.227051
-56.900590 -12.784698 -60.009431
-56.565453 -12.933123 -60.254380
-36.994145 12.130205 -50.541928
-37.320077 12.057901 -49.912369
-37.544255 12.355314 -50.156136
-37.355336 12.607502 -50.929452
-37.001603 12.462461 -51.179684
-20.520200 33.802752 -45.082814
-20.890103 33.483534 -44.630048
-20.912276 33.732084 -44.803879
-20.553004 34.201101 -45.362324
-20.304381 34.242090 -45.537225
-26.834458 25.366785 -52.107850
-27.286368 25.108145 -51.610535
-27.430199 25.451117 -51.801133
-27.074887 25.928999 -52.417989
-26.681784 25.869455 -52.622292
-42.180257 5.395376 -67.228837
-42.620457 5.141905 -66.682587
-42.817963 5.530764 -66.905030
-42.457566 5.956917 -67.543565
-42.092046 5.883244 -67.731721
-57.521107 -14.490775 -85.019433
-57.951249 -14.688105 -84.581193
-58.088162 -14.383103 -84.737702
-57.802056 -13.945698 -85.320901
-57.382600 -14.035485 -85.537225
-64.876824 -23.802450 -90.515000
-64.394234 -23.022780 -89.813500
-65.121064 -23.746607 -90.395043
-64.301491 -22.602777 -90.251527
-64.111466 -22.642467 -90.347825
-49.464036 -4.064293 -76.075364
-49.856438 -4.216750 -75.508569
-50.050927 -3.891486 -75.725617
-49.786999 -3.533526 -76.428300
-49.400521 -3.644488 -76.657487
-34.310235 15.615862 -59.482896
-34.715573 15.437811 -58.922463
-34.910401 15.777756 -59.140225
-34.621438 16.156263 -59.826340
-34.238354 16.053255 -60.046891
-16.997788 38.377451 -49.646443
-17.429101 37.978815 -49.334035
-17.427268 38.257425 -49.453957
-16.992656 38.825190 -49.839528
-16.719907 38.896990 -49.960606
-22.169381 31.425356 -59.947312
-22.690367 31.081648 -59.594483
-22.805413 31.453890 -59.728623
-22.368109 32.044870 -60.169770
-21.941138 32.021101 -60.319108
-34.999413 14.720488 -82.066392
-35.515824 14.365129 -81.657288
-35.683602 14.798761 -81.824967
-35.233033 15.337324 -82.299927
-34.844373 15.298532 -82.437745
-49.727811 -2.838306 -107.101578
-49.342232 -2.191193 -106.062020
-49.993829 -2.797127 -107.007394
-49.196385 -1.701773 -106.416459
-48.991235 -1.731939 -106.495393
-42.475548 5.046566 -97.009202
-42.913445 4.845234 -96.607835
-43.048608 5.146608 -96.750703
-42.747548 5.610161 -97.284440
-42.311829 5.531645 -97.481965
-28.254494 23.480387 -70.414567
-28.740361 23.197317 -69.973893
-28.904095 23.578337 -70.145295
-28.516185 24.084791 -70.684357
-28.101769 24.023012 -70.857682
-14.822263 41.202669 -51.884919
-15.288377 40.758242 -51.715337
-15.273692 41.055044 -51.780652
-14.795476 41.677851 -51.989392
-14.510236 41.767313 -52.055108
-18.402400 36.317297 -62.937791
-18.963456 35.913599 -62.728730
-19.066964 36.314669 -62.809541
-18.573834 36.966814 -63.067490
-18.139600 36.966516 -63.154069
-27.691052 24.212343 -87.750733
-28.253720 23.843504 -87.512063
-28.380818 24.246881 -87.602769
-27.908959 24.883127 -87.902222
-27.448823 24.858389 -88.005921
-38.102128 10.719828 -107.557389
-38.546941 10.516331 -107.132355
-38.683106 10.819469 -107.284806
-38.376656 11.294476 -107.845582
-37.933629 11.211237 -108.057709
-44.153413 4.230759 -113.072762
-43.803132 4.840841 -112.297776
-44.416177 4.335693 -112.907639
-43.784116 5.207798 -112.885636
-43.582680 5.136467 -113.012238
-32.517575 17.943785 -98.339448
-33.033105 17.642675 -97.974221
-33.175336 18.015779 -98.111665
-32.767506 18.579172 -98.572945
-32.317338 18.528154 -98.731934
-22.837798 30.514799 -75.241517
-23.377724 30.164839 -74.935670
-23.518891 30.569639 -75.054261
-23.067366 31.163218 -75.429787
-22.628144 31.128790 -75.552125
-11.431054 45.607157 -52.009469
-11.888253 45.173120 -52.159070
-11.872914 45.472631 -52.101907
-11.401744 46.084040 -51.916981
-11.144201 46.142138 -51.859818
-11.189623 45.684511 -66.043305
-11.761755 45.255198 -66.170548
-11.864698 45.675570 -66.121835
-11.350673 46.340117 -65.964799
-10.929182 46.340891 -65.916138
-11.583922 45.137220 -91.881242
-12.157999 44.777308 -91.757920
-12.263684 45.150549 -91.802827
-11.793340 45.830580 -91.963197
-11.286669 45.816694 -92.021516
-16.284650 39.324144 -110.047791
-16.301621 39.437338 -109.303300
-16.548644 39.345873 -109.989701
-16.123393 39.956308 -109.516862
-15.922010 39.943743 -109.563905
-13.856747 42.255045 -102.954652
-14.329854 41.958696 -102.759949
-14.436145 42.287775 -102.832719
-14.049680 42.828596 -103.080643
-13.639163 42.804338 -103.168977
-11.027243 45.852816 -80.023545
-11.611497 45.454523 -79.995637
-11.731467 45.870905 -80.006242
-11.231371 46.540941 -80.040986
-10.762659 46.529684 -80.052018
-10.198797 47.207277 -50.782918
-10.653405 46.778078 -51.007436
-10.642627 47.068682 -50.921494
-10.179127 47.673536 -50.644158
-9.897387 47.757406 -50.557900
-8.764326 48.834696 -62.661332
-9.337320 48.421991 -62.796555
-9.432738 48.821062 -62.744965
-8.929459 49.496881 -62.576981
-8.479457 49.503313 -62.522279
-7.944965 49.878969 -84.758469
-8.508734 49.496531 -84.825135
-8.618294 49.890451 -84.790818
-8.138956 50.545671 -84.729508
-7.673261 50.537737 -84.702836
-8.633372 49.185793 -94.921113
-8.896566 49.027170 -93.948243
-8.992260 49.206621 -94.928422
-8.633217 49.745241 -93.921998
-8.366553 49.736658 -93.921494
-8.067860 49.696138 -73.533478
-8.653753 49.291056 -73.596543
-8.775160 49.713808 -73.575242
-8.269962 50.383654 -73.497269
-7.806620 50.372873 -73.469376
-1.487669 -31.705145 -60.027360
-1.881690 -64.916437 -34.221577
-2.416193 -65.383032 -44.762887
-2.413702 99.746660 -48.341138
-2.698621 107.644640 -47.415978
-2.878026 114.322954 -44.937711
-2.964483 118.725237 -42.427068
-1.916395 92.425203 -42.763242
-2.049583 97.828402 -40.427274
-2.229540 107.946024 -34.254342
-2.520625 117.694139 -31.338711
-2.961542 121.285570 -39.498139
-2.491819 116.422167 -31.952946
-3.011069 121.186708 -40.973954
-3.056593 124.124651 -38.966836
-2.980675 122.944658 -37.926427
0.412462 -48.496122 -2.162984
-1.761519 -59.254732 -2.596195
-3.199209 -59.131048 -1.054373
3.098972 -48.327124 -6.968708
-0.285206 -59.497141 -6.931822
5.554158 -48.554037 -14.592301
1.570673 -59.746805 -14.590854
4.727872 -48.550783 -19.280457
0.942365 -59.752180 -19.143454
1.022782 -48.906485 -23.868027
-1.506685 -59.328573 -22.742350
-4.454131 -70.889036 -0.673762
-5.513674 -70.713072 0.916086
-3.719673 -70.931349 -6.228801
-2.978282 -71.145460 -14.656296
-3.353839 -70.976160 -20.046160
-4.401049 -70.911337 -24.218343
-2.301198 -65.079741 -44.638718
-1.909465 -63.532415 -44.441140
-2.642093 -59.125006 -55.235852
-3.422054 -60.803198 -57.898888
7.416781 -35.093489 -19.970046
4.588116 -37.221752 -26.308045
8.758779 -34.591215 -14.814420
6.001155 -34.735619 -6.298556
2.261428 -35.675909 1.806594
-3.188274 -71.630629 22.678603
-3.717454 -73.463461 22.734082
-4.343860 -63.572641 35.069328
-3.535588 -62.703424 32.882682
-3.221631 -52.329618 -65.972665
-4.139829 -53.959845 -69.238023
10.131525 -21.209392 -22.576310
5.947655 -24.210362 -30.980128
11.882214 -20.459462 -15.877642
8.535883 -20.375956 -4.108851
3.669788 -20.524678 7.544373
-2.975499 -48.486677 41.085296
-2.860551 -44.283762 -67.346078
-3.577095 -44.572432 -69.335511
11.841831 -7.714103 -26.285546
4.871477 -11.337822 -34.957413
13.765204 -6.453830 -17.832469
9.993691 -6.308552 -2.976852
3.990511 -5.915945 12.524774
-2.642613 -39.949354 42.346931
6.365064 0.569786 -38.286031
12.547858 1.890913 -29.547538
14.399358 2.507099 -19.784501
10.454087 2.663437 -2.729671
4.420924 2.775831 12.167805
0.349324 -2.033406 18.987354
0.323847 -0.672853 21.968538
6.236509 10.621429 -41.406972
7.245830 20.587782 -44.564492
13.168438 11.357853 -32.760110
13.371609 20.553617 -35.471707
14.908880 11.641993 -21.993964
15.551600 21.093866 -23.843259
10.839775 11.728907 -2.898725
11.323550 21.346910 -3.209901
5.880084 12.672401 13.585439
6.713564 22.401709 14.663786
-8.178629 -59.017065 66.455627
-8.887153 -62.067266 67.416457
-8.143639 -57.456923 67.474639
8.167035 30.630945 -47.362183
8.953362 38.973520 -49.184689
14.544058 30.315889 -37.885251
14.901400 39.058073 -39.092034
16.233053 30.722574 -25.542832
16.840095 39.048273 -26.510369
11.817909 30.804808 -3.644815
12.256270 38.834612 -4.198331
6.857946 31.448301 15.136304
6.627318 39.385622 15.038541
-4.170276 -13.672447 85.219344
-4.130616 -12.579850 86.024108
8.691724 49.544222 -50.925359
6.786862 67.206682 -52.962956
15.481663 48.285067 -40.428242
16.035777 58.231401 -42.556050
17.546674 47.298613 -27.274056
19.070468 54.650515 -28.652219
12.857232 45.712358 -4.887528
15.359715 54.907167 -9.170534
5.593266 49.199457 16.547065
5.728340 62.343920 15.573701
-3.395339 32.018328 71.983993
-3.338623 34.085535 72.604644
4.852202 74.413752 -53.331414
9.809958 68.419672 -51.562482
17.851333 61.681719 -43.455968
15.301280 72.186716 -45.538556
21.025054 58.804430 -29.646458
19.553548 70.680429 -35.919751
13.826831 68.667803 -19.458554
16.746412 69.872385 -28.550927
5.317131 70.207056 7.424506
11.771217 68.935778 -8.463671
-2.388696 63.993364 77.173995
-2.329561 65.591524 77.295867
5.468811 84.497736 -53.298909
14.176732 83.903536 -48.320344
17.144166 82.701693 -40.471478
11.158162 82.360620 -26.564166
13.349296 82.268702 -33.399773
8.126907 82.486780 0.228152
11.585083 84.073862 -14.076246
0.267770 74.807795 8.600674
2.868835 83.307344 2.454126
0.121469 82.479189 2.735585
4.966089 93.227266 -52.804612
-2.370209 93.263735 -54.351868
12.814324 93.071802 -48.921269
15.420115 92.578531 -42.472657
10.013911 92.126940 -31.278901
12.083292 92.038431 -36.979031
10.334544 90.268488 -12.886394
8.428500 91.236444 -5.810795
6.953882 95.939211 -9.198807
9.569453 94.462442 -15.934215
3.850570 91.375498 -3.886148
2.940160 95.956797 -7.077502
-0.159473 87.272280 -0.956953
-6.282161 -80.632040 6.138211
-7.053333 -80.647535 8.472965
-6.016819 -80.627111 -2.756236
-6.011926 -80.651876 -14.547940
-5.972031 -80.581152 -24.107783
-6.662683 -80.612761 -30.008727
-7.465581 -80.648672 -31.752757
-6.340800 -91.828436 14.493186
-6.139144 -91.711889 2.604545
-6.174412 -91.681471 -12.836953
-6.435208 -91.744200 -27.189738
-6.841081 -91.993475 -37.708340
-5.900863 -102.872633 20.914344
-6.201291 -102.885763 24.297122
-5.777659 -102.999662 6.429538
-5.858422 -103.056974 -12.045819
-6.042964 -103.276976 -28.247334
-6.186371 -104.028448 -41.162766
-2.827999 -109.651365 21.722116
-3.371689 -109.190336 25.302593
-1.228005 -112.045897 6.860838
-0.936077 -112.721998 -11.558995
-1.405489 -112.403425 -26.734843
-2.170407 -111.754957 -38.766267
-2.473164 -111.770903 -41.838380
5.028663 -114.797194 16.246074
8.999221 -118.252775 4.487467
9.910667 -119.235914 -10.654677
7.949843 -117.854887 -23.055081
5.700828 -116.162962 -30.498584
11.371833 -120.660170 -10.496778
10.246612 -119.484709 4.226856
9.001876 -118.899473 -22.561097
1.477497 -8.402229 15.753120
1.368796 -20.834857 12.073938
0.474222 -36.208023 5.626411
-0.311064 -47.888834 0.647709
1.020607 -10.338117 19.969581
0.940031 -23.057171 16.208270
0.015267 -39.580149 9.210635
-1.362464 -54.974752 3.131101
1.128977 -19.146106 28.513553
0.241337 -31.051837 23.576762
-0.666482 -48.752611 14.914190
-1.092635 -64.378344 7.527105
-1.659277 -67.792364 5.847903
-0.754290 -31.125414 37.528686
-1.403284 -29.153025 38.521507
-1.344790 -41.255783 33.737754
-2.070311 -57.895479 24.222686
-1.848294 -70.538889 14.581849
-2.871336 -73.585600 13.017675
1.312818 -48.427008 -26.268025
1.366402 -38.898865 -29.649565
1.864477 -25.969051 -34.793759
2.805697 -15.564062 -39.005006
0.690375 -54.856833 -29.399140
-0.426342 -57.806723 -28.117177
0.239827 -44.906593 -36.117219
0.494660 -32.188654 -43.017411
1.638142 -22.045079 -46.827061
1.016063 -20.346619 -48.562558
0.832019 -20.408988 -48.916581
-0.673393 -61.780012 -35.788949
-0.993616 -64.554411 -34.007478
-1.024857 -52.791674 -44.808053
-1.155660 -43.244553 -53.712098
-0.717447 -33.508364 -58.172539
-1.321538 -31.732416 -59.798325
-3.799963 -44.516739 -69.639825
1.766150 106.133600 -38.490754
1.303699 109.260813 -35.951707
-2.157281 104.614466 -35.864827
-2.105046 101.148447 -38.361691
-2.639927 100.858538 -53.343560
4.238244 101.116549 -52.060727
3.813370 108.254763 -49.473870
11.373328 102.181688 -48.803406
9.112050 108.298700 -47.362870
4.646098 100.915262 -48.519624
3.739775 107.925402 -47.548081
3.523495 114.790499 -46.742951
8.241268 114.653093 -44.652970
3.100969 114.501253 -45.009156
2.936305 119.497438 -44.018357
6.282205 118.808962 -42.072671
1.880555 118.762499 -42.508538
1.450451 122.432802 -41.307690
-3.112720 123.242785 -41.493394
2.893449 121.291643 -40.102959
0.380112 120.842470 -41.300305
14.242669 101.135355 -42.976926
13.295329 107.555796 -41.276620
10.961749 107.773684 -44.830739
11.511440 100.310358 -38.571877
9.440702 99.741358 -33.567620
8.927970 106.991480 -34.260136
11.380775 107.256289 -37.893597
8.036903 98.998308 -18.615010
6.046351 99.347200 -12.377329
3.911518 102.388628 -17.503247
5.892552 102.547029 -21.371743
2.538307 99.289820 -10.550605
1.926013 102.092760 -15.454331
11.609561 113.391573 -38.414780
9.457353 113.338198 -41.585374
8.457384 113.494600 -33.745244
10.490617 113.322161 -35.936639
5.848707 106.022310 -27.006938
2.162004 106.034960 -21.287202
3.337973 113.156649 -25.862197
6.216998 114.063494 -30.189597
-2.051624 112.660906 -23.994654
8.096942 117.222231 -36.011937
7.695893 116.375795 -38.845261
6.147566 117.668245 -33.259129
3.037268 117.665941 -30.648427
-1.890382 17.500753 84.643478
-2.007017 15.589952 84.209625
-5.185939 -34.342281 76.911041
-5.257031 -35.744181 76.292205
-6.818636 -66.409468 59.228660
-6.340094 -62.853235 59.078079
-6.336350 -63.479799 58.134124
1.514131 53.380053 21.065379
1.604526 60.388926 21.134420
0.647167 62.016481 21.690027
0.782043 54.869745 30.289314
0.865037 59.716471 30.516200
0.369548 61.103991 30.833061
-0.607360 49.726427 41.715549
-0.123281 50.972292 42.405940
0.161466 55.382235 44.071895
-0.348829 56.522608 44.498664
-1.879691 40.638884 58.422836
-1.838577 43.594088 59.910209
-2.359567 44.684507 60.628623
1.580957 64.974878 19.378894
1.584638 73.151255 16.480361
0.518099 66.574022 26.159316
0.993419 68.003794 25.213359
0.470070 84.679575 46.092094
0.431309 83.966051 46.624694
1.160873 74.051523 22.666938
0.668187 70.831255 37.524955
0.750050 74.648478 37.140411
-0.184788 71.263391 54.282298
-0.129829 74.396029 54.536445
-1.731075 65.136065 70.101516
-1.658847 67.941240 70.787811
0.901504 -1.835892 16.097379
3.114967 45.267275 22.394611
3.250195 39.060854 21.500779
3.229482 30.784437 21.212651
2.564094 21.350817 20.316354
1.913682 11.726374 19.032569
1.367065 3.189032 17.254648
2.584629 43.520559 29.212737
2.652301 36.021448 28.576394
1.911048 25.148310 27.686429
1.150048 14.027370 26.801185
0.631984 5.210434 24.371740
2.013094 34.828123 31.388942
1.551191 34.398432 38.979228
1.985908 35.547758 39.279346
2.213680 39.548220 40.713996
1.879828 40.874140 41.366367
0.545925 28.439913 55.826301
0.726741 31.696005 56.949355
-1.064631 19.877939 73.518974
-0.890928 22.983328 74.508720
1.211117 22.972399 30.557214
1.252020 23.105589 36.355659
1.470957 27.241060 37.957221
-0.220566 13.684103 50.402683
-0.114899 16.119356 51.897777
-2.494086 -2.310574 70.462798
-2.462826 -0.683002 72.118514
0.544833 13.641315 36.868858
0.268498 9.316040 36.015735
-1.049911 0.496616 48.406245
-1.104833 -1.176140 46.973563
-3.137522 -16.989016 63.177207
-3.505260 -16.407270 63.961631
-3.219245 -18.742480 62.164523
-3.624729 -19.841000 61.729095
-0.553552 -1.926736 30.221069
-0.186054 -0.884325 30.873752
-0.142877 1.460533 33.381706
-1.905292 -16.894925 41.034919
-1.929920 -15.658793 43.255245
-4.683562 -40.672235 54.095695
-4.340352 -40.003042 54.761756
-4.320466 -38.669764 56.368079
-4.686317 -38.290947 57.153327
-0.457477 -4.924788 28.999465
-0.731708 -4.705485 29.858728
-0.490182 -6.506640 27.382552
-1.777152 -18.009648 35.512409
-2.027937 -17.672266 36.331290
-1.767680 -18.986713 33.998954
-1.989166 -19.524971 33.308700
-4.206425 -42.228863 47.728702
-4.183887 -43.144423 46.226028
-4.415735 -43.733868 45.512973
1.290048 77.126657 19.620326
1.215448 76.333132 21.281005
1.016643 77.966562 21.111614
0.986936 76.860575 21.917005
0.532812 76.250292 22.384902
0.968371 80.787249 26.759132
0.545663 81.460924 26.326507
0.932611 79.616083 27.420856
0.875670 83.871645 37.131591
0.817192 82.689295 37.694717
0.602926 111.711946 -34.296773
-0.230683 113.491777 -33.486890
-2.389955 112.635164 -33.356042
8.514455 99.577547 -24.613894
9.962531 93.310244 -21.712502
4.357542 89.155733 0.570251
5.037044 90.532824 -1.383836
7.578944 90.572824 -1.934019
7.946249 89.060999 -0.213224
-0.684029 94.584459 -6.391024
1.736631 88.318956 -1.923509
-1.028206 99.052164 -10.909645
9.553125 87.145479 -4.265255
7.256665 86.747789 1.180155
4.934165 86.883791 1.729808
7.405998 103.224550 -48.393555
6.586226 108.015871 -46.918107
6.846971 107.429186 -45.259633
5.752487 112.933687 -42.001939
4.849283 116.280291 -38.712052
4.283150 117.681673 -35.702653
3.213356 118.127520 -33.877198
1.332367 118.116320 -32.442704
4.050138 118.378496 -41.877518
1.382459 120.668657 -40.536603
5.745522 114.364397 -44.284257
4.930672 105.344751 -44.435952
4.027680 110.912157 -41.229630
3.367861 114.105898 -38.289086
2.830610 115.742083 -35.528886
1.973883 116.500643 -33.902432
0.493420 116.684313 -32.763615
2.973476 97.041559 -43.260617
2.903881 94.087374 -46.421395
2.226420 102.816492 -40.683087
0.633883 122.706316 -38.919846
-0.047843 123.376329 -39.533723
-2.951224 121.702211 -38.752621
9.430257 93.858194 -8.043652
8.573097 96.096605 -8.679106
8.825795 96.162149 -8.601430
9.002545 96.068682 -8.591772
9.190072 95.906359 -8.590084
9.386401 95.661142 -8.587431
9.582914 95.328058 -8.574961
9.771288 94.937738 -8.562832
9.944465 94.505106 -8.551634
10.095878 94.046717 -8.541880
10.219745 93.580103 -8.533971
10.311317 93.123087 -8.528178
10.367048 92.693132 -8.524648
10.384688 92.306604 -8.523379
10.354329 91.994043 -8.515391
10.286047 91.755678 -8.509405
10.189210 91.580523 -8.513950
9.942580 91.494463 -8.591098
8.122777 98.029245 -10.061489
8.489887 98.079531 -9.992298
8.807169 97.922892 -9.991674
9.148094 97.593454 -9.969840
9.499652 97.107164 -9.928221
9.850091 96.511690 -9.904580
10.186432 95.814043 -9.881949
10.495836 95.040766 -9.861385
10.766441 94.221422 -9.843771
10.987876 93.387369 -9.829811
11.151670 92.570559 -9.820010
11.251598 91.802217 -9.814649
11.283878 91.111643 -9.813733
11.255725 90.511164 -9.834604
11.150533 90.048456 -9.841314
10.970477 89.743944 -9.833145
10.636342 89.582911 -9.900206
7.905541 99.337687 -12.106098
8.346133 99.397814 -12.074795
8.760572 99.169130 -12.047105
9.203059 98.730715 -11.992623
9.661624 98.115984 -11.960554
10.119323 97.338358 -11.928753
10.558730 96.427172 -11.898649
10.962962 95.417124 -11.871506
11.316477 94.346819 -11.848409
11.605706 93.257311 -11.830262
11.819587 92.190325 -11.817744
11.950004 91.186731 -11.811286
11.992110 90.284845 -11.811018
11.944473 89.518747 -11.816716
11.814155 88.908182 -11.851171
11.592396 88.489389 -11.866508
11.190950 88.297739 -11.895303
7.958423 99.803812 -14.500386
8.426225 99.854342 -14.464153
8.873351 99.606501 -14.430652
9.352127 99.141893 -14.395540
9.848338 98.476648 -14.359860
10.343718 97.635126 -14.324915
10.819328 96.648958 -14.292052
11.256862 95.555750 -14.262534
11.639496 94.397333 -14.237492
11.952529 93.218119 -14.217897
12.183989 92.063280 -14.204489
12.325101 90.977076 -14.197780
12.370637 90.000986 -14.198018
12.319114 89.171923 -14.205164
12.172536 88.520266 -14.218954
11.933944 88.067354 -14.239074
11.514995 87.852671 -14.272180
8.273218 99.355974 -16.877988
8.713374 99.416056 -16.840974
9.127294 99.187357 -16.806601
9.573159 98.749132 -16.796002
10.031583 98.134409 -16.762128
10.489211 97.356768 -16.729371
10.928579 96.445589 -16.698750
11.332790 95.435534 -16.671349
11.686299 94.365229 -16.648175
11.975534 93.275721 -16.630105
12.189435 92.208727 -16.617848
12.319890 91.205141 -16.611903
12.362069 90.303263 -16.612590
12.314571 89.537180 -16.620095
12.180879 88.926416 -16.610667
11.959642 88.507631 -16.632685
11.558628 88.316011 -16.667193
8.801863 98.063036 -18.875111
9.175188 98.113626 -18.886857
9.488933 97.956797 -18.840073
9.829374 97.627352 -18.811934
10.183444 97.141199 -18.802922
10.533719 96.545725 -18.777137
10.869968 95.848078 -18.753297
11.179324 95.074778 -18.732110
11.449912 94.255442 -18.714307
11.671361 93.421396 -18.700539
11.835208 92.604578 -18.691357
11.935228 91.836245 -18.687205
11.967670 91.145678 -18.688428
11.937017 90.545069 -18.676699
11.832315 90.082369 -18.689711
11.655832 89.778040 -18.727698
11.315434 89.616709 -18.713835
9.459703 96.140749 -20.187031
9.721307 96.206690 -20.224438
9.897529 96.113222 -20.207631
10.083190 95.950792 -20.181786
10.277770 95.705500 -20.156209
10.474067 95.372416 -20.140971
10.662310 94.982103 -20.127078
10.835416 94.549463 -20.114907
10.986804 94.091059 -20.104846
11.110694 93.624445 -20.097249
11.202340 93.167437 -20.092423
11.258209 92.737474 -20.090655
11.276065 92.350954 -20.092160
11.247493 92.038477 -20.107089
11.181063 91.800219 -20.125260
11.084806 91.625093 -20.136950
10.829318 91.538645 -20.099015
10.405477 93.906702 -20.700583
8.446384 93.553232 -8.679296
7.850888 95.668108 -9.154409
9.108686 91.441622 -9.073740
9.744212 89.635714 -10.294931
10.248603 88.435587 -12.155624
10.542465 88.025812 -14.346454
10.587436 88.452471 -16.553252
10.373329 89.667025 -18.460053
9.931308 91.482538 -19.750405
9.336010 93.597513 -20.225505
8.673539 95.709063 -19.831073
8.037856 97.514910 -18.609896
7.533382 98.714998 -16.749211
7.239490 99.124788 -14.558382
7.194546 98.698130 -12.351579
7.408728 97.483599 -10.444773
7.349437 93.207880 -9.669969
6.844558 95.001894 -10.075186
7.911483 91.416704 -10.006719
8.445131 89.901079 -11.034168
8.869139 88.891703 -12.595896
9.118953 88.542284 -14.454140
9.156545 88.906008 -16.326010
8.976188 89.927492 -17.926518
8.605344 91.451227 -19.012011
8.100467 93.245241 -19.417224
7.538419 95.036409 -19.080476
7.004769 96.552057 -18.053027
6.580761 97.561411 -16.491299
6.330945 97.910814 -14.633054
6.293355 97.547106 -12.761183
6.473711 96.525644 -11.160676
8.326819 43.743864 -56.636033
6.003184 31.619902 -52.485749
4.851285 36.324167 -49.571000
6.220050 46.919714 -50.255322
5.629347 46.918337 -50.553128
3.869774 36.324167 -50.065549
5.374110 31.658472 -52.784093
2.684371 19.443392 -47.277615
2.221975 19.471758 -47.498166
2.298587 25.148630 -46.495534
2.916940 25.148813 -46.184041
7.186109 23.811209 -56.265443
2.487945 10.058323 -48.674767
6.770261 23.836699 -56.462659
10.670957 37.345766 -62.402585
8.720114 15.463362 -60.615910
3.720974 2.430435 -52.261681
8.332056 15.485357 -60.798657
13.314760 30.229692 -68.897004
10.063570 4.960884 -64.805604
4.841807 -6.336175 -55.758282
9.674892 4.982830 -64.988282
15.175178 18.418966 -74.346474
11.046701 -6.125943 -68.311051
6.187942 -13.940270 -59.579625
10.658088 -6.102318 -68.495110
15.643755 2.698679 -77.366692
11.891174 -16.806257 -71.542115
8.475483 -22.004412 -65.445092
11.556607 -16.785753 -71.700783
15.124791 -11.248093 -78.075379
12.469709 -24.309631 -74.165307
10.336269 -25.356820 -69.802438
14.248050 -19.529462 -77.297692
13.674488 39.959917 -10.883574
11.132499 43.098799 -9.756669
9.995372 46.556185 -15.125822
13.053165 43.361856 -16.163155
10.605346 42.706301 -9.762634
8.557834 45.393614 -15.119264
8.034339 46.069410 -45.790635
7.588187 46.683813 -51.128152
8.122615 47.081133 -51.131371
9.463916 47.204542 -45.798291
12.943549 39.404360 -10.882293
11.026538 41.730253 -16.166545
10.888479 46.056108 -46.451958
9.575206 45.371264 -52.111024
12.116071 44.525789 -46.597108
11.260231 43.145006 -52.269463
13.426076 42.901972 -46.247136
13.205886 40.576960 -51.549798
15.133751 40.781218 -44.883370
15.544067 37.490656 -49.353097
17.286845 38.110422 -42.475590
18.601436 33.455027 -45.311501
18.638980 36.433538 -39.588029
20.434425 31.034052 -41.550378
19.266719 35.650663 -36.141915
22.329818 28.531820 -36.977517
20.279540 34.398317 -32.682061
23.179950 27.409197 -32.444543
20.696189 33.879465 -28.804883
23.259792 27.303679 -27.543229
20.461610 34.171267 -25.200576
22.931525 27.737589 -23.288529
19.610797 35.227331 -22.276179
21.911468 29.083715 -19.280810
18.166293 37.018290 -20.044968
20.174125 31.378901 -15.656468
15.945470 39.774153 -17.845988
17.027740 35.531855 -12.900891
16.291881 34.984873 -12.901833
13.921124 38.139441 -17.842843
19.410350 30.795076 -15.659280
16.134815 35.381060 -20.045007
20.977161 28.375410 -19.280560
17.551593 33.567820 -22.276288
22.166866 27.158567 -23.288340
18.429542 32.533564 -25.200677
22.530563 26.751276 -27.543227
18.670427 32.246717 -28.804883
22.450565 26.856668 -32.444543
18.254157 32.761648 -32.681996
21.599025 27.980272 -36.977174
17.243257 34.019762 -36.141915
19.706077 30.479792 -41.555672
16.611421 34.799437 -39.587910
17.872070 32.898905 -45.308228
15.260116 36.476877 -42.475594
14.812648 36.937845 -49.351792
13.109432 39.146467 -44.886418
12.474938 40.024157 -51.548341
11.397897 41.267275 -46.247155
10.530175 42.591967 -52.269456
10.102184 42.876497 -46.596829
8.848228 44.810019 -52.109162
8.857469 44.416750 -46.464268
9.703097 44.060354 -22.688203
8.127790 46.561041 -21.972920
11.653890 41.786631 -23.790389
13.079511 40.123682 -25.194031
14.015445 39.031801 -26.525594
14.599806 38.350122 -28.400016
14.747895 38.177362 -30.752339
14.436400 38.540670 -33.249181
13.739995 39.353479 -35.460988
13.422476 39.723364 -37.661820
12.540811 40.751940 -39.534585
11.162514 42.359880 -41.003403
10.057962 43.648310 -41.830682
9.201131 44.647924 -42.055733
8.368152 45.614809 -41.966153
7.971222 46.746469 -41.562134
9.574405 48.120554 -41.562035
10.633199 47.553888 -41.970437
11.460218 46.584551 -42.055733
12.317148 45.585032 -41.830674
13.423803 44.294024 -41.006356
14.800121 42.688765 -39.534585
15.684358 41.657373 -37.663148
15.998922 41.289976 -35.460999
16.698091 40.474810 -33.249097
17.007221 40.114191 -30.752339
16.859126 40.286951 -28.400014
16.274757 40.968622 -26.525594
15.338694 42.060385 -25.194031
13.913123 43.723383 -23.790391
11.962944 46.000124 -22.691708
9.733505 47.937853 -21.972947
6.769421 48.017527 -28.024155
6.101031 49.503160 -27.611115
7.872869 46.810587 -28.647023
8.650113 45.957796 -29.391320
9.189928 45.365427 -30.153077
9.514248 45.009657 -31.173604
9.596627 44.919298 -32.449433
9.416917 45.116385 -33.804017
9.053729 45.515379 -35.022565
8.848956 45.739614 -36.217313
8.358878 46.277384 -37.243615
7.614081 47.094835 -38.040597
6.984996 47.785021 -38.505326
6.502548 48.314692 -38.647256
6.040266 48.820208 -38.607995
6.008155 49.599627 -38.401734
7.611995 51.061632 -38.401704
8.385077 50.957651 -38.608002
8.845767 50.450724 -38.647256
9.328641 49.921442 -38.505334
9.957805 49.231325 -38.040597
10.703017 48.414248 -37.243607
11.193248 47.876619 -36.217309
11.397618 47.652021 -35.022565
11.761383 47.253553 -33.804024
11.941048 47.056421 -32.449433
11.858676 47.146784 -31.173600
11.534366 47.502565 -30.153077
10.994359 48.094759 -29.391328
10.216954 48.947405 -28.647023
9.117000 50.157518 -28.024171
7.699463 50.960176 -27.611214
9.117316 44.988661 -65.683236
6.881671 48.005388 -63.200799
12.507468 40.513502 -65.738808
16.394550 35.382540 -63.283219
12.723754 40.685602 -65.739571
16.613952 35.549898 -63.281510
9.341254 45.151064 -65.680978
7.039144 48.124498 -63.200799
16.399062 35.427977 -1.250611
18.191947 32.991304 -3.924410
16.570403 35.555933 -1.248930
18.430831 33.169878 -3.922885
22.691642 27.541315 -6.994203
27.038398 21.803209 -10.241297
28.502570 19.869589 -15.360661
30.210376 17.615591 -21.379390
30.560516 17.152971 -27.229909
30.994766 16.579863 -33.919022
30.591827 17.117563 -39.911523
27.135173 21.713316 -46.394212
24.562801 25.107569 -52.721940
20.227744 30.787142 -60.165063
24.291396 24.907049 -52.721528
20.001846 30.612776 -60.165383
26.866493 21.506212 -46.389184
30.351676 16.938059 -39.916444
30.761375 16.403063 -33.919038
30.326206 16.977625 -27.229970
29.964267 17.429178 -21.379382
28.195537 19.637007 -15.360661
26.792732 21.615152 -10.240564
22.457698 27.364100 -6.994204
9.288104 44.993479 -75.905953
6.937009 48.096926 -70.628426
14.647186 37.919046 -75.554589
19.522491 31.483194 -72.573380
25.381774 23.748659 -71.625359
31.359596 15.529181 -60.089120
35.164104 10.489527 -51.121903
38.909850 5.700125 -42.717202
39.424171 5.046919 -34.815819
38.904769 5.732513 -26.688138
38.227424 6.615023 -19.107487
36.192786 9.242033 -11.346292
34.546077 11.474791 -4.125005
29.484168 18.171793 0.649045
24.494315 24.778330 5.239930
21.934776 28.200773 9.349221
22.029926 28.271791 9.343894
24.628555 24.884855 5.241747
29.639541 18.289377 0.649079
34.709823 11.599007 -4.123053
36.386108 9.386591 -11.345864
38.390960 6.739763 -19.103940
39.062087 5.853968 -26.688599
39.582725 5.166620 -34.819009
39.094604 5.836708 -42.715417
35.495780 10.742809 -51.123673
31.674461 15.769997 -60.085809
37.709758 7.474829 -65.383050
32.511119 14.337502 -71.523751
44.971938 -2.111718 -56.683884
48.170455 -6.655365 -44.798058
48.772674 -7.487988 -35.215386
48.278884 -6.836099 -25.810464
47.419601 -5.703466 -16.078910
45.117545 -2.672488 -7.063910
42.680915 0.551992 2.213771
36.793708 8.368015 9.643844
30.541206 16.937983 16.924152
25.129974 24.081263 16.147075
37.100169 8.595682 9.641435
43.025359 0.816591 2.216269
45.466560 -2.406114 -7.064381
47.765792 -5.441233 -16.078910
48.625724 -6.576496 -25.810307
49.118049 -7.226377 -35.215256
48.482108 -6.424557 -44.797929
55.156089 -15.555759 -45.710969
51.624015 -10.893352 -52.710435
56.339179 -17.117729 -35.628083
56.149184 -16.866821 -25.108533
55.354255 -15.817527 -13.259824
52.746703 -12.375297 -3.025166
49.643317 -8.278550 8.116132
43.121360 0.331030 16.899421
37.641242 7.565233 20.133102
10.625106 42.959444 -52.350579
11.098697 42.499025 -52.288460
12.779006 40.233835 -65.582223
12.205810 40.634378 -65.673897
11.080550 42.798536 -52.312226
12.867652 40.610567 -65.615121
10.595817 43.445803 -52.389336
12.379485 41.305506 -65.735940
10.303130 43.542925 -52.414002
11.904544 41.314425 -65.782220
15.513096 36.576918 -78.507195
14.951545 36.966932 -78.721963
15.649529 36.997255 -78.590920
15.170303 37.631540 -78.853142
14.725971 37.613779 -78.937402
17.687064 33.355833 -89.717385
18.260680 32.979845 -89.545007
22.365432 27.573526 -100.532876
21.851112 27.887583 -100.775933
18.378867 33.371271 -89.607705
22.484748 27.924559 -100.620904
17.905799 34.044195 -89.832711
22.078334 28.517649 -100.939950
17.417701 34.029154 -89.916680
21.621104 28.482996 -101.065499
26.275802 22.439882 -108.086098
26.430835 22.057611 -109.012948
26.748576 22.089937 -108.927270
26.076396 23.051805 -108.396836
25.835880 23.035601 -108.462838
11.265602 42.113535 -9.559679
11.081603 42.520693 -9.044676
16.084129 35.862192 -0.870859
16.196079 35.366411 -1.372167
11.310233 42.496553 -9.230821
16.432212 35.910868 -1.057136
11.629920 42.080065 -9.851755
16.803634 35.460459 -1.685924
11.593967 41.839205 -10.052653
16.634097 35.078863 -1.899876
68.180267 -32.995466 127.613136
68.466598 -33.258821 128.492400
68.308044 -32.767849 127.735389
68.433486 -32.935045 127.491325
68.643966 -33.491541 128.160064
21.357856 28.890116 10.223691
21.487090 28.339312 9.820256
21.738548 28.937227 10.073097
22.158668 28.428385 9.560802
21.981670 28.006750 9.385273
26.188766 22.133043 22.953571
26.056667 22.659876 23.431255
31.341808 15.657633 38.630271
31.530128 15.082008 38.222755
26.462054 22.722651 23.246616
31.790340 15.708109 38.467170
26.832080 22.236994 22.660159
32.181819 15.156338 37.983161
26.660217 21.859503 22.474147
32.033115 14.790663 37.838142
38.594505 5.756231 55.536048
38.454196 6.278755 56.038306
46.210990 -3.950468 73.369804
46.347579 -4.462384 72.896888
38.875324 6.347387 55.840690
46.614997 -3.887268 73.184425
39.228400 5.862844 55.234145
46.968597 -4.362392 72.610648
39.059985 5.503313 55.046920
46.803794 -4.721956 72.430259
53.890075 -14.326219 89.454948
53.822959 -13.932863 89.856559
60.305602 -22.481098 106.644141
60.363014 -22.816924 106.279983
54.107414 -13.880128 89.707008
60.556220 -22.431347 106.505821
54.403617 -14.229663 89.196769
60.803474 -22.729286 106.048560
54.249641 -14.550748 89.024162
60.671363 -23.000718 105.898063
64.944518 -28.640996 120.422729
65.045135 -28.971234 120.086105
65.236488 -28.597730 120.297378
65.434684 -28.895547 119.880981
65.323791 -29.094528 119.741576
12.834869 40.041880 -11.142629
12.724391 40.349272 -10.544615
17.767883 33.608759 -3.522261
17.827461 33.212706 -4.134992
12.927807 40.364443 -10.765497
18.119720 33.704470 -3.759066
13.150615 40.069239 -11.489823
18.374740 33.365358 -4.504503
13.087768 39.870295 -11.719947
18.190749 33.055155 -4.740767
97.964004 -72.311949 110.222099
98.471206 -72.868361 111.242103
98.107925 -72.108931 110.361221
98.197234 -72.225355 110.078506
98.595954 -73.035299 110.857314
24.256931 25.060831 5.462121
24.323770 24.594713 4.949315
24.616084 25.140280 5.270285
24.953105 24.737932 4.620308
24.749206 24.355364 4.398189
30.719589 16.151945 15.945208
30.662311 16.579996 16.525874
37.908149 6.987661 29.303886
38.033061 6.497458 28.775689
31.038394 16.681463 16.300411
38.333236 7.072285 29.092296
31.317313 16.316072 15.589504
38.645812 6.621777 28.466911
31.116508 15.976786 15.363219
38.475406 6.288240 28.281276
47.709426 -6.276261 43.071563
47.628013 -5.854836 43.692939
59.667449 -21.691740 58.549239
59.711738 -22.104278 57.992461
48.044166 -5.738855 43.441016
60.017341 -21.596507 58.337173
48.286132 -6.111200 42.711822
60.297935 -21.941468 57.642570
48.100707 -6.408839 42.499221
60.092063 -22.286169 57.410774
71.576537 -37.673985 73.469657
71.545440 -37.358145 73.963386
83.395522 -52.970411 89.483512
83.405921 -53.235540 89.055640
71.841140 -37.267645 73.770950
83.635925 -52.892073 89.320564
72.037017 -37.530283 73.169181
83.808067 -53.103388 88.787521
71.872909 -37.785021 72.979865
83.655631 -53.334993 88.612556
92.513847 -64.997187 102.222259
92.520507 -65.241449 101.831390
92.736282 -64.928663 102.078017
92.898544 -65.120714 101.588783
92.750747 -65.339373 101.420142
16.150146 35.665495 -13.117150
16.103179 35.890955 -12.492577
22.214713 27.759287 -6.704080
22.200317 27.440378 -7.345543
16.285781 35.929110 -12.731824
22.523704 27.876604 -6.947987
16.442840 35.725691 -13.503476
22.721793 27.640238 -7.748167
16.353858 35.556578 -13.744950
22.503379 27.341951 -8.012760
93.264655 -66.109320 73.532966
93.726409 -66.601759 74.404365
93.423522 -65.924032 73.684753
93.486999 -66.007040 73.380851
93.818160 -66.724096 73.990745
29.233058 18.465025 1.033340
29.272369 18.062071 0.443744
29.603534 18.576937 0.804123
29.858474 18.241816 0.083078
29.649310 17.913698 -0.147263
36.936706 7.944815 9.223597
36.937946 8.300135 9.849832
45.644828 -3.217368 20.174968
45.712272 -3.639694 19.589278
37.287845 8.427977 9.608564
46.039893 -3.107439 19.941844
37.503043 8.154648 8.836361
46.298171 -3.473887 19.241420
37.276954 7.838562 8.586541
46.104575 -3.790956 19.028093
56.261215 -17.565448 30.907535
56.263038 -17.223115 31.556102
66.389327 -30.581866 41.938873
66.393867 -30.925393 41.321975
56.622169 -17.085718 31.302165
66.737098 -30.454657 41.698409
56.817497 -17.350654 30.515191
66.940208 -30.722376 40.945449
56.594352 -17.651150 30.267867
66.723296 -31.023266 40.704719
75.632842 -43.028948 50.901099
75.661651 -42.774511 51.415588
83.163497 -52.663572 60.117065
83.133476 -52.875875 59.661872
75.920608 -42.665897 51.220626
83.388046 -52.565302 59.943801
76.073150 -42.844545 50.576713
83.510803 -52.710989 59.376510
75.880615 -43.093428 50.363342
83.343093 -52.921896 59.190566
88.986800 -60.346563 67.789359
88.971282 -60.555334 67.382774
89.207977 -60.267218 67.641479
89.320144 -60.402609 67.121459
89.155837 -60.585997 66.937568
19.671497 31.017298 -15.542756
19.689918 31.155134 -14.891267
27.048698 21.363981 -9.466808
26.975482 21.137121 -10.151498
19.848434 31.227308 -15.141164
27.345203 21.521292 -9.731617
19.921985 31.130960 -15.944558
27.448367 21.390574 -10.572534
19.809036 30.997217 -16.195044
27.211635 21.141237 -10.842089
110.896087 -89.383871 66.994605
111.453033 -90.004309 67.961631
111.048110 -89.190619 67.138557
111.120322 -89.284712 66.844466
111.550964 -90.135534 67.558692
34.935432 10.940561 -3.480903
34.910136 10.619741 -4.116700
35.278568 11.082920 -3.726828
35.458392 10.851984 -4.508772
35.222011 10.553892 -4.761046
43.338180 -0.505683 2.674465
43.409812 -0.241872 3.340248
52.867553 -12.742744 11.503843
52.863990 -13.080700 10.869809
43.731277 -0.079010 3.083995
53.227241 -12.602451 11.254253
43.863387 -0.240667 2.262821
53.416602 -12.863542 10.487934
43.609847 -0.522500 1.996340
53.193496 -13.158563 10.247989
64.459106 -28.387334 20.339244
64.525665 -28.135240 21.027999
77.012161 -44.585884 30.664130
76.937095 -44.843451 30.025478
64.863723 -27.961573 20.757068
77.314651 -44.432413 30.421714
64.970382 -28.117250 19.924899
77.451232 -44.583233 29.622401
64.724410 -28.378160 19.667087
77.196594 -44.867907 29.354274
87.795448 -59.084738 39.577720
87.870216 -58.886122 40.105972
96.550636 -70.329664 49.187438
96.539764 -70.573336 48.756194
88.107970 -58.757902 39.907447
96.777557 -70.245512 49.025230
88.211135 -58.864775 39.241424
96.934776 -70.426596 48.481536
87.999648 -59.094915 39.018218
96.771636 -70.656324 48.298133
105.191787 -81.735373 59.750205
105.206344 -81.987684 59.365028
105.420631 -81.671743 59.609206
105.588775 -81.874235 59.128616
105.437988 -82.086546 58.955985
21.277461 28.897039 -19.167588
21.359222 28.950357 -18.507272
27.974605 20.129530 -14.917096
27.841228 19.993853 -15.624760
21.494590 29.055582 -18.760937
28.256564 20.327059 -15.194936
21.487876 29.062593 -19.573720
28.268329 20.299829 -16.051835
21.351375 28.962290 -19.826462
28.013664 20.094965 -16.318642
36.099227 9.403326 -11.083309
36.008659 9.169611 -11.751277
36.417548 9.580069 -11.342179
36.517169 9.453661 -12.161633
36.256030 9.189718 -12.425254
44.994743 -2.692498 -7.301140
45.130508 -2.513344 -6.618244
55.260482 -15.901637 -1.094235
55.192291 -16.154264 -1.763474
45.427543 -2.318221 -6.880951
55.594985 -15.728101 -1.357568
45.478942 -2.373354 -7.724478
55.705695 -15.885360 -2.166633
45.198852 -2.620131 -7.999017
55.458396 -16.148439 -2.419655
67.562423 -32.483959 4.480969
67.696647 -32.321220 5.186284
80.955444 -49.791372 11.357389
80.816802 -49.965010 10.701280
68.007751 -32.111978 4.908297
81.233825 -49.606058 11.108415
68.033263 -32.160552 4.057335
81.290801 -49.651815 10.286845
67.761665 -32.387634 3.793295
81.009399 -49.901175 10.010427
92.474624 -65.262754 17.241145
92.605216 -65.138708 17.785194
100.003036 -74.888411 22.694347
100.691634 -75.989218 22.853801
92.821342 -64.977751 17.578521
100.890617 -75.782835 23.041671
92.861587 -65.004042 16.899913
100.262313 -74.879263 22.013221
92.628204 -65.204363 16.671191
100.120834 -75.024542 21.869922
22.478782 27.311365 -23.400233
22.594875 27.320963 -22.744941
30.097389 17.347574 -21.080262
29.916732 17.254229 -21.770953
22.715324 27.441996 -22.996159
30.346961 17.553141 -21.344798
22.669818 27.504560 -23.805028
30.329498 17.593119 -22.201083
22.518569 27.419531 -24.057912
30.045745 17.391474 -22.481793
38.528579 6.197897 -18.567597
38.403625 6.007984 -19.242821
38.832507 6.390936 -18.828818
38.892143 6.319548 -19.658660
38.616729 6.071985 -19.926858
47.576698 -6.100924 -16.033395
47.746513 -5.966731 -15.347808
58.118591 -19.674633 -11.223062
58.016853 -19.882942 -11.903215
48.030448 -5.754314 -15.611584
58.439903 -19.483659 -11.490744
48.039787 -5.753916 -16.458426
58.510032 -19.587341 -12.312876
47.746001 -5.982612 -16.734299
58.250045 -19.833659 -12.570005
70.654830 -36.566252 -7.365628
70.824233 -36.449911 -6.658703
84.344238 -54.264891 -2.313146
84.172881 -54.395357 -2.971534
71.121475 -36.222374 -6.937484
84.610214 -54.063192 -2.562955
71.104614 -36.214991 -7.790010
84.626235 -54.054876 -3.387571
70.819869 -36.424719 -8.054553
84.331039 -54.286032 -3.665429
96.117782 -70.072088 1.964421
96.273895 -69.981710 2.507525
103.891624 -80.021711 6.393599
104.584724 -81.128485 6.445737
96.481338 -69.809271 2.302115
104.793182 -80.934561 6.636616
96.486221 -69.788862 1.621329
104.116729 -79.967474 5.702598
96.241409 -69.974119 1.391837
103.968086 -80.103277 5.557285
22.616771 27.129251 -27.320483
22.800163 27.048990 -26.684903
30.312423 17.050745 -26.427331
30.066139 17.056963 -27.112439
22.895713 27.205061 -26.928944
30.545142 17.300581 -26.694287
22.765155 27.377192 -27.711955
30.429755 17.451643 -27.530253
22.589210 27.327639 -27.956017
30.127841 17.296473 -27.795876
38.874694 5.740000 -26.222043
38.678741 5.644857 -26.901051
39.151798 5.970184 -26.485102
39.122855 6.014288 -27.318518
38.819808 5.804817 -27.587273
48.049148 -6.724591 -26.379052
48.290908 -6.685376 -25.703122
58.937881 -20.756144 -24.626847
58.763824 -20.869015 -25.314828
48.547172 -6.436424 -25.963258
59.230720 -20.527609 -24.897721
48.467643 -6.318707 -26.798142
59.214072 -20.516725 -25.729008
48.144866 -6.509137 -27.070676
58.927314 -20.727731 -25.989014
71.685241 -37.926477 -24.481665
71.928680 -37.907892 -23.787133
85.698745 -56.052977 -23.392253
85.458328 -56.092276 -24.040726
72.196708 -37.641787 -24.061352
85.938529 -55.816690 -23.638234
72.089889 -37.515665 -24.898152
85.868041 -55.694166 -24.450852
71.776763 -37.687927 -25.157872
85.543632 -55.886778 -24.725529
97.738860 -72.212049 -22.603394
97.952949 -72.198210 -22.072181
105.863517 -82.624784 -20.434020
106.550689 -83.723692 -20.608426
98.137733 -71.995863 -22.272561
106.779319 -83.556585 -20.415532
98.072547 -71.882971 -22.940476
106.015334 -82.473814 -21.130643
97.803680 -72.036467 -23.166463
105.851302 -82.589231 -21.276908
22.804710 26.881250 -32.504525
23.018359 26.761705 -31.885630
30.947753 16.220926 -33.208993
30.665267 16.266214 -33.872422
23.101600 26.932379 -32.123048
31.160777 16.481585 -33.464562
22.935050 27.153833 -32.886475
31.012000 16.689142 -34.282929
22.746692 27.118944 -33.125016
30.689807 16.545507 -34.549218
39.579215 4.810656 -34.238419
39.350868 4.757559 -34.911416
39.843337 5.056778 -34.498955
39.775497 5.153206 -35.325639
39.459197 4.960131 -35.592828
48.717872 -7.607371 -35.607850
48.992149 -7.611059 -34.943032
59.648277 -21.693921 -35.253319
59.443366 -21.766075 -35.938058
49.236152 -7.345942 -35.198937
59.928718 -21.449024 -35.522942
49.115943 -7.174523 -36.020074
59.874275 -21.388257 -36.350274
48.780341 -7.348029 -36.288384
59.574645 -21.582260 -36.609063
72.371810 -38.832823 -36.785805
72.648895 -38.858643 -36.103867
86.396964 -56.974676 -37.496423
86.126067 -56.973734 -38.133950
72.903518 -38.574858 -36.373261
86.625160 -56.723139 -37.738221
72.757583 -38.397066 -37.194558
86.516464 -56.550177 -38.537308
72.432922 -38.554110 -37.449479
86.179137 -56.725725 -38.807809
98.479034 -73.188768 -38.287614
98.722335 -73.213812 -37.767525
106.611884 -83.612852 -37.164834
107.291290 -84.702017 -37.441033
98.893035 -72.993170 -37.963395
107.530502 -84.546194 -37.247819
98.801254 -72.845243 -38.618401
106.730720 -83.417448 -37.858010
98.517623 -72.978819 -38.840577
106.561172 -83.526876 -38.003754
22.070770 27.850267 -36.844887
22.313201 27.692980 -36.245972
30.938705 16.237329 -39.106286
30.623748 16.321299 -39.747887
22.385024 27.877848 -36.475625
31.136428 16.510469 -39.351968
22.183463 28.146307 -37.214837
30.952598 16.770479 -40.147851
21.983726 28.125879 -37.446046
30.613055 16.642321 -40.409737
39.658653 4.706184 -41.352395
39.398673 4.694441 -42.015565
39.910278 4.968105 -41.609017
39.804084 5.115751 -42.424004
39.475875 4.937761 -42.687997
48.704543 -7.589764 -43.917275
49.009757 -7.634296 -43.267594
59.619788 -21.656325 -44.951646
59.381988 -21.685037 -45.629006
49.241836 -7.353463 -43.517739
59.887191 -21.394210 -45.218369
49.083442 -7.131598 -44.320100
59.793594 -21.281748 -46.036790
48.735328 -7.288608 -44.582589
59.481826 -21.459749 -46.292756
72.231345 -38.647402 -48.140679
72.539169 -38.713779 -47.475220
86.181106 -56.689726 -50.633889
85.880538 -56.649622 -51.256684
72.781768 -38.414110 -47.738259
86.398048 -56.423342 -50.870064
72.598113 -38.186569 -48.539292
86.252174 -56.201284 -51.650895
72.261626 -38.327965 -48.787926
85.902267 -56.360205 -51.915612
98.188949 -72.805838 -52.996484
98.456420 -72.862753 -52.490960
106.350417 -83.267614 -52.906098
107.014404 -84.336554 -53.280953
98.618003 -72.630117 -52.680573
107.262679 -84.192663 -53.089905
98.491393 -72.436129 -53.319749
106.438812 -83.032202 -53.590714
98.201812 -72.561918 -53.536561
106.260368 -83.129820 -53.734750
19.608508 31.100317 -41.826455
19.909118 30.866121 -41.280274
26.819278 21.671869 -45.496484
26.440814 21.842699 -46.087899
19.959075 31.080835 -41.489846
26.994621 21.980700 -45.723939
19.685462 31.443899 -42.163560
26.730071 22.342546 -46.455254
19.463245 31.453058 -42.374345
26.369132 22.248095 -46.694810
34.914642 10.968367 -49.911263
34.591384 11.040506 -50.541939
35.142215 11.262642 -50.155587
34.956374 11.514954 -50.929444
34.601478 11.372704 -51.179673
43.576354 -0.820094 -54.985657
43.944389 -0.947569 -54.381364
54.241073 -14.555919 -58.974351
53.935897 -14.495702 -59.622018
44.152023 -0.634434 -54.614075
54.482024 -14.258890 -59.229439
43.916534 -0.310842 -55.360429
54.306854 -14.038764 -60.011819
43.542747 -0.433926 -55.605080
53.969756 -14.183284 -60.256493
66.346587 -30.878956 -65.641915
66.720016 -31.031972 -65.025903
79.851424 -48.333975 -71.900109
79.489982 -48.213511 -72.478661
66.936927 -30.698387 -65.269868
80.045303 -48.037100 -72.119439
66.673782 -30.365898 -66.010293
79.823074 -47.714270 -72.845208
66.313033 -30.475278 -66.240372
79.447219 -47.838966 -73.092126
91.411819 -63.859770 -77.564851
91.723052 -63.974173 -77.098412
99.536628 -74.272764 -79.709801
100.149268 -75.273283 -80.285821
91.872100 -63.724653 -77.273034
100.414916 -75.154860 -80.104439
91.683051 -63.448248 -77.865197
99.554733 -73.945211 -80.360879
91.372024 -63.546087 -78.066697
99.362777 -74.023840 -80.497353
18.288268 32.843119 -45.082810
18.655597 32.521059 -44.630204
24.988067 24.092234 -51.612794
24.536021 24.357302 -52.107865
18.679794 32.769358 -44.803872
25.133460 24.435469 -51.802262
18.324218 33.241220 -45.362336
24.780923 24.917627 -52.417969
18.075832 33.284220 -45.537369
24.387347 24.861185 -52.622300
32.336768 14.369169 -58.920159
31.934852 14.547274 -59.482903
32.535098 14.705996 -59.139245
32.250388 15.085192 -59.826203
31.866634 14.985460 -60.046975
39.725440 4.263393 -67.229943
40.162605 4.007772 -66.682595
47.324554 -5.408082 -75.508721
46.932792 -5.250987 -76.074097
40.363212 4.395077 -66.905007
47.522125 -5.084275 -75.725426
40.007179 4.822752 -67.544701
47.259826 -4.722662 -76.427239
39.640037 4.753279 -67.731667
46.874168 -4.833657 -76.658440
54.910301 -15.744697 -85.020974
55.340842 -15.948234 -84.584832
61.713104 -24.325907 -89.811631
62.190048 -25.112418 -90.513833
55.479804 -15.643712 -84.740823
62.433906 -25.054742 -90.394570
55.195663 -15.202075 -85.322793
61.623595 -23.906882 -90.250870
54.772453 -15.285001 -85.536172
61.434158 -23.946664 -90.347924
14.801918 37.445627 -49.646439
15.229995 37.043699 -49.334161
20.437011 30.104872 -59.594460
19.918689 30.452700 -59.947304
15.230452 37.322214 -49.453950
20.554900 30.476168 -59.728608
14.800308 37.893412 -49.839532
20.122356 31.070650 -60.169747
14.528030 37.967447 -49.960717
19.695201 31.050272 -60.319115
26.425094 22.172800 -69.973771
25.941055 22.459581 -70.414559
26.591357 22.552519 -70.145409
26.207649 23.061838 -70.684212
25.792880 23.003771 -70.857796
32.615363 13.649069 -82.062768
33.128612 13.289494 -81.653771
40.463004 3.695627 -96.626603
40.026565 3.901499 -97.026147
33.300239 13.721823 -81.821236
40.600227 3.996880 -96.767602
32.852901 14.265272 -82.294808
40.302940 4.462713 -97.301942
32.463786 14.229094 -82.432351
39.866721 4.386461 -97.499543
46.192733 -3.839950 -105.896470
46.566764 -4.497420 -106.937493
46.834014 -4.457744 -106.843728
46.055045 -3.348344 -106.252763
45.848556 -3.374849 -106.331650
12.648658 40.288019 -51.884911
13.111167 39.840044 -51.715424
16.748168 34.966242 -62.728722
16.190273 35.374388 -62.937791
13.098930 40.136835 -51.780656
16.854789 35.366472 -62.809533
12.625617 40.763430 -51.989396
16.366882 36.022570 -63.067483
12.340969 40.855242 -52.055192
15.932620 36.025690 -63.154061
21.119785 29.179071 -74.942925
20.582645 29.533319 -75.248780
21.264159 29.582758 -75.061517
20.817863 30.179258 -75.438493
20.378886 30.147558 -75.562211
25.379649 23.201311 -87.741105
25.939269 22.827967 -87.502480
30.673270 16.584742 -97.973489
30.160323 16.890017 -98.338631
26.069713 23.230364 -87.593087
30.818652 16.956781 -98.110772
25.602252 23.871134 -87.891289
30.415187 17.523516 -98.572213
25.141349 23.850580 -87.993592
29.964515 17.475767 -98.731011
35.682090 9.629665 -107.549248
36.125251 9.422380 -107.124345
40.781905 3.291521 -112.141923
41.121024 2.673105 -112.916154
36.264014 9.724670 -107.276612
41.385131 2.775366 -112.752694
35.961055 10.202404 -107.837678
40.768348 3.658331 -112.729905
35.517043 10.122297 -108.049409
40.565711 3.590345 -112.856362
9.292152 44.719286 -52.009461
9.745834 44.281794 -52.159058
9.620021 44.364687 -66.170541
9.051357 44.798563 -66.043298
9.732963 44.581278 -52.101907
9.726363 44.784227 -66.121835
9.266597 45.196398 -51.916985
9.217597 45.452959 -65.964791
9.009399 45.256617 -51.859811
8.796073 45.456911 -65.916131
9.471137 44.565195 -79.999383
8.890422 44.968225 -80.027322
9.594872 44.980585 -80.009957
9.099868 45.654886 -80.044793
8.630973 45.646814 -80.055825
9.440467 44.249296 -91.873986
10.011688 43.884813 -91.750787
12.159683 41.051409 -102.749787
11.688637 41.351580 -102.944451
10.120361 44.257265 -91.795548
12.268424 41.379808 -102.822518
9.654899 44.941629 -91.952492
11.886871 41.922796 -103.073350
9.148071 44.931643 -92.010697
11.476032 41.901678 -103.161622
14.116649 38.508730 -109.308892
14.098613 38.394529 -110.053254
14.361770 38.416132 -109.994965
13.941581 39.028399 -109.522401
13.740371 39.017130 -109.569474
8.072521 46.329134 -50.782914
8.523620 45.896494 -51.007401
7.220591 47.550631 -62.796563
6.650872 47.967905 -62.661332
8.515270 46.187037 -50.921487
7.319156 47.948908 -62.744942
8.056522 46.795553 -50.644150
6.821265 48.628801 -62.576974
7.775321 46.881765 -50.557862
6.371291 48.638727 -62.522271
6.543901 48.425097 -73.596543
5.961194 48.834810 -73.533456
6.668731 48.846743 -73.572350
6.168840 49.520617 -73.494370
5.705299 49.513582 -73.469353
5.839801 49.018618 -84.758462
6.400531 48.631739 -84.825143
6.785594 48.159426 -93.948220
6.522911 48.318926 -94.921822
6.513244 49.024744 -84.793900
6.881648 48.339327 -94.927689
6.039047 49.683771 -84.732644
6.526420 48.879435 -93.921891
5.573459 49.679026 -84.712090
6.258862 48.873003 -93.916482
-3.552080 -60.980177 -58.075745
-4.376707 -54.062609 -69.550584
-0.527158 -58.220388 -28.029168
-2.034690 92.145098 -46.347504
</float_array>
          <technique_common>
            <accessor source="#Lionfish-POSITION-array" count="2971" stride="3">
              <param name="X" type="float"/>
              <param name="Y" type="float"/>
              <param name="Z" type="float"/>
            </accessor>
          </technique_common>
        </source>
        <source id="Lionfish-Normal0">
          <float_array id="Lionfish-Normal0-array" count="50292">
-0.899209 -0.066179 0.432486
-0.846238 0.162877 0.507299
-0.029853 -0.243018 0.969562
-0.029853 -0.243018 0.969562
-0.846238 0.162877 0.507299
0.013351 0.057602 0.998250
-0.899209 -0.066179 0.432486
-0.954756 0.109099 0.276656
-0.846238 0.162877 0.507299
-0.954756 0.109099 0.276656
-0.899209 -0.066179 0.432486
-0.933968 -0.044766 0.354542
-0.933968 -0.044766 0.354542
-0.996692 0.062561 0.051880
-0.954756 0.109099 0.276656
-0.996692 0.062561 0.051880
-0.933968 -0.044766 0.354542
-0.996399 -0.060098 0.059811
-0.996692 0.062561 0.051880
-0.922127 -0.064472 -0.381477
-0.943982 0.072475 -0.321940
-0.922127 -0.064472 -0.381477
-0.996692 0.062561 0.051880
-0.996399 -0.060098 0.059811
-0.943982 0.072475 -0.321940
-0.823372 -0.093297 -0.559780
-0.769333 0.104129 -0.630304
-0.823372 -0.093297 -0.559780
-0.943982 0.072475 -0.321940
-0.922127 -0.064472 -0.381477
-0.769333 0.104129 -0.630304
-0.063700 -0.310489 -0.948440
-0.003624 -0.009536 -0.999948
-0.063700 -0.310489 -0.948440
-0.769333 0.104129 -0.630304
-0.823372 -0.093297 -0.559780
0.013351 0.057602 0.998250
-0.904153 0.247090 0.348503
0.079816 0.388304 0.918068
-0.846238 0.162877 0.507299
-0.904153 0.247090 0.348503
0.013351 0.057602 0.998250
-0.846238 0.162877 0.507299
-0.986787 0.065981 0.147977
-0.904153 0.247090 0.348503
-0.986787 0.065981 0.147977
-0.846238 0.162877 0.507299
-0.954756 0.109099 0.276656
-0.954756 0.109099 0.276656
-0.999638 0.008824 0.025418
-0.986787 0.065981 0.147977
-0.999638 0.008824 0.025418
-0.954756 0.109099 0.276656
-0.996692 0.062561 0.051880
-0.999638 0.008824 0.025418
-0.943982 0.072475 -0.321940
-0.980794 0.046403 -0.189448
-0.943982 0.072475 -0.321940
-0.999638 0.008824 0.025418
-0.996692 0.062561 0.051880
-0.980794 0.046403 -0.189448
-0.769333 0.104129 -0.630304
-0.859014 0.240404 -0.451997
-0.769333 0.104129 -0.630304
-0.980794 0.046403 -0.189448
-0.943982 0.072475 -0.321940
-0.859014 0.240404 -0.451997
-0.003624 -0.009536 -0.999948
0.061223 0.314318 -0.947341
-0.003624 -0.009536 -0.999948
-0.859014 0.240404 -0.451997
-0.769333 0.104129 -0.630304
-0.985791 -0.167940 0.003435
-0.990703 -0.090099 0.101934
-0.996078 -0.007253 0.088182
-0.996078 -0.007253 0.088182
-0.990703 -0.090099 0.101934
-0.992426 0.008400 0.122559
-0.869091 -0.186370 -0.458200
-0.922127 -0.064472 -0.381477
-0.908961 -0.178149 -0.376898
-0.922127 -0.064472 -0.381477
-0.869091 -0.186370 -0.458200
-0.823372 -0.093297 -0.559780
-0.908961 -0.178149 -0.376898
-0.996399 -0.060098 0.059811
-0.985918 -0.161729 0.042530
-0.996399 -0.060098 0.059811
-0.908961 -0.178149 -0.376898
-0.922127 -0.064472 -0.381477
-0.933968 -0.044766 0.354542
-0.923336 -0.160613 0.348790
-0.996399 -0.060098 0.059811
-0.923336 -0.160613 0.348790
-0.985918 -0.161729 0.042530
-0.996399 -0.060098 0.059811
-0.899209 -0.066179 0.432486
-0.923336 -0.160613 0.348790
-0.933968 -0.044766 0.354542
-0.923336 -0.160613 0.348790
-0.899209 -0.066179 0.432486
-0.899127 -0.166592 0.404743
-0.155937 -0.942306 0.296213
-0.146076 -0.615660 0.774355
-0.992640 0.011860 -0.120517
-0.992640 0.011860 -0.120517
-0.146076 -0.615660 0.774355
-0.999596 0.009562 -0.026774
-0.979256 -0.106154 -0.172596
-0.985791 -0.167940 0.003435
-0.998389 0.027489 0.049633
-0.998389 0.027489 0.049633
-0.985791 -0.167940 0.003435
-0.996078 -0.007253 0.088182
-0.860430 -0.206274 -0.465953
-0.908961 -0.178149 -0.376898
-0.908640 -0.176492 -0.378449
-0.908961 -0.178149 -0.376898
-0.860430 -0.206274 -0.465953
-0.869091 -0.186370 -0.458200
-0.908640 -0.176492 -0.378449
-0.908961 -0.178149 -0.376898
-0.991837 -0.124170 0.028992
-0.985918 -0.161729 0.042530
-0.991837 -0.124170 0.028992
-0.908961 -0.178149 -0.376898
-0.923336 -0.160613 0.348790
-0.991837 -0.124170 0.028992
-0.985918 -0.161729 0.042530
-0.991837 -0.124170 0.028992
-0.923336 -0.160613 0.348790
-0.935367 -0.113380 0.335013
-0.899127 -0.166592 0.404743
-0.935367 -0.113380 0.335013
-0.923336 -0.160613 0.348790
-0.935367 -0.113380 0.335013
-0.899127 -0.166592 0.404743
-0.897059 -0.129671 0.422457
-0.146076 -0.615660 0.774355
-0.997217 0.056222 0.048955
-0.999596 0.009562 -0.026774
-0.997217 0.056222 0.048955
-0.146076 -0.615660 0.774355
-0.135306 -0.280317 0.950324
-0.950624 0.210985 -0.227596
-0.998389 0.027489 0.049633
-0.989708 0.142437 0.013747
-0.998389 0.027489 0.049633
-0.950624 0.210985 -0.227596
-0.979256 -0.106154 -0.172596
-0.740087 -0.196549 -0.643148
-0.908640 -0.176492 -0.378449
-0.907721 -0.191596 -0.373274
-0.908640 -0.176492 -0.378449
-0.740087 -0.196549 -0.643148
-0.860430 -0.206274 -0.465953
-0.907721 -0.191596 -0.373274
-0.908640 -0.176492 -0.378449
-0.994400 -0.101948 0.027847
-0.991837 -0.124170 0.028992
-0.994400 -0.101948 0.027847
-0.908640 -0.176492 -0.378449
-0.935367 -0.113380 0.335013
-0.943215 -0.079348 0.322567
-0.991837 -0.124170 0.028992
-0.943215 -0.079348 0.322567
-0.994400 -0.101948 0.027847
-0.991837 -0.124170 0.028992
-0.897059 -0.129671 0.422457
-0.943215 -0.079348 0.322567
-0.935367 -0.113380 0.335013
-0.943215 -0.079348 0.322567
-0.897059 -0.129671 0.422457
-0.883796 -0.062505 0.463679
-0.984461 0.164304 0.061973
-0.997217 0.056222 0.048955
-0.141470 0.189360 0.971663
-0.135306 -0.280317 0.950324
-0.141470 0.189360 0.971663
-0.997217 0.056222 0.048955
-0.656493 -0.283043 -0.699216
0.000647 -0.137075 -0.990560
-0.740087 -0.196549 -0.643148
0.000647 -0.137075 -0.990560
-0.656493 -0.283043 -0.699216
-0.044868 -0.346542 -0.936961
-0.656493 -0.283043 -0.699216
-0.740087 -0.196549 -0.643148
-0.913740 -0.184064 -0.362215
-0.913740 -0.184064 -0.362215
-0.740087 -0.196549 -0.643148
-0.907721 -0.191596 -0.373274
-0.994400 -0.101948 0.027847
-0.997024 -0.073055 0.024606
-0.907721 -0.191596 -0.373274
-0.997024 -0.073055 0.024606
-0.913740 -0.184064 -0.362215
-0.907721 -0.191596 -0.373274
-0.943215 -0.079348 0.322567
-0.950870 -0.044630 0.306356
-0.994400 -0.101948 0.027847
-0.950870 -0.044630 0.306356
-0.997024 -0.073055 0.024606
-0.994400 -0.101948 0.027847
-0.893317 -0.065642 0.444607
-0.950870 -0.044630 0.306356
-0.883796 -0.062505 0.463679
-0.883796 -0.062505 0.463679
-0.950870 -0.044630 0.306356
-0.943215 -0.079348 0.322567
-0.021043 -0.796895 -0.603752
-0.999523 -0.000191 -0.030899
-0.079991 -0.981534 0.173762
-0.999523 -0.000191 -0.030899
-0.993231 -0.116158 0.000572
-0.079991 -0.981534 0.173762
-0.044084 -0.332746 -0.941986
-0.668238 -0.261134 -0.696611
-0.668398 -0.227759 -0.708075
-0.044084 -0.332746 -0.941986
-0.668398 -0.227759 -0.708075
-0.037654 -0.294172 -0.955010
-0.920358 -0.167841 -0.353228
-0.925900 -0.147244 -0.347892
-0.668238 -0.261134 -0.696611
-0.925900 -0.147244 -0.347892
-0.668398 -0.227759 -0.708075
-0.668238 -0.261134 -0.696611
-0.997429 -0.068091 0.022316
-0.997324 -0.069044 0.024032
-0.920358 -0.167841 -0.353228
-0.997324 -0.069044 0.024032
-0.925900 -0.147244 -0.347892
-0.920358 -0.167841 -0.353228
-0.997429 -0.068091 0.022316
-0.955694 -0.034714 0.292306
-0.957658 -0.035476 0.285714
-0.957658 -0.035476 0.285714
-0.997324 -0.069044 0.024032
-0.997429 -0.068091 0.022316
-0.917679 0.005722 0.397282
-0.957658 -0.035476 0.285714
-0.918164 -0.011062 0.396046
-0.918164 -0.011062 0.396046
-0.957658 -0.035476 0.285714
-0.955694 -0.034714 0.292306
-0.971242 -0.027553 -0.236496
-0.135616 -0.277736 0.951037
-0.983261 0.165344 0.076548
-0.135616 -0.277736 0.951037
-0.971242 -0.027553 -0.236496
-0.103005 -0.988238 0.113029
-0.667183 -0.192667 -0.719546
-0.006901 -0.195745 -0.980631
-0.019195 -0.248054 -0.968556
-0.006901 -0.195745 -0.980631
-0.667183 -0.192667 -0.719546
-0.667466 -0.152923 -0.728769
-0.929077 -0.123584 -0.348630
-0.928976 -0.111771 -0.352860
-0.667183 -0.192667 -0.719546
-0.928976 -0.111771 -0.352860
-0.667466 -0.152923 -0.728769
-0.667183 -0.192667 -0.719546
-0.997411 -0.068669 0.021364
-0.997040 -0.073629 0.022127
-0.929077 -0.123584 -0.348630
-0.997040 -0.073629 0.022127
-0.928976 -0.111771 -0.352860
-0.929077 -0.123584 -0.348630
-0.997411 -0.068669 0.021364
-0.958046 -0.033950 0.284596
-0.957047 -0.039293 0.287257
-0.957047 -0.039293 0.287257
-0.997040 -0.073629 0.022127
-0.997411 -0.068669 0.021364
-0.908951 0.005343 0.416870
-0.957047 -0.039293 0.287257
-0.958046 -0.033950 0.284596
-0.957047 -0.039293 0.287257
-0.908951 0.005343 0.416870
-0.904042 -0.009925 0.427329
-0.984167 -0.107182 -0.141161
-0.085022 -0.943445 0.320442
-0.068076 -0.145567 0.987004
-0.984167 -0.107182 -0.141161
-0.068076 -0.145567 0.987004
-0.968769 0.214522 0.124369
-0.649076 -0.106034 -0.753298
-0.035898 -0.015256 -0.999239
-0.003828 -0.122108 -0.992509
-0.035898 -0.015256 -0.999239
-0.649076 -0.106034 -0.753298
-0.536246 -0.105303 -0.837467
-0.915669 -0.124353 -0.382212
-0.819713 -0.341770 -0.459634
-0.649076 -0.106034 -0.753298
-0.819713 -0.341770 -0.459634
-0.536246 -0.105303 -0.837467
-0.649076 -0.106034 -0.753298
-0.915669 -0.124353 -0.382212
-0.992651 -0.119790 0.017167
-0.934942 -0.353226 0.033377
-0.934942 -0.353226 0.033377
-0.819713 -0.341770 -0.459634
-0.915669 -0.124353 -0.382212
-0.992651 -0.119790 0.017167
-0.951993 -0.041963 0.303232
-0.943457 0.009157 0.331369
-0.943457 0.009157 0.331369
-0.934942 -0.353226 0.033377
-0.992651 -0.119790 0.017167
-0.943457 0.009157 0.331369
-0.891582 -0.021449 0.452350
-0.875254 0.085103 0.476117
-0.891582 -0.021449 0.452350
-0.943457 0.009157 0.331369
-0.951993 -0.041963 0.303232
-0.985438 -0.133515 -0.105286
-0.079304 -0.857607 0.508155
-0.073555 0.122195 0.989777
-0.073555 0.122195 0.989777
-0.980086 0.177764 0.088500
-0.985438 -0.133515 -0.105286
-0.035898 -0.015256 -0.999239
-0.536246 -0.105303 -0.837467
-0.529005 -0.016016 -0.848467
-0.035898 -0.015256 -0.999239
-0.529005 -0.016016 -0.848467
-0.037938 0.037366 -0.998581
-0.624932 -0.121287 -0.771200
-0.826254 -0.278405 -0.489688
-0.855034 -0.018318 -0.518249
-0.855034 -0.018318 -0.518249
-0.529005 -0.016016 -0.848467
-0.624932 -0.121287 -0.771200
-0.978301 -0.186888 0.089439
-0.987093 0.125127 0.099949
-0.826254 -0.278405 -0.489688
-0.987093 0.125127 0.099949
-0.855034 -0.018318 -0.518249
-0.826254 -0.278405 -0.489688
-0.943457 0.009157 0.331369
-0.942778 0.185389 0.277130
-0.978301 -0.186888 0.089439
-0.942778 0.185389 0.277130
-0.873915 0.263967 0.408158
-0.978301 -0.186888 0.089439
-0.800525 0.271691 0.534176
-0.950215 0.088507 0.298760
-0.943457 0.009157 0.331369
-0.800525 0.271691 0.534176
-0.943457 0.009157 0.331369
-0.875254 0.085103 0.476117
-0.092564 -0.594242 0.798942
-0.048798 0.459457 0.886859
-0.987229 -0.157178 0.025942
-0.048798 0.459457 0.886859
-0.979780 0.175472 0.096128
-0.987229 -0.157178 0.025942
-0.469454 -0.015261 -0.882825
-0.037938 0.037366 -0.998581
-0.529005 -0.016016 -0.848467
-0.037938 0.037366 -0.998581
-0.469454 -0.015261 -0.882825
-0.038475 0.057247 -0.997618
-0.529005 -0.016016 -0.848467
-0.855034 -0.018318 -0.518249
-0.802432 -0.044251 -0.595101
-0.529005 -0.016016 -0.848467
-0.802432 -0.044251 -0.595101
-0.469454 -0.015261 -0.882825
-0.802432 -0.044251 -0.595101
-0.855034 -0.018318 -0.518249
-0.988701 0.111381 0.100320
-0.987093 0.125127 0.099949
-0.988701 0.111381 0.100320
-0.855034 -0.018318 -0.518249
-0.866344 0.234281 0.441090
-0.873915 0.263967 0.408158
-0.962716 0.141946 0.230281
-0.942778 0.185389 0.277130
-0.962716 0.141946 0.230281
-0.873915 0.263967 0.408158
-0.800525 0.271691 0.534176
-0.774215 0.044252 0.631374
-0.950215 0.088507 0.298760
-0.774215 0.044252 0.631374
-0.981991 0.052658 0.181440
-0.950215 0.088507 0.298760
-0.774215 0.044252 0.631374
0.003260 0.557643 0.830075
-0.057638 0.440128 0.896083
0.003260 0.557643 0.830075
-0.774215 0.044252 0.631374
-0.800525 0.271691 0.534176
-0.038475 0.057247 -0.997618
-0.469454 -0.015261 -0.882825
-0.406107 0.067113 -0.911358
-0.038475 0.057247 -0.997618
-0.406107 0.067113 -0.911358
-0.040463 0.110634 -0.993037
-0.469454 -0.015261 -0.882825
-0.802432 -0.044251 -0.595101
-0.779130 0.037392 -0.625746
-0.469454 -0.015261 -0.882825
-0.779130 0.037392 -0.625746
-0.406107 0.067113 -0.911358
-0.988701 0.111381 0.100320
-0.986394 0.096922 0.132791
-0.802432 -0.044251 -0.595101
-0.986394 0.096922 0.132791
-0.779130 0.037392 -0.625746
-0.802432 -0.044251 -0.595101
-0.859308 0.136574 0.492886
-0.866344 0.234281 0.441090
-0.962378 0.102226 0.251752
-0.962716 0.141946 0.230281
-0.962378 0.102226 0.251752
-0.866344 0.234281 0.441090
-0.654620 0.521712 0.547074
-0.947358 0.248049 0.202446
-0.960676 0.187672 0.204647
-0.654620 0.521712 0.547074
-0.960676 0.187672 0.204647
-0.765967 0.483628 0.423556
-0.654620 0.521712 0.547074
0.003811 0.759972 0.649945
-0.119425 0.651686 0.749028
0.003811 0.759972 0.649945
-0.654620 0.521712 0.547074
-0.765967 0.483628 0.423556
-0.904153 0.247090 0.348503
-0.970631 0.061987 0.232452
0.079816 0.388304 0.918068
-0.970631 0.061987 0.232452
-0.031279 0.576341 0.816611
0.079816 0.388304 0.918068
-0.904153 0.247090 0.348503
-0.995616 -0.064711 0.067537
-0.970631 0.061987 0.232452
-0.995616 -0.064711 0.067537
-0.904153 0.247090 0.348503
-0.986787 0.065981 0.147977
-0.986787 0.065981 0.147977
-0.996876 -0.078202 0.011046
-0.995616 -0.064711 0.067537
-0.996876 -0.078202 0.011046
-0.986787 0.065981 0.147977
-0.999638 0.008824 0.025418
-0.996876 -0.078202 0.011046
-0.980794 0.046403 -0.189448
-0.991745 -0.102394 -0.077183
-0.980794 0.046403 -0.189448
-0.996876 -0.078202 0.011046
-0.999638 0.008824 0.025418
-0.991745 -0.102394 -0.077183
-0.859014 0.240404 -0.451997
-0.962895 0.061985 -0.262661
-0.859014 0.240404 -0.451997
-0.991745 -0.102394 -0.077183
-0.980794 0.046403 -0.189448
-0.962895 0.061985 -0.262661
0.061223 0.314318 -0.947341
-0.044856 0.525237 -0.849773
0.061223 0.314318 -0.947341
-0.962895 0.061985 -0.262661
-0.859014 0.240404 -0.451997
-0.970631 0.061987 0.232452
-0.990112 -0.039343 0.134651
-0.031279 0.576341 0.816611
-0.990112 -0.039343 0.134651
-0.046944 0.513306 0.856921
-0.031279 0.576341 0.816611
-0.970631 0.061987 0.232452
-0.995616 -0.064711 0.067537
-0.990908 -0.129897 0.035057
-0.990908 -0.129897 0.035057
-0.990112 -0.039343 0.134651
-0.970631 0.061987 0.232452
-0.995616 -0.064711 0.067537
-0.989152 -0.146453 0.011417
-0.990908 -0.129897 0.035057
-0.989152 -0.146453 0.011417
-0.995616 -0.064711 0.067537
-0.996876 -0.078202 0.011046
-0.989152 -0.146453 0.011417
-0.991745 -0.102394 -0.077183
-0.991052 -0.132271 -0.017912
-0.991745 -0.102394 -0.077183
-0.989152 -0.146453 0.011417
-0.996876 -0.078202 0.011046
-0.991052 -0.132271 -0.017912
-0.962895 0.061985 -0.262661
-0.990132 -0.041710 -0.133788
-0.962895 0.061985 -0.262661
-0.991052 -0.132271 -0.017912
-0.991745 -0.102394 -0.077183
-0.990132 -0.041710 -0.133788
-0.044856 0.525237 -0.849773
-0.053475 0.406696 -0.911997
-0.044856 0.525237 -0.849773
-0.990132 -0.041710 -0.133788
-0.962895 0.061985 -0.262661
-0.046944 0.513306 0.856921
-0.963371 -0.252782 0.089544
-0.061411 0.250821 0.966084
-0.990112 -0.039343 0.134651
-0.963371 -0.252782 0.089544
-0.046944 0.513306 0.856921
-0.990112 -0.039343 0.134651
-0.957686 -0.286657 0.025793
-0.963371 -0.252782 0.089544
-0.957686 -0.286657 0.025793
-0.990112 -0.039343 0.134651
-0.990908 -0.129897 0.035057
-0.990908 -0.129897 0.035057
-0.956695 -0.290850 0.011844
-0.957686 -0.286657 0.025793
-0.956695 -0.290850 0.011844
-0.990908 -0.129897 0.035057
-0.989152 -0.146453 0.011417
-0.956695 -0.290850 0.011844
-0.991052 -0.132271 -0.017912
-0.957263 -0.289203 -0.002884
-0.991052 -0.132271 -0.017912
-0.956695 -0.290850 0.011844
-0.989152 -0.146453 0.011417
-0.957263 -0.289203 -0.002884
-0.990132 -0.041710 -0.133788
-0.958441 -0.275929 -0.072483
-0.990132 -0.041710 -0.133788
-0.957263 -0.289203 -0.002884
-0.991052 -0.132271 -0.017912
-0.958441 -0.275929 -0.072483
-0.053475 0.406696 -0.911997
-0.012017 0.007630 -0.999899
-0.053475 0.406696 -0.911997
-0.958441 -0.275929 -0.072483
-0.990132 -0.041710 -0.133788
-0.811821 -0.578954 0.075894
-0.061411 0.250821 0.966084
-0.963371 -0.252782 0.089544
-0.061411 0.250821 0.966084
-0.811821 -0.578954 0.075894
0.110297 -0.145405 0.983205
-0.957686 -0.286657 0.025793
-0.811821 -0.578954 0.075894
-0.963371 -0.252782 0.089544
-0.811821 -0.578954 0.075894
-0.957686 -0.286657 0.025793
-0.819571 -0.572481 0.023853
-0.957686 -0.286657 0.025793
-0.819403 -0.573089 0.012147
-0.819571 -0.572481 0.023853
-0.819403 -0.573089 0.012147
-0.957686 -0.286657 0.025793
-0.956695 -0.290850 0.011844
-0.956695 -0.290850 0.011844
-0.817134 -0.576447 0.000415
-0.819403 -0.573089 0.012147
-0.817134 -0.576447 0.000415
-0.956695 -0.290850 0.011844
-0.957263 -0.289203 -0.002884
-0.957263 -0.289203 -0.002884
-0.795844 -0.603059 -0.054333
-0.817134 -0.576447 0.000415
-0.795844 -0.603059 -0.054333
-0.957263 -0.289203 -0.002884
-0.958441 -0.275929 -0.072483
-0.958441 -0.275929 -0.072483
0.240561 -0.376627 -0.894585
-0.795844 -0.603059 -0.054333
0.240561 -0.376627 -0.894585
-0.958441 -0.275929 -0.072483
-0.012017 0.007630 -0.999899
0.537015 -0.430223 0.725619
-0.811821 -0.578954 0.075894
-0.580538 -0.812144 0.058282
-0.811821 -0.578954 0.075894
0.537015 -0.430223 0.725619
0.110297 -0.145405 0.983205
-0.819571 -0.572481 0.023853
-0.580538 -0.812144 0.058282
-0.811821 -0.578954 0.075894
-0.580538 -0.812144 0.058282
-0.819571 -0.572481 0.023853
-0.582338 -0.812068 0.037779
-0.582338 -0.812068 0.037779
-0.819403 -0.573089 0.012147
-0.589192 -0.807948 0.008575
-0.819403 -0.573089 0.012147
-0.582338 -0.812068 0.037779
-0.819571 -0.572481 0.023853
-0.819403 -0.573089 0.012147
-0.576970 -0.816612 -0.015836
-0.589192 -0.807948 0.008575
-0.576970 -0.816612 -0.015836
-0.819403 -0.573089 0.012147
-0.817134 -0.576447 0.000415
-0.817134 -0.576447 0.000415
-0.568178 -0.822141 -0.035463
-0.576970 -0.816612 -0.015836
-0.817134 -0.576447 0.000415
-0.795844 -0.603059 -0.054333
-0.568178 -0.822141 -0.035463
-0.568178 -0.822141 -0.035463
-0.795844 -0.603059 -0.054333
0.647884 -0.544223 -0.532980
0.240561 -0.376627 -0.894585
0.647884 -0.544223 -0.532980
-0.795844 -0.603059 -0.054333
-0.582338 -0.812068 0.037779
-0.589192 -0.807948 0.008575
0.746053 -0.613319 0.259316
0.746053 -0.613319 0.259316
-0.589192 -0.807948 0.008575
0.768362 -0.637885 -0.052172
-0.589192 -0.807948 0.008575
0.735152 -0.612245 -0.291045
0.768362 -0.637885 -0.052172
0.735152 -0.612245 -0.291045
-0.589192 -0.807948 0.008575
-0.576970 -0.816612 -0.015836
-0.576970 -0.816612 -0.015836
0.647884 -0.544223 -0.532980
0.735152 -0.612245 -0.291045
0.647884 -0.544223 -0.532980
-0.576970 -0.816612 -0.015836
-0.568178 -0.822141 -0.035463
-0.025744 -0.196840 0.980098
-0.883796 -0.062505 0.463679
-0.935812 0.107253 0.335787
-0.935812 0.107253 0.335787
0.006831 0.538362 0.842686
-0.025744 -0.196840 0.980098
-0.897059 -0.129671 0.422457
-0.935812 0.107253 0.335787
-0.883796 -0.062505 0.463679
-0.935812 0.107253 0.335787
-0.897059 -0.129671 0.422457
-0.970677 -0.047914 0.235563
-0.897059 -0.129671 0.422457
-0.899127 -0.166592 0.404743
-0.976252 -0.068722 0.205451
-0.976252 -0.068722 0.205451
-0.970677 -0.047914 0.235563
-0.897059 -0.129671 0.422457
-0.899127 -0.166592 0.404743
-0.899209 -0.066179 0.432486
-0.986601 -0.051248 0.154892
-0.986601 -0.051248 0.154892
-0.976252 -0.068722 0.205451
-0.899127 -0.166592 0.404743
-0.986601 -0.051248 0.154892
-0.899209 -0.066179 0.432486
-0.107148 -0.981991 0.155606
-0.107148 -0.981991 0.155606
-0.899209 -0.066179 0.432486
-0.029853 -0.243018 0.969562
0.023401 0.794995 0.606165
0.006831 0.538362 0.842686
-0.982616 0.157019 0.099049
-0.935812 0.107253 0.335787
-0.982616 0.157019 0.099049
0.006831 0.538362 0.842686
-0.982616 0.157019 0.099049
-0.970677 -0.047914 0.235563
-0.998441 0.051631 -0.021187
-0.970677 -0.047914 0.235563
-0.982616 0.157019 0.099049
-0.935812 0.107253 0.335787
-0.976252 -0.068722 0.205451
-0.998441 0.051631 -0.021187
-0.970677 -0.047914 0.235563
-0.998441 0.051631 -0.021187
-0.976252 -0.068722 0.205451
-0.998160 0.047719 -0.037412
-0.998160 0.047719 -0.037412
-0.986601 -0.051248 0.154892
-0.991026 0.073082 -0.111918
-0.986601 -0.051248 0.154892
-0.998160 0.047719 -0.037412
-0.976252 -0.068722 0.205451
-0.991026 0.073082 -0.111918
-0.107148 -0.981991 0.155606
-0.022627 -0.377313 -0.925810
-0.107148 -0.981991 0.155606
-0.991026 0.073082 -0.111918
-0.986601 -0.051248 0.154892
-0.019513 0.634848 0.772391
-0.982616 0.157019 0.099049
-0.984402 0.173180 0.031004
-0.982616 0.157019 0.099049
-0.019513 0.634848 0.772391
0.023401 0.794995 0.606165
-0.984402 0.173180 0.031004
-0.998441 0.051631 -0.021187
-0.994963 0.071645 -0.070117
-0.998441 0.051631 -0.021187
-0.984402 0.173180 0.031004
-0.982616 0.157019 0.099049
-0.998160 0.047719 -0.037412
-0.994963 0.071645 -0.070117
-0.998441 0.051631 -0.021187
-0.994963 0.071645 -0.070117
-0.998160 0.047719 -0.037412
-0.994801 0.067634 -0.076136
-0.991026 0.073082 -0.111918
-0.994801 0.067634 -0.076136
-0.998160 0.047719 -0.037412
-0.994801 0.067634 -0.076136
-0.991026 0.073082 -0.111918
-0.985676 0.081015 -0.147919
-0.985676 0.081015 -0.147919
-0.022627 -0.377313 -0.925810
-0.003648 -0.646815 -0.762639
-0.022627 -0.377313 -0.925810
-0.985676 0.081015 -0.147919
-0.991026 0.073082 -0.111918
-0.984402 0.173180 0.031004
-0.067028 0.529631 0.845575
-0.019513 0.634848 0.772391
-0.067028 0.529631 0.845575
-0.984402 0.173180 0.031004
-0.979666 0.197589 0.034829
-0.979666 0.197589 0.034829
-0.994963 0.071645 -0.070117
-0.992422 0.082580 -0.090991
-0.994963 0.071645 -0.070117
-0.979666 0.197589 0.034829
-0.984402 0.173180 0.031004
-0.994801 0.067634 -0.076136
-0.992422 0.082580 -0.090991
-0.994963 0.071645 -0.070117
-0.992422 0.082580 -0.090991
-0.994801 0.067634 -0.076136
-0.992370 0.076461 -0.096723
-0.985676 0.081015 -0.147919
-0.992370 0.076461 -0.096723
-0.994801 0.067634 -0.076136
-0.992370 0.076461 -0.096723
-0.985676 0.081015 -0.147919
-0.985804 0.039820 -0.163108
-0.985804 0.039820 -0.163108
-0.003648 -0.646815 -0.762639
-0.075455 -0.931730 -0.355227
-0.003648 -0.646815 -0.762639
-0.985804 0.039820 -0.163108
-0.985676 0.081015 -0.147919
-0.067028 0.529631 0.845575
-0.984461 0.164304 0.061973
-0.141470 0.189360 0.971663
-0.979666 0.197589 0.034829
-0.984461 0.164304 0.061973
-0.067028 0.529631 0.845575
-0.984461 0.164304 0.061973
-0.992422 0.082580 -0.090991
-0.997217 0.056222 0.048955
-0.992422 0.082580 -0.090991
-0.984461 0.164304 0.061973
-0.979666 0.197589 0.034829
-0.992370 0.076461 -0.096723
-0.997217 0.056222 0.048955
-0.992422 0.082580 -0.090991
-0.997217 0.056222 0.048955
-0.992370 0.076461 -0.096723
-0.999596 0.009562 -0.026774
-0.992370 0.076461 -0.096723
-0.985804 0.039820 -0.163108
-0.992640 0.011860 -0.120517
-0.992640 0.011860 -0.120517
-0.999596 0.009562 -0.026774
-0.992370 0.076461 -0.096723
-0.985804 0.039820 -0.163108
-0.155937 -0.942306 0.296213
-0.992640 0.011860 -0.120517
-0.075455 -0.931730 -0.355227
-0.155937 -0.942306 0.296213
-0.985804 0.039820 -0.163108
-0.063700 -0.310489 -0.948440
-0.984556 -0.106502 -0.138948
-0.131530 -0.985668 -0.105635
-0.984556 -0.106502 -0.138948
-0.063700 -0.310489 -0.948440
-0.823372 -0.093297 -0.559780
-0.869091 -0.186370 -0.458200
-0.984556 -0.106502 -0.138948
-0.823372 -0.093297 -0.559780
-0.984556 -0.106502 -0.138948
-0.869091 -0.186370 -0.458200
-0.975116 -0.087927 -0.203511
-0.869091 -0.186370 -0.458200
-0.860430 -0.206274 -0.465953
-0.969014 -0.091933 -0.229260
-0.969014 -0.091933 -0.229260
-0.975116 -0.087927 -0.203511
-0.869091 -0.186370 -0.458200
-0.860430 -0.206274 -0.465953
-0.740087 -0.196549 -0.643148
-0.932691 0.061455 -0.355402
-0.932691 0.061455 -0.355402
-0.969014 -0.091933 -0.229260
-0.860430 -0.206274 -0.465953
-0.932691 0.061455 -0.355402
0.000647 -0.137075 -0.990560
-0.070932 0.394981 -0.915947
0.000647 -0.137075 -0.990560
-0.932691 0.061455 -0.355402
-0.740087 -0.196549 -0.643148
-0.963435 0.029463 0.266316
-0.131530 -0.985668 -0.105635
-0.981124 0.033215 0.190508
-0.984556 -0.106502 -0.138948
-0.981124 0.033215 0.190508
-0.131530 -0.985668 -0.105635
-0.975116 -0.087927 -0.203511
-0.994881 0.038350 0.093491
-0.984556 -0.106502 -0.138948
-0.994881 0.038350 0.093491
-0.981124 0.033215 0.190508
-0.984556 -0.106502 -0.138948
-0.969014 -0.091933 -0.229260
-0.995464 0.046841 0.082806
-0.975116 -0.087927 -0.203511
-0.995464 0.046841 0.082806
-0.994881 0.038350 0.093491
-0.975116 -0.087927 -0.203511
-0.932691 0.061455 -0.355402
-0.983888 0.178030 0.016419
-0.969014 -0.091933 -0.229260
-0.983888 0.178030 0.016419
-0.995464 0.046841 0.082806
-0.969014 -0.091933 -0.229260
-0.983888 0.178030 0.016419
-0.070932 0.394981 -0.915947
-0.895714 0.407961 -0.176818
-0.070932 0.394981 -0.915947
-0.983888 0.178030 0.016419
-0.932691 0.061455 -0.355402
-0.988701 0.029398 0.146990
-0.963435 0.029463 0.266316
-0.981124 0.033215 0.190508
-0.963435 0.029463 0.266316
-0.988701 0.029398 0.146990
-0.982354 -0.047335 0.180941
-0.994881 0.038350 0.093491
-0.992472 0.050764 0.111452
-0.981124 0.033215 0.190508
-0.992472 0.050764 0.111452
-0.988701 0.029398 0.146990
-0.981124 0.033215 0.190508
-0.995464 0.046841 0.082806
-0.992656 0.058780 0.105728
-0.994881 0.038350 0.093491
-0.992656 0.058780 0.105728
-0.992472 0.050764 0.111452
-0.994881 0.038350 0.093491
-0.986515 0.160573 0.031694
-0.995464 0.046841 0.082806
-0.983888 0.178030 0.016419
-0.995464 0.046841 0.082806
-0.986515 0.160573 0.031694
-0.992656 0.058780 0.105728
-0.986515 0.160573 0.031694
-0.895714 0.407961 -0.176818
-0.918342 0.347926 -0.188667
-0.895714 0.407961 -0.176818
-0.986515 0.160573 0.031694
-0.983888 0.178030 0.016419
-0.025953 0.721480 -0.691949
-0.043908 0.637877 -0.768885
-0.918342 0.347926 -0.188667
-0.918342 0.347926 -0.188667
-0.895714 0.407961 -0.176818
-0.025953 0.721480 -0.691949
-0.990703 -0.090099 0.101934
-0.982354 -0.047335 0.180941
-0.988701 0.029398 0.146990
-0.988701 0.029398 0.146990
-0.992426 0.008400 0.122559
-0.990703 -0.090099 0.101934
-0.992426 0.008400 0.122559
-0.992472 0.050764 0.111452
-0.996078 -0.007253 0.088182
-0.992472 0.050764 0.111452
-0.992426 0.008400 0.122559
-0.988701 0.029398 0.146990
-0.996078 -0.007253 0.088182
-0.992656 0.058780 0.105728
-0.998389 0.027489 0.049633
-0.992656 0.058780 0.105728
-0.996078 -0.007253 0.088182
-0.992472 0.050764 0.111452
-0.998389 0.027489 0.049633
-0.992656 0.058780 0.105728
-0.989708 0.142437 0.013747
-0.986515 0.160573 0.031694
-0.989708 0.142437 0.013747
-0.992656 0.058780 0.105728
-0.989708 0.142437 0.013747
-0.918342 0.347926 -0.188667
-0.950624 0.210985 -0.227596
-0.918342 0.347926 -0.188667
-0.989708 0.142437 0.013747
-0.986515 0.160573 0.031694
-0.043908 0.637877 -0.768885
-0.097764 0.294151 -0.950746
-0.950624 0.210985 -0.227596
-0.950624 0.210985 -0.227596
-0.918342 0.347926 -0.188667
-0.043908 0.637877 -0.768885
-0.051983 0.538715 -0.840883
0.698521 0.377888 -0.607675
0.664525 0.374031 -0.646921
0.698521 0.377888 -0.607675
-0.051983 0.538715 -0.840883
-0.052520 0.528684 -0.847192
-0.045092 0.246598 -0.968068
-0.364044 0.213919 -0.906482
-0.342311 0.382807 -0.858069
-0.045092 0.246598 -0.968068
-0.342311 0.382807 -0.858069
-0.049507 0.404648 -0.913131
-0.364044 0.213919 -0.906482
-0.718225 0.243479 -0.651821
-0.982562 0.062560 0.175093
-0.364044 0.213919 -0.906482
-0.982562 0.062560 0.175093
-0.342311 0.382807 -0.858069
0.046190 -0.290122 0.955874
0.723553 0.238895 0.647611
0.033149 0.069445 0.997035
0.723553 0.238895 0.647611
0.046190 -0.290122 0.955874
0.134930 -0.312992 0.940122
-0.049507 0.404648 -0.913131
-0.342311 0.382807 -0.858069
-0.364102 0.484451 -0.795447
-0.049507 0.404648 -0.913131
-0.364102 0.484451 -0.795447
-0.051372 0.493016 -0.868502
-0.342311 0.382807 -0.858069
-0.982562 0.062560 0.175093
-0.977575 0.050357 0.204480
-0.342311 0.382807 -0.858069
-0.977575 0.050357 0.204480
-0.364102 0.484451 -0.795447
0.051233 -0.485426 0.872775
0.220277 -0.498034 0.838714
0.046190 -0.290122 0.955874
0.220277 -0.498034 0.838714
0.134930 -0.312992 0.940122
0.046190 -0.290122 0.955874
-0.051372 0.493016 -0.868502
-0.364102 0.484451 -0.795447
-0.424376 0.660204 -0.619706
-0.051372 0.493016 -0.868502
-0.424376 0.660204 -0.619706
-0.053749 0.649851 -0.758159
-0.364102 0.484451 -0.795447
-0.977575 0.050357 0.204480
-0.884196 0.181608 0.430366
-0.364102 0.484451 -0.795447
-0.884196 0.181608 0.430366
-0.424376 0.660204 -0.619706
0.052692 -0.569689 0.820169
0.281832 -0.636769 0.717702
0.051233 -0.485426 0.872775
0.281832 -0.636769 0.717702
0.220277 -0.498034 0.838714
0.051233 -0.485426 0.872775
-0.053749 0.649851 -0.758159
-0.483452 0.821873 -0.301328
-0.052970 0.860508 -0.506676
-0.483452 0.821873 -0.301328
-0.053749 0.649851 -0.758159
-0.424376 0.660204 -0.619706
-0.424376 0.660204 -0.619706
-0.884196 0.181608 0.430366
-0.681479 0.167960 0.712303
-0.424376 0.660204 -0.619706
-0.681479 0.167960 0.712303
-0.483452 0.821873 -0.301328
0.281832 -0.636769 0.717702
0.052692 -0.569689 0.820169
0.242944 -0.848705 0.469764
0.052136 -0.898636 0.435587
0.242944 -0.848705 0.469764
0.052692 -0.569689 0.820169
-0.992927 0.081631 0.086209
-0.585381 0.456399 -0.670097
-0.718225 0.243479 -0.651821
-0.585381 0.456399 -0.670097
-0.992927 0.081631 0.086209
-0.986094 0.154876 0.060272
-0.927739 0.089264 0.362398
-0.854564 0.017543 0.519050
-0.842012 0.013730 0.539284
-0.854564 0.017543 0.519050
-0.820698 -0.068662 0.567222
-0.842012 0.013730 0.539284
-0.754182 0.560631 0.341909
-0.869908 0.430281 0.241079
-0.507909 0.740164 0.440665
-0.603394 0.653184 0.457457
-0.507909 0.740164 0.440665
-0.869908 0.430281 0.241079
-0.603394 0.653184 0.457457
-0.204305 0.819702 0.535115
-0.507909 0.740164 0.440665
-0.603394 0.653184 0.457457
-0.143964 0.769077 0.622732
-0.204305 0.819702 0.535115
-0.986094 0.154876 0.060272
-0.486959 0.598043 -0.636565
-0.585381 0.456399 -0.670097
-0.486959 0.598043 -0.636565
-0.986094 0.154876 0.060272
-0.924843 0.372149 0.078548
-0.854564 0.017543 0.519050
-0.798041 0.152607 0.582960
-0.804054 0.151010 0.575060
-0.854564 0.017543 0.519050
-0.804054 0.151010 0.575060
-0.820698 -0.068662 0.567222
-0.758926 0.292892 0.581589
-0.857610 0.234188 0.457888
-0.513477 0.470337 0.717722
-0.518414 0.557295 0.648590
-0.513477 0.470337 0.717722
-0.857610 0.234188 0.457888
-0.513477 0.470337 0.717722
-0.518414 0.557295 0.648590
0.002290 0.636722 0.771090
0.002290 0.636722 0.771090
-0.518414 0.557295 0.648590
-0.006533 0.747004 0.664788
-0.924843 0.372149 0.078548
-0.350798 0.796159 -0.493024
-0.486959 0.598043 -0.636565
-0.350798 0.796159 -0.493024
-0.924843 0.372149 0.078548
-0.601622 0.793516 0.091560
-0.798041 0.152607 0.582960
-0.529284 0.778875 0.336471
-0.601622 0.793516 0.091560
-0.798041 0.152607 0.582960
-0.601622 0.793516 0.091560
-0.804054 0.151010 0.575060
-0.758926 0.292892 0.581589
-0.298653 0.829180 0.472511
-0.529284 0.778875 0.336471
-0.298653 0.829180 0.472511
-0.758926 0.292892 0.581589
-0.513477 0.470337 0.717722
-0.513477 0.470337 0.717722
0.002290 0.636722 0.771090
-0.016493 0.863357 0.504324
-0.513477 0.470337 0.717722
-0.016493 0.863357 0.504324
-0.298653 0.829180 0.472511
-0.649076 -0.106034 -0.753298
-0.006901 -0.195745 -0.980631
-0.667466 -0.152923 -0.728769
-0.006901 -0.195745 -0.980631
-0.649076 -0.106034 -0.753298
-0.003828 -0.122108 -0.992509
-0.915669 -0.124353 -0.382212
-0.667466 -0.152923 -0.728769
-0.928976 -0.111771 -0.352860
-0.667466 -0.152923 -0.728769
-0.915669 -0.124353 -0.382212
-0.649076 -0.106034 -0.753298
-0.992651 -0.119790 0.017167
-0.928976 -0.111771 -0.352860
-0.997040 -0.073629 0.022127
-0.928976 -0.111771 -0.352860
-0.992651 -0.119790 0.017167
-0.915669 -0.124353 -0.382212
-0.951993 -0.041963 0.303232
-0.997040 -0.073629 0.022127
-0.957047 -0.039293 0.287257
-0.997040 -0.073629 0.022127
-0.951993 -0.041963 0.303232
-0.992651 -0.119790 0.017167
-0.904042 -0.009925 0.427329
-0.951993 -0.041963 0.303232
-0.957047 -0.039293 0.287257
-0.951993 -0.041963 0.303232
-0.904042 -0.009925 0.427329
-0.891582 -0.021449 0.452350
-0.089593 -0.766960 0.635410
-0.038399 0.220567 0.974616
-0.995005 -0.091933 -0.038909
-0.995005 -0.091933 -0.038909
-0.038399 0.220567 0.974616
-0.978848 0.189208 0.077820
-0.668398 -0.227759 -0.708075
-0.667183 -0.192667 -0.719546
-0.037654 -0.294172 -0.955010
-0.037654 -0.294172 -0.955010
-0.667183 -0.192667 -0.719546
-0.019195 -0.248054 -0.968556
-0.929077 -0.123584 -0.348630
-0.668398 -0.227759 -0.708075
-0.925900 -0.147244 -0.347892
-0.668398 -0.227759 -0.708075
-0.929077 -0.123584 -0.348630
-0.667183 -0.192667 -0.719546
-0.997411 -0.068669 0.021364
-0.925900 -0.147244 -0.347892
-0.997324 -0.069044 0.024032
-0.925900 -0.147244 -0.347892
-0.997411 -0.068669 0.021364
-0.929077 -0.123584 -0.348630
-0.958046 -0.033950 0.284596
-0.997324 -0.069044 0.024032
-0.957658 -0.035476 0.285714
-0.997324 -0.069044 0.024032
-0.958046 -0.033950 0.284596
-0.997411 -0.068669 0.021364
-0.908951 0.005343 0.416870
-0.958046 -0.033950 0.284596
-0.917679 0.005722 0.397282
-0.917679 0.005722 0.397282
-0.958046 -0.033950 0.284596
-0.957658 -0.035476 0.285714
-0.985955 -0.058558 -0.156410
-0.066390 -0.126484 0.989745
-0.980808 0.164596 0.104518
-0.066390 -0.126484 0.989745
-0.985955 -0.058558 -0.156410
-0.083819 -0.955670 0.282257
-0.656493 -0.283043 -0.699216
-0.668238 -0.261134 -0.696611
-0.044868 -0.346542 -0.936961
-0.044868 -0.346542 -0.936961
-0.668238 -0.261134 -0.696611
-0.044084 -0.332746 -0.941986
-0.920358 -0.167841 -0.353228
-0.656493 -0.283043 -0.699216
-0.913740 -0.184064 -0.362215
-0.656493 -0.283043 -0.699216
-0.920358 -0.167841 -0.353228
-0.668238 -0.261134 -0.696611
-0.997429 -0.068091 0.022316
-0.913740 -0.184064 -0.362215
-0.997024 -0.073055 0.024606
-0.913740 -0.184064 -0.362215
-0.997429 -0.068091 0.022316
-0.920358 -0.167841 -0.353228
-0.955694 -0.034714 0.292306
-0.997024 -0.073055 0.024606
-0.950870 -0.044630 0.306356
-0.997024 -0.073055 0.024606
-0.955694 -0.034714 0.292306
-0.997429 -0.068091 0.022316
-0.893317 -0.065642 0.444607
-0.918164 -0.011062 0.396046
-0.955694 -0.034714 0.292306
-0.893317 -0.065642 0.444607
-0.955694 -0.034714 0.292306
-0.950870 -0.044630 0.306356
-0.986157 -0.014496 -0.165178
-0.068546 -0.997133 -0.032055
-0.987338 0.128174 0.093460
-0.987338 0.128174 0.093460
-0.068546 -0.997133 -0.032055
-0.089072 -0.559689 0.823902
-0.932449 -0.211867 0.292661
-0.891582 -0.021449 0.452350
-0.030394 -0.071034 0.997011
-0.932449 -0.211867 0.292661
-0.030394 -0.071034 0.997011
-0.025264 -0.841992 0.538898
-0.875254 0.085103 0.476117
-0.911587 0.268394 0.311405
-0.032989 0.322283 0.946068
-0.911587 0.268394 0.311405
-0.011542 0.868824 0.494987
-0.032989 0.322283 0.946068
-0.911587 0.268394 0.311405
-0.875254 0.085103 0.476117
-0.932449 -0.211867 0.292661
-0.932449 -0.211867 0.292661
-0.875254 0.085103 0.476117
-0.891582 -0.021449 0.452350
-0.025264 -0.841992 0.538898
-0.025327 -0.968287 -0.248552
-0.932449 -0.211867 0.292661
0.001950 0.969537 0.244936
-0.011542 0.868824 0.494987
-0.977151 0.211309 0.022885
-0.911587 0.268394 0.311405
-0.977151 0.211309 0.022885
-0.011542 0.868824 0.494987
-0.977151 0.211309 0.022885
-0.911587 0.268394 0.311405
-0.991253 -0.130097 -0.022193
-0.991253 -0.130097 -0.022193
-0.911587 0.268394 0.311405
-0.932449 -0.211867 0.292661
-0.983341 -0.093857 -0.155665
-0.025327 -0.968287 -0.248552
-0.001524 -0.875054 -0.484024
-0.001808 0.934150 0.356875
0.001950 0.969537 0.244936
-0.981185 0.192273 0.017549
-0.981185 0.192273 0.017549
0.001950 0.969537 0.244936
-0.977151 0.211309 0.022885
-0.981185 0.192273 0.017549
-0.991253 -0.130097 -0.022193
-0.983341 -0.093857 -0.155665
-0.991253 -0.130097 -0.022193
-0.981185 0.192273 0.017549
-0.977151 0.211309 0.022885
-0.976941 -0.115958 -0.179277
-0.001524 -0.875054 -0.484024
0.002337 -0.848681 -0.528899
-0.001524 -0.875054 -0.484024
-0.976941 -0.115958 -0.179277
-0.983341 -0.093857 -0.155665
-0.009064 0.811761 0.583919
-0.981185 0.192273 0.017549
-0.977002 0.209434 0.040056
-0.981185 0.192273 0.017549
-0.009064 0.811761 0.583919
-0.001808 0.934150 0.356875
-0.977002 0.209434 0.040056
-0.983341 -0.093857 -0.155665
-0.976941 -0.115958 -0.179277
-0.983341 -0.093857 -0.155665
-0.977002 0.209434 0.040056
-0.981185 0.192273 0.017549
0.002337 -0.848681 -0.528899
-0.079304 -0.857607 0.508155
-0.985438 -0.133515 -0.105286
0.002337 -0.848681 -0.528899
-0.985438 -0.133515 -0.105286
-0.976941 -0.115958 -0.179277
-0.073555 0.122195 0.989777
-0.009064 0.811761 0.583919
-0.980086 0.177764 0.088500
-0.977002 0.209434 0.040056
-0.980086 0.177764 0.088500
-0.009064 0.811761 0.583919
-0.980086 0.177764 0.088500
-0.976941 -0.115958 -0.179277
-0.985438 -0.133515 -0.105286
-0.976941 -0.115958 -0.179277
-0.980086 0.177764 0.088500
-0.977002 0.209434 0.040056
-0.032989 0.322283 0.946068
-0.917183 -0.032187 0.397164
-0.875254 0.085103 0.476117
-0.917183 -0.032187 0.397164
-0.032989 0.322283 0.946068
-0.035467 -0.518897 0.854100
-0.800525 0.271691 0.534176
-0.926672 0.238421 0.290576
-0.004924 0.888040 0.459739
-0.004924 0.888040 0.459739
0.003260 0.557643 0.830075
-0.800525 0.271691 0.534176
-0.926672 0.238421 0.290576
-0.875254 0.085103 0.476117
-0.917183 -0.032187 0.397164
-0.875254 0.085103 0.476117
-0.926672 0.238421 0.290576
-0.800525 0.271691 0.534176
-0.994549 -0.094812 0.043392
-0.035467 -0.518897 0.854100
-0.023548 -0.912079 0.409337
-0.035467 -0.518897 0.854100
-0.994549 -0.094812 0.043392
-0.917183 -0.032187 0.397164
-0.013581 0.840081 0.542291
-0.944050 0.329032 0.022521
-0.979830 -0.145451 0.137031
-0.979830 -0.145451 0.137031
-0.054728 -0.202458 0.977761
-0.013581 0.840081 0.542291
-0.988936 0.140403 0.047882
-0.917183 -0.032187 0.397164
-0.994549 -0.094812 0.043392
-0.917183 -0.032187 0.397164
-0.988936 0.140403 0.047882
-0.926672 0.238421 0.290576
-0.993130 -0.114002 -0.026396
-0.023548 -0.912079 0.409337
-0.021369 -0.993124 0.115105
-0.023548 -0.912079 0.409337
-0.993130 -0.114002 -0.026396
-0.994549 -0.094812 0.043392
0.015184 0.999874 0.004716
0.002299 0.957499 0.288427
-0.982768 0.180104 -0.041592
-0.988936 0.140403 0.047882
-0.982768 0.180104 -0.041592
0.002299 0.957499 0.288427
-0.982768 0.180104 -0.041592
-0.994549 -0.094812 0.043392
-0.993130 -0.114002 -0.026396
-0.994549 -0.094812 0.043392
-0.982768 0.180104 -0.041592
-0.988936 0.140403 0.047882
-0.990177 -0.130083 -0.051268
-0.021369 -0.993124 0.115105
-0.018496 -0.999659 -0.018411
-0.021369 -0.993124 0.115105
-0.990177 -0.130083 -0.051268
-0.993130 -0.114002 -0.026396
0.016345 0.998251 0.056808
0.015184 0.999874 0.004716
-0.981520 0.186956 -0.040825
-0.981520 0.186956 -0.040825
0.015184 0.999874 0.004716
-0.982768 0.180104 -0.041592
-0.981520 0.186956 -0.040825
-0.993130 -0.114002 -0.026396
-0.990177 -0.130083 -0.051268
-0.993130 -0.114002 -0.026396
-0.981520 0.186956 -0.040825
-0.982768 0.180104 -0.041592
-0.981876 -0.153339 -0.111381
-0.018496 -0.999659 -0.018411
-0.033363 -0.986030 -0.163194
-0.018496 -0.999659 -0.018411
-0.981876 -0.153339 -0.111381
-0.990177 -0.130083 -0.051268
0.017905 0.944489 0.328054
-0.981520 0.186956 -0.040825
-0.976079 0.216642 -0.018308
-0.981520 0.186956 -0.040825
0.017905 0.944489 0.328054
0.016345 0.998251 0.056808
-0.976079 0.216642 -0.018308
-0.990177 -0.130083 -0.051268
-0.981876 -0.153339 -0.111381
-0.990177 -0.130083 -0.051268
-0.976079 0.216642 -0.018308
-0.981520 0.186956 -0.040825
-0.929454 -0.178061 0.323124
-0.883796 -0.062505 0.463679
-0.025744 -0.196840 0.980098
-0.929454 -0.178061 0.323124
-0.025744 -0.196840 0.980098
-0.088457 -0.806678 0.584334
-0.891582 -0.021449 0.452350
-0.906206 0.235075 0.351468
-0.030394 -0.071034 0.997011
-0.906206 0.235075 0.351468
0.012498 0.766689 0.641897
-0.030394 -0.071034 0.997011
-0.906206 0.235075 0.351468
-0.904042 -0.009925 0.427329
-0.958317 0.020993 0.284935
-0.904042 -0.009925 0.427329
-0.906206 0.235075 0.351468
-0.891582 -0.021449 0.452350
-0.958317 0.020993 0.284935
-0.908951 0.005343 0.416870
-0.964725 0.037765 0.260537
-0.908951 0.005343 0.416870
-0.958317 0.020993 0.284935
-0.904042 -0.009925 0.427329
-0.964725 0.037765 0.260537
-0.917679 0.005722 0.397282
-0.967550 0.028992 0.251012
-0.917679 0.005722 0.397282
-0.964725 0.037765 0.260537
-0.908951 0.005343 0.416870
-0.967550 0.028992 0.251012
-0.918164 -0.011062 0.396046
-0.969839 0.013161 0.243392
-0.918164 -0.011062 0.396046
-0.967550 0.028992 0.251012
-0.917679 0.005722 0.397282
-0.967299 -0.013161 0.253296
-0.969839 0.013161 0.243392
-0.918164 -0.011062 0.396046
-0.967299 -0.013161 0.253296
-0.918164 -0.011062 0.396046
-0.893317 -0.065642 0.444607
-0.967299 -0.013161 0.253296
-0.893317 -0.065642 0.444607
-0.929454 -0.178061 0.323124
-0.929454 -0.178061 0.323124
-0.893317 -0.065642 0.444607
-0.883796 -0.062505 0.463679
-0.993231 -0.116158 0.000572
-0.088457 -0.806678 0.584334
-0.079991 -0.981534 0.173762
-0.993231 -0.116158 0.000572
-0.929454 -0.178061 0.323124
-0.088457 -0.806678 0.584334
0.037550 0.937831 0.345055
0.012498 0.766689 0.641897
-0.980893 0.192781 0.026150
-0.906206 0.235075 0.351468
-0.980893 0.192781 0.026150
0.012498 0.766689 0.641897
-0.980893 0.192781 0.026150
-0.958317 0.020993 0.284935
-0.997973 0.063322 -0.006294
-0.958317 0.020993 0.284935
-0.980893 0.192781 0.026150
-0.906206 0.235075 0.351468
-0.997973 0.063322 -0.006294
-0.964725 0.037765 0.260537
-0.998155 0.059510 -0.012016
-0.964725 0.037765 0.260537
-0.997973 0.063322 -0.006294
-0.958317 0.020993 0.284935
-0.998155 0.059510 -0.012016
-0.967550 0.028992 0.251012
-0.998143 0.057792 -0.019264
-0.967550 0.028992 0.251012
-0.998155 0.059510 -0.012016
-0.964725 0.037765 0.260537
-0.998143 0.057792 -0.019264
-0.969839 0.013161 0.243392
-0.998272 0.054740 -0.021362
-0.969839 0.013161 0.243392
-0.998143 0.057792 -0.019264
-0.967550 0.028992 0.251012
-0.998272 0.054740 -0.021362
-0.967299 -0.013161 0.253296
-0.999523 -0.000191 -0.030899
-0.967299 -0.013161 0.253296
-0.998272 0.054740 -0.021362
-0.969839 0.013161 0.243392
-0.993231 -0.116158 0.000572
-0.999523 -0.000191 -0.030899
-0.967299 -0.013161 0.253296
-0.993231 -0.116158 0.000572
-0.967299 -0.013161 0.253296
-0.929454 -0.178061 0.323124
-0.994048 -0.065612 -0.086974
-0.079798 -0.449370 0.889775
-0.054861 -0.973747 -0.220924
-0.079798 -0.449370 0.889775
-0.994048 -0.065612 -0.086974
-0.997973 0.063322 -0.006294
0.042576 0.912857 0.406053
0.037550 0.937831 0.345055
-0.982001 0.188835 -0.003815
-0.980893 0.192781 0.026150
-0.982001 0.188835 -0.003815
0.037550 0.937831 0.345055
-0.982001 0.188835 -0.003815
-0.980893 0.192781 0.026150
-0.994048 -0.065612 -0.086974
-0.994048 -0.065612 -0.086974
-0.980893 0.192781 0.026150
-0.997973 0.063322 -0.006294
-0.990357 -0.068281 -0.120540
-0.054861 -0.973747 -0.220924
-0.041241 -0.906258 -0.420708
-0.054861 -0.973747 -0.220924
-0.990357 -0.068281 -0.120540
-0.994048 -0.065612 -0.086974
0.038935 0.894814 0.444737
0.042576 0.912857 0.406053
-0.980338 0.197220 0.006485
-0.982001 0.188835 -0.003815
-0.980338 0.197220 0.006485
0.042576 0.912857 0.406053
-0.980338 0.197220 0.006485
-0.994048 -0.065612 -0.086974
-0.990357 -0.068281 -0.120540
-0.994048 -0.065612 -0.086974
-0.980338 0.197220 0.006485
-0.982001 0.188835 -0.003815
-0.988868 -0.085072 -0.122077
-0.041241 -0.906258 -0.420708
-0.044119 -0.920738 -0.387679
-0.041241 -0.906258 -0.420708
-0.988868 -0.085072 -0.122077
-0.990357 -0.068281 -0.120540
0.035789 0.877741 0.477797
0.038935 0.894814 0.444737
-0.976819 0.212838 0.022886
-0.980338 0.197220 0.006485
-0.976819 0.212838 0.022886
0.038935 0.894814 0.444737
-0.976819 0.212838 0.022886
-0.990357 -0.068281 -0.120540
-0.988868 -0.085072 -0.122077
-0.990357 -0.068281 -0.120540
-0.976819 0.212838 0.022886
-0.980338 0.197220 0.006485
-0.044119 -0.920738 -0.387679
-0.089593 -0.766960 0.635410
-0.995005 -0.091933 -0.038909
-0.995005 -0.091933 -0.038909
-0.988868 -0.085072 -0.122077
-0.044119 -0.920738 -0.387679
-0.038399 0.220567 0.974616
0.035789 0.877741 0.477797
-0.978848 0.189208 0.077820
-0.976819 0.212838 0.022886
-0.978848 0.189208 0.077820
0.035789 0.877741 0.477797
-0.978848 0.189208 0.077820
-0.988868 -0.085072 -0.122077
-0.995005 -0.091933 -0.038909
-0.988868 -0.085072 -0.122077
-0.978848 0.189208 0.077820
-0.976819 0.212838 0.022886
-0.994333 -0.036240 -0.099945
-0.064258 -0.069419 0.995516
-0.039965 -0.904571 -0.424447
-0.064258 -0.069419 0.995516
-0.994333 -0.036240 -0.099945
-0.998155 0.059510 -0.012016
0.015908 0.755946 0.654441
-0.079798 -0.449370 0.889775
-0.982720 0.180797 0.039669
-0.997973 0.063322 -0.006294
-0.982720 0.180797 0.039669
-0.079798 -0.449370 0.889775
-0.982720 0.180797 0.039669
-0.998155 0.059510 -0.012016
-0.994333 -0.036240 -0.099945
-0.998155 0.059510 -0.012016
-0.982720 0.180797 0.039669
-0.997973 0.063322 -0.006294
-0.987804 -0.053791 -0.146114
-0.039965 -0.904571 -0.424447
-0.024068 -0.803939 -0.594224
-0.039965 -0.904571 -0.424447
-0.987804 -0.053791 -0.146114
-0.994333 -0.036240 -0.099945
0.019146 0.770234 0.637474
0.015908 0.755946 0.654441
-0.978487 0.199874 0.051113
-0.982720 0.180797 0.039669
-0.978487 0.199874 0.051113
0.015908 0.755946 0.654441
-0.978487 0.199874 0.051113
-0.994333 -0.036240 -0.099945
-0.987804 -0.053791 -0.146114
-0.994333 -0.036240 -0.099945
-0.978487 0.199874 0.051113
-0.982720 0.180797 0.039669
-0.981295 -0.082490 -0.173944
-0.024068 -0.803939 -0.594224
-0.022342 -0.790002 -0.612697
-0.024068 -0.803939 -0.594224
-0.981295 -0.082490 -0.173944
-0.987804 -0.053791 -0.146114
0.017774 0.756142 0.654166
0.019146 0.770234 0.637474
-0.970207 0.228110 0.081631
-0.978487 0.199874 0.051113
-0.970207 0.228110 0.081631
0.019146 0.770234 0.637474
-0.970207 0.228110 0.081631
-0.987804 -0.053791 -0.146114
-0.981295 -0.082490 -0.173944
-0.987804 -0.053791 -0.146114
-0.970207 0.228110 0.081631
-0.978487 0.199874 0.051113
-0.022342 -0.790002 -0.612697
-0.085022 -0.943445 0.320442
-0.984167 -0.107182 -0.141161
-0.022342 -0.790002 -0.612697
-0.984167 -0.107182 -0.141161
-0.981295 -0.082490 -0.173944
-0.068076 -0.145567 0.987004
0.017774 0.756142 0.654166
-0.968769 0.214522 0.124369
-0.970207 0.228110 0.081631
-0.968769 0.214522 0.124369
0.017774 0.756142 0.654166
-0.984167 -0.107182 -0.141161
-0.970207 0.228110 0.081631
-0.981295 -0.082490 -0.173944
-0.970207 0.228110 0.081631
-0.984167 -0.107182 -0.141161
-0.968769 0.214522 0.124369
0.001526 0.642807 0.766027
-0.064258 -0.069419 0.995516
-0.982883 0.171855 0.066377
-0.998155 0.059510 -0.012016
-0.982883 0.171855 0.066377
-0.064258 -0.069419 0.995516
-0.982883 0.171855 0.066377
-0.998143 0.057792 -0.019264
-0.992434 -0.028610 -0.119400
-0.998143 0.057792 -0.019264
-0.982883 0.171855 0.066377
-0.998155 0.059510 -0.012016
-0.992434 -0.028610 -0.119400
-0.081468 -0.401866 0.912067
-0.020072 -0.777799 -0.628193
-0.081468 -0.401866 0.912067
-0.992434 -0.028610 -0.119400
-0.998143 0.057792 -0.019264
0.003457 0.648806 0.760946
0.001526 0.642807 0.766027
-0.981052 0.179676 0.072481
-0.982883 0.171855 0.066377
-0.981052 0.179676 0.072481
0.001526 0.642807 0.766027
-0.981052 0.179676 0.072481
-0.992434 -0.028610 -0.119400
-0.984481 -0.039865 -0.170905
-0.992434 -0.028610 -0.119400
-0.981052 0.179676 0.072481
-0.982883 0.171855 0.066377
-0.984481 -0.039865 -0.170905
-0.020072 -0.777799 -0.628193
-0.008025 -0.685884 -0.727667
-0.020072 -0.777799 -0.628193
-0.984481 -0.039865 -0.170905
-0.992434 -0.028610 -0.119400
0.001192 0.629938 0.776645
0.003457 0.648806 0.760946
-0.978269 0.187498 0.088507
-0.981052 0.179676 0.072481
-0.978269 0.187498 0.088507
0.003457 0.648806 0.760946
-0.978269 0.187498 0.088507
-0.984481 -0.039865 -0.170905
-0.981623 -0.041916 -0.186167
-0.984481 -0.039865 -0.170905
-0.978269 0.187498 0.088507
-0.981052 0.179676 0.072481
-0.981623 -0.041916 -0.186167
-0.008025 -0.685884 -0.727667
-0.003457 -0.647370 -0.762168
-0.008025 -0.685884 -0.727667
-0.981623 -0.041916 -0.186167
-0.984481 -0.039865 -0.170905
-0.066390 -0.126484 0.989745
0.001192 0.629938 0.776645
-0.980808 0.164596 0.104518
-0.978269 0.187498 0.088507
-0.980808 0.164596 0.104518
0.001192 0.629938 0.776645
-0.980808 0.164596 0.104518
-0.981623 -0.041916 -0.186167
-0.985955 -0.058558 -0.156410
-0.981623 -0.041916 -0.186167
-0.980808 0.164596 0.104518
-0.978269 0.187498 0.088507
-0.003457 -0.647370 -0.762168
-0.083819 -0.955670 0.282257
-0.985955 -0.058558 -0.156410
-0.003457 -0.647370 -0.762168
-0.985955 -0.058558 -0.156410
-0.981623 -0.041916 -0.186167
-0.986495 -0.021935 -0.162316
-0.089783 -0.549728 0.830505
0.001091 -0.615510 -0.788128
-0.089783 -0.549728 0.830505
-0.986495 -0.021935 -0.162316
-0.998272 0.054740 -0.021362
-0.081468 -0.401866 0.912067
-0.987929 0.138287 0.069811
-0.015615 0.483089 0.875432
-0.998143 0.057792 -0.019264
-0.987929 0.138287 0.069811
-0.081468 -0.401866 0.912067
-0.987929 0.138287 0.069811
-0.998272 0.054740 -0.021362
-0.986495 -0.021935 -0.162316
-0.998272 0.054740 -0.021362
-0.987929 0.138287 0.069811
-0.998143 0.057792 -0.019264
0.001091 -0.615510 -0.788128
-0.983136 -0.007486 -0.182723
-0.986495 -0.021935 -0.162316
-0.983136 -0.007486 -0.182723
0.001091 -0.615510 -0.788128
0.010517 -0.525220 -0.850902
-0.987929 0.138287 0.069811
-0.984980 0.150472 0.084686
-0.015615 0.483089 0.875432
-0.015615 0.483089 0.875432
-0.984980 0.150472 0.084686
-0.013786 0.495388 0.868563
-0.986495 -0.021935 -0.162316
-0.984980 0.150472 0.084686
-0.987929 0.138287 0.069811
-0.984980 0.150472 0.084686
-0.986495 -0.021935 -0.162316
-0.983136 -0.007486 -0.182723
0.010517 -0.525220 -0.850902
-0.978883 -0.017355 -0.203682
-0.983136 -0.007486 -0.182723
-0.978883 -0.017355 -0.203682
0.010517 -0.525220 -0.850902
0.012343 -0.507431 -0.861604
-0.984980 0.150472 0.084686
-0.980581 0.161936 0.110628
-0.013786 0.495388 0.868563
-0.013786 0.495388 0.868563
-0.980581 0.161936 0.110628
-0.015027 0.483724 0.875092
-0.983136 -0.007486 -0.182723
-0.980581 0.161936 0.110628
-0.984980 0.150472 0.084686
-0.980581 0.161936 0.110628
-0.983136 -0.007486 -0.182723
-0.978883 -0.017355 -0.203682
0.012343 -0.507431 -0.861604
-0.103005 -0.988238 0.113029
-0.971242 -0.027553 -0.236496
0.012343 -0.507431 -0.861604
-0.971242 -0.027553 -0.236496
-0.978883 -0.017355 -0.203682
-0.980581 0.161936 0.110628
-0.983261 0.165344 0.076548
-0.015027 0.483724 0.875092
-0.135616 -0.277736 0.951037
-0.015027 0.483724 0.875092
-0.983261 0.165344 0.076548
-0.978883 -0.017355 -0.203682
-0.983261 0.165344 0.076548
-0.980581 0.161936 0.110628
-0.983261 0.165344 0.076548
-0.978883 -0.017355 -0.203682
-0.971242 -0.027553 -0.236496
-0.089783 -0.549728 0.830505
-0.987080 0.134566 0.086976
-0.021439 0.431407 0.901903
-0.998272 0.054740 -0.021362
-0.987080 0.134566 0.086976
-0.089783 -0.549728 0.830505
-0.987080 0.134566 0.086976
-0.999523 -0.000191 -0.030899
-0.986834 -0.015640 -0.160979
-0.999523 -0.000191 -0.030899
-0.987080 0.134566 0.086976
-0.998272 0.054740 -0.021362
-0.986834 -0.015640 -0.160979
-0.999523 -0.000191 -0.030899
-0.021043 -0.796895 -0.603752
-0.021043 -0.796895 -0.603752
0.006605 -0.566452 -0.824068
-0.986834 -0.015640 -0.160979
-0.987080 0.134566 0.086976
-0.990125 0.127634 0.057982
-0.021439 0.431407 0.901903
-0.021439 0.431407 0.901903
-0.990125 0.127634 0.057982
-0.018521 0.448490 0.893596
-0.986834 -0.015640 -0.160979
-0.990125 0.127634 0.057982
-0.987080 0.134566 0.086976
-0.990125 0.127634 0.057982
-0.986834 -0.015640 -0.160979
-0.985035 0.010276 -0.172049
0.006605 -0.566452 -0.824068
-0.985035 0.010276 -0.172049
-0.986834 -0.015640 -0.160979
-0.985035 0.010276 -0.172049
0.006605 -0.566452 -0.824068
0.017384 -0.459086 -0.888222
-0.990125 0.127634 0.057982
-0.988061 0.136751 0.070950
-0.018521 0.448490 0.893596
-0.018521 0.448490 0.893596
-0.988061 0.136751 0.070950
-0.016063 0.465969 0.884655
-0.985035 0.010276 -0.172049
-0.988061 0.136751 0.070950
-0.990125 0.127634 0.057982
-0.988061 0.136751 0.070950
-0.985035 0.010276 -0.172049
-0.984471 0.005340 -0.175466
0.017384 -0.459086 -0.888222
-0.984471 0.005340 -0.175466
-0.985035 0.010276 -0.172049
-0.984471 0.005340 -0.175466
0.017384 -0.459086 -0.888222
0.014065 -0.489379 -0.871957
-0.988061 0.136751 0.070950
-0.987338 0.128174 0.093460
-0.016063 0.465969 0.884655
-0.089072 -0.559689 0.823902
-0.016063 0.465969 0.884655
-0.987338 0.128174 0.093460
-0.984471 0.005340 -0.175466
-0.986157 -0.014496 -0.165178
-0.988061 0.136751 0.070950
-0.988061 0.136751 0.070950
-0.986157 -0.014496 -0.165178
-0.987338 0.128174 0.093460
0.014065 -0.489379 -0.871957
-0.986157 -0.014496 -0.165178
-0.984471 0.005340 -0.175466
0.014065 -0.489379 -0.871957
-0.068546 -0.997133 -0.032055
-0.986157 -0.014496 -0.165178
-0.926672 0.238421 0.290576
0.016306 0.786985 -0.616757
-0.004924 0.888040 0.459739
0.016306 0.786985 -0.616757
-0.926672 0.238421 0.290576
-0.966085 0.214620 -0.143589
-0.926672 0.238421 0.290576
-0.998051 -0.004582 0.062243
-0.966085 0.214620 -0.143589
-0.998051 -0.004582 0.062243
-0.926672 0.238421 0.290576
-0.988936 0.140403 0.047882
-0.998051 -0.004582 0.062243
-0.988936 0.140403 0.047882
-0.038985 -0.018054 0.999077
0.002299 0.957499 0.288427
-0.038985 -0.018054 0.999077
-0.988936 0.140403 0.047882
0.018620 0.868465 -0.495400
0.016306 0.786985 -0.616757
-0.966085 0.214620 -0.143589
0.018620 0.868465 -0.495400
-0.966085 0.214620 -0.143589
-0.965600 0.219167 -0.139938
-0.965600 0.219167 -0.139938
-0.998051 -0.004582 0.062243
-0.977494 -0.186015 0.099514
-0.998051 -0.004582 0.062243
-0.965600 0.219167 -0.139938
-0.966085 0.214620 -0.143589
-0.038985 -0.018054 0.999077
-0.977494 -0.186015 0.099514
-0.998051 -0.004582 0.062243
-0.977494 -0.186015 0.099514
-0.038985 -0.018054 0.999077
-0.019205 -0.854320 0.519392
-0.965600 0.219167 -0.139938
0.019425 0.917096 -0.398192
0.018620 0.868465 -0.495400
0.019425 0.917096 -0.398192
-0.965600 0.219167 -0.139938
-0.962160 0.242871 -0.123536
-0.962160 0.242871 -0.123536
-0.977494 -0.186015 0.099514
-0.976566 -0.203747 0.069320
-0.977494 -0.186015 0.099514
-0.962160 0.242871 -0.123536
-0.965600 0.219167 -0.139938
-0.976566 -0.203747 0.069320
-0.019205 -0.854320 0.519392
-0.019270 -0.919440 0.392759
-0.019205 -0.854320 0.519392
-0.976566 -0.203747 0.069320
-0.977494 -0.186015 0.099514
-0.962160 0.242871 -0.123536
0.023666 0.980607 -0.194552
0.019425 0.917096 -0.398192
0.023666 0.980607 -0.194552
-0.962160 0.242871 -0.123536
-0.949607 0.300991 -0.087471
-0.949607 0.300991 -0.087471
-0.976566 -0.203747 0.069320
-0.972826 -0.230020 0.026452
-0.976566 -0.203747 0.069320
-0.949607 0.300991 -0.087471
-0.962160 0.242871 -0.123536
-0.972826 -0.230020 0.026452
-0.019270 -0.919440 0.392759
-0.025631 -0.972402 0.231899
-0.019270 -0.919440 0.392759
-0.972826 -0.230020 0.026452
-0.976566 -0.203747 0.069320
-0.949607 0.300991 -0.087471
-0.944050 0.329032 0.022521
0.023666 0.980607 -0.194552
-0.013581 0.840081 0.542291
0.023666 0.980607 -0.194552
-0.944050 0.329032 0.022521
-0.944050 0.329032 0.022521
-0.972826 -0.230020 0.026452
-0.979830 -0.145451 0.137031
-0.972826 -0.230020 0.026452
-0.944050 0.329032 0.022521
-0.949607 0.300991 -0.087471
-0.025631 -0.972402 0.231899
-0.054728 -0.202458 0.977761
-0.979830 -0.145451 0.137031
-0.979830 -0.145451 0.137031
-0.972826 -0.230020 0.026452
-0.025631 -0.972402 0.231899
-0.033363 -0.986030 -0.163194
-0.092564 -0.594242 0.798942
-0.987229 -0.157178 0.025942
-0.987229 -0.157178 0.025942
-0.981876 -0.153339 -0.111381
-0.033363 -0.986030 -0.163194
-0.048798 0.459457 0.886859
0.017905 0.944489 0.328054
-0.979780 0.175472 0.096128
-0.976079 0.216642 -0.018308
-0.979780 0.175472 0.096128
0.017905 0.944489 0.328054
-0.979780 0.175472 0.096128
-0.981876 -0.153339 -0.111381
-0.987229 -0.157178 0.025942
-0.981876 -0.153339 -0.111381
-0.979780 0.175472 0.096128
-0.976079 0.216642 -0.018308
-0.624932 -0.121287 -0.771200
-0.819713 -0.341770 -0.459634
-0.826254 -0.278405 -0.489688
-0.819713 -0.341770 -0.459634
-0.624932 -0.121287 -0.771200
-0.536246 -0.105303 -0.837467
-0.819713 -0.341770 -0.459634
-0.934942 -0.353226 0.033377
-0.978301 -0.186888 0.089439
-0.978301 -0.186888 0.089439
-0.826254 -0.278405 -0.489688
-0.819713 -0.341770 -0.459634
-0.049601 0.388227 -0.920228
0.664525 0.374031 -0.646921
0.455704 0.304503 -0.836428
0.664525 0.374031 -0.646921
-0.049601 0.388227 -0.920228
-0.051983 0.538715 -0.840883
-0.045526 0.262522 -0.963852
0.455704 0.304503 -0.836428
0.251810 0.283859 -0.925211
0.455704 0.304503 -0.836428
-0.045526 0.262522 -0.963852
-0.049601 0.388227 -0.920228
-0.758926 0.292892 0.581589
-0.854564 0.017543 0.519050
-0.857610 0.234188 0.457888
-0.854564 0.017543 0.519050
-0.758926 0.292892 0.581589
-0.798041 0.152607 0.582960
-0.857610 0.234188 0.457888
-0.927739 0.089264 0.362398
-0.947493 0.241929 0.209112
-0.927739 0.089264 0.362398
-0.857610 0.234188 0.457888
-0.854564 0.017543 0.519050
-0.962378 0.102226 0.251752
-0.947493 0.241929 0.209112
-0.927739 0.089264 0.362398
-0.947493 0.241929 0.209112
-0.962378 0.102226 0.251752
-0.989674 0.111384 0.090213
-0.981991 0.052658 0.181440
-0.942778 0.185389 0.277130
-0.950215 0.088507 0.298760
-0.981991 0.052658 0.181440
-0.962716 0.141946 0.230281
-0.942778 0.185389 0.277130
-0.820698 -0.068662 0.567222
-0.804054 0.151010 0.575060
-0.924843 0.372149 0.078548
-0.820698 -0.068662 0.567222
-0.924843 0.372149 0.078548
-0.986094 0.154876 0.060272
-0.842012 0.013730 0.539284
-0.820698 -0.068662 0.567222
-0.986094 0.154876 0.060272
-0.842012 0.013730 0.539284
-0.986094 0.154876 0.060272
-0.992927 0.081631 0.086209
-0.842012 0.013730 0.539284
-0.986394 0.096922 0.132791
-0.859308 0.136574 0.492886
-0.986394 0.096922 0.132791
-0.842012 0.013730 0.539284
-0.992927 0.081631 0.086209
-0.866344 0.234281 0.441090
-0.987093 0.125127 0.099949
-0.873915 0.263967 0.408158
-0.987093 0.125127 0.099949
-0.866344 0.234281 0.441090
-0.988701 0.111381 0.100320
-0.638896 0.422814 0.642682
0.275882 0.644758 0.712864
0.118748 0.882840 0.454415
-0.638896 0.422814 0.642682
0.118748 0.882840 0.454415
-0.532851 0.740230 0.410036
0.002622 0.630860 0.775893
0.003811 0.759972 0.649945
0.232562 0.648258 0.725036
0.002622 0.630860 0.775893
-0.119425 0.651686 0.749028
0.003811 0.759972 0.649945
-0.008107 0.772199 0.635329
-0.204305 0.819702 0.535115
-0.143964 0.769077 0.622732
-0.008107 0.772199 0.635329
-0.006533 0.747004 0.664788
-0.204305 0.819702 0.535115
-0.518414 0.557295 0.648590
-0.507909 0.740164 0.440665
-0.006533 0.747004 0.664788
-0.507909 0.740164 0.440665
-0.204305 0.819702 0.535115
-0.006533 0.747004 0.664788
-0.857610 0.234188 0.457888
-0.754182 0.560631 0.341909
-0.518414 0.557295 0.648590
-0.754182 0.560631 0.341909
-0.507909 0.740164 0.440665
-0.518414 0.557295 0.648590
-0.947493 0.241929 0.209112
-0.869908 0.430281 0.241079
-0.754182 0.560631 0.341909
-0.754182 0.560631 0.341909
-0.857610 0.234188 0.457888
-0.947493 0.241929 0.209112
-0.947493 0.241929 0.209112
-0.989674 0.111384 0.090213
-0.869908 0.430281 0.241079
-0.869908 0.430281 0.241079
-0.989674 0.111384 0.090213
-0.947358 0.248049 0.202446
-0.960676 0.187672 0.204647
-0.948649 0.057216 0.311114
-0.765967 0.483628 0.423556
-0.948649 0.057216 0.311114
-0.960676 0.187672 0.204647
-0.981991 0.052658 0.181440
-0.406107 0.067113 -0.911358
-0.364044 0.213919 -0.906482
-0.040463 0.110634 -0.993037
-0.040463 0.110634 -0.993037
-0.364044 0.213919 -0.906482
-0.045092 0.246598 -0.968068
-0.779130 0.037392 -0.625746
-0.718225 0.243479 -0.651821
-0.406107 0.067113 -0.911358
-0.406107 0.067113 -0.911358
-0.718225 0.243479 -0.651821
-0.364044 0.213919 -0.906482
-0.992927 0.081631 0.086209
-0.779130 0.037392 -0.625746
-0.986394 0.096922 0.132791
-0.779130 0.037392 -0.625746
-0.992927 0.081631 0.086209
-0.718225 0.243479 -0.651821
-0.927739 0.089264 0.362398
-0.859308 0.136574 0.492886
-0.962378 0.102226 0.251752
-0.859308 0.136574 0.492886
-0.927739 0.089264 0.362398
-0.842012 0.013730 0.539284
-0.603394 0.653184 0.457457
-0.869908 0.430281 0.241079
-0.947358 0.248049 0.202446
-0.947358 0.248049 0.202446
-0.654620 0.521712 0.547074
-0.603394 0.653184 0.457457
-0.603394 0.653184 0.457457
-0.654620 0.521712 0.547074
-0.143964 0.769077 0.622732
-0.654620 0.521712 0.547074
-0.119425 0.651686 0.749028
-0.143964 0.769077 0.622732
-0.962378 0.102226 0.251752
-0.962716 0.141946 0.230281
-0.989674 0.111384 0.090213
-0.989674 0.111384 0.090213
-0.962716 0.141946 0.230281
-0.981991 0.052658 0.181440
-0.986394 0.096922 0.132791
-0.988701 0.111381 0.100320
-0.859308 0.136574 0.492886
-0.866344 0.234281 0.441090
-0.859308 0.136574 0.492886
-0.988701 0.111381 0.100320
-0.119425 0.651686 0.749028
-0.008107 0.772199 0.635329
-0.143964 0.769077 0.622732
-0.008107 0.772199 0.635329
-0.119425 0.651686 0.749028
0.002622 0.630860 0.775893
-0.989674 0.111384 0.090213
-0.960676 0.187672 0.204647
-0.947358 0.248049 0.202446
-0.989674 0.111384 0.090213
-0.981991 0.052658 0.181440
-0.960676 0.187672 0.204647
-0.540839 0.122836 0.832108
0.275882 0.644758 0.712864
-0.638896 0.422814 0.642682
0.275882 0.644758 0.712864
-0.540839 0.122836 0.832108
0.118127 0.299872 0.946638
-0.774215 0.044252 0.631374
0.118127 0.299872 0.946638
-0.540839 0.122836 0.832108
0.118127 0.299872 0.946638
-0.774215 0.044252 0.631374
-0.057638 0.440128 0.896083
0.232562 0.648258 0.725036
0.118127 0.299872 0.946638
-0.057638 0.440128 0.896083
0.118127 0.299872 0.946638
0.232562 0.648258 0.725036
0.275882 0.644758 0.712864
0.003811 0.759972 0.649945
0.118748 0.882840 0.454415
0.232562 0.648258 0.725036
0.118748 0.882840 0.454415
0.275882 0.644758 0.712864
0.232562 0.648258 0.725036
-0.532851 0.740230 0.410036
0.118748 0.882840 0.454415
0.003811 0.759972 0.649945
-0.532851 0.740230 0.410036
0.003811 0.759972 0.649945
-0.765967 0.483628 0.423556
-0.948649 0.057216 0.311114
-0.532851 0.740230 0.410036
-0.765967 0.483628 0.423556
-0.532851 0.740230 0.410036
-0.948649 0.057216 0.311114
-0.638896 0.422814 0.642682
-0.948649 0.057216 0.311114
-0.540839 0.122836 0.832108
-0.638896 0.422814 0.642682
-0.948649 0.057216 0.311114
-0.774215 0.044252 0.631374
-0.540839 0.122836 0.832108
-0.982562 0.062560 0.175093
0.558653 0.632574 0.536429
0.086549 -0.355739 0.930569
0.558653 0.632574 0.536429
-0.982562 0.062560 0.175093
-0.718225 0.243479 -0.651821
0.558653 0.632574 0.536429
-0.585381 0.456399 -0.670097
0.199514 0.512709 -0.835059
-0.585381 0.456399 -0.670097
0.558653 0.632574 0.536429
-0.718225 0.243479 -0.651821
-0.486959 0.598043 -0.636565
0.199514 0.512709 -0.835059
-0.585381 0.456399 -0.670097
0.199514 0.512709 -0.835059
-0.486959 0.598043 -0.636565
0.256805 0.542250 -0.800010
-0.350798 0.796159 -0.493024
0.256805 0.542250 -0.800010
-0.486959 0.598043 -0.636565
0.256805 0.542250 -0.800010
-0.350798 0.796159 -0.493024
0.298524 0.751838 -0.587897
-0.601622 0.793516 0.091560
0.298524 0.751838 -0.587897
-0.350798 0.796159 -0.493024
0.298524 0.751838 -0.587897
-0.601622 0.793516 0.091560
0.212790 0.895315 -0.391320
0.212790 0.895315 -0.391320
-0.529284 0.778875 0.336471
0.153322 0.939767 -0.305500
-0.529284 0.778875 0.336471
0.212790 0.895315 -0.391320
-0.601622 0.793516 0.091560
0.153322 0.939767 -0.305500
-0.298653 0.829180 0.472511
0.135232 0.938627 -0.317320
-0.298653 0.829180 0.472511
0.153322 0.939767 -0.305500
-0.529284 0.778875 0.336471
-0.298653 0.829180 0.472511
-0.016493 0.863357 0.504324
0.135232 0.938627 -0.317320
0.135232 0.938627 -0.317320
-0.016493 0.863357 0.504324
-0.050488 0.935198 -0.350508
0.166466 -0.601720 0.781167
0.194674 -0.793577 0.576488
-0.681479 0.167960 0.712303
0.166466 -0.601720 0.781167
-0.681479 0.167960 0.712303
-0.884196 0.181608 0.430366
-0.884196 0.181608 0.430366
0.120194 -0.502543 0.856156
0.166466 -0.601720 0.781167
0.120194 -0.502543 0.856156
-0.884196 0.181608 0.430366
-0.977575 0.050357 0.204480
-0.977575 0.050357 0.204480
0.086549 -0.355739 0.930569
0.120194 -0.502543 0.856156
0.086549 -0.355739 0.930569
-0.977575 0.050357 0.204480
-0.982562 0.062560 0.175093
0.134930 -0.312992 0.940122
0.558653 0.632574 0.536429
0.723553 0.238895 0.647611
0.558653 0.632574 0.536429
0.134930 -0.312992 0.940122
0.086549 -0.355739 0.930569
0.558653 0.632574 0.536429
0.699419 0.360573 -0.617090
0.723553 0.238895 0.647611
0.558653 0.632574 0.536429
0.199514 0.512709 -0.835059
0.699419 0.360573 -0.617090
0.199514 0.512709 -0.835059
0.256805 0.542250 -0.800010
0.716993 0.319808 -0.619390
0.716993 0.319808 -0.619390
0.699419 0.360573 -0.617090
0.199514 0.512709 -0.835059
0.256805 0.542250 -0.800010
0.298524 0.751838 -0.587897
0.762753 0.393482 -0.513205
0.762753 0.393482 -0.513205
0.716993 0.319808 -0.619390
0.256805 0.542250 -0.800010
0.298524 0.751838 -0.587897
0.212790 0.895315 -0.391320
0.710088 0.436127 -0.552783
0.710088 0.436127 -0.552783
0.762753 0.393482 -0.513205
0.298524 0.751838 -0.587897
0.212790 0.895315 -0.391320
0.153322 0.939767 -0.305500
0.533577 0.421253 -0.733377
0.533577 0.421253 -0.733377
0.710088 0.436127 -0.552783
0.212790 0.895315 -0.391320
0.533577 0.421253 -0.733377
0.135232 0.938627 -0.317320
0.290192 0.379866 -0.878345
0.135232 0.938627 -0.317320
0.533577 0.421253 -0.733377
0.153322 0.939767 -0.305500
0.135232 0.938627 -0.317320
-0.050488 0.935198 -0.350508
0.290192 0.379866 -0.878345
-0.048409 0.364763 -0.929841
0.290192 0.379866 -0.878345
-0.050488 0.935198 -0.350508
0.166466 -0.601720 0.781167
0.281832 -0.636769 0.717702
0.194674 -0.793577 0.576488
0.281832 -0.636769 0.717702
0.242944 -0.848705 0.469764
0.194674 -0.793577 0.576488
0.166466 -0.601720 0.781167
0.220277 -0.498034 0.838714
0.281832 -0.636769 0.717702
0.220277 -0.498034 0.838714
0.166466 -0.601720 0.781167
0.120194 -0.502543 0.856156
0.120194 -0.502543 0.856156
0.134930 -0.312992 0.940122
0.220277 -0.498034 0.838714
0.134930 -0.312992 0.940122
0.120194 -0.502543 0.856156
0.086549 -0.355739 0.930569
0.699419 0.360573 -0.617090
0.685121 0.445310 -0.576462
0.723553 0.238895 0.647611
0.685121 0.445310 -0.576462
0.616659 0.711287 0.337347
0.723553 0.238895 0.647611
0.716993 0.319808 -0.619390
0.639641 0.331810 -0.693369
0.699419 0.360573 -0.617090
0.639641 0.331810 -0.693369
0.685121 0.445310 -0.576462
0.699419 0.360573 -0.617090
0.639641 0.331810 -0.693369
0.716993 0.319808 -0.619390
0.698521 0.377888 -0.607675
0.762753 0.393482 -0.513205
0.698521 0.377888 -0.607675
0.716993 0.319808 -0.619390
0.698521 0.377888 -0.607675
0.762753 0.393482 -0.513205
0.664525 0.374031 -0.646921
0.710088 0.436127 -0.552783
0.664525 0.374031 -0.646921
0.762753 0.393482 -0.513205
0.664525 0.374031 -0.646921
0.710088 0.436127 -0.552783
0.455704 0.304503 -0.836428
0.533577 0.421253 -0.733377
0.455704 0.304503 -0.836428
0.710088 0.436127 -0.552783
0.455704 0.304503 -0.836428
0.533577 0.421253 -0.733377
0.251810 0.283859 -0.925211
0.251810 0.283859 -0.925211
0.533577 0.421253 -0.733377
0.290192 0.379866 -0.878345
-0.045526 0.262522 -0.963852
0.251810 0.283859 -0.925211
-0.048409 0.364763 -0.929841
0.251810 0.283859 -0.925211
0.290192 0.379866 -0.878345
-0.048409 0.364763 -0.929841
-0.483452 0.821873 -0.301328
-0.681479 0.167960 0.712303
-0.470091 0.251937 0.845897
-0.483452 0.821873 -0.301328
-0.470091 0.251937 0.845897
-0.401336 0.898596 0.177354
-0.681479 0.167960 0.712303
0.053733 -0.638020 0.768143
-0.470091 0.251937 0.845897
0.027815 0.163222 0.986197
-0.470091 0.251937 0.845897
0.053733 -0.638020 0.768143
0.459188 0.643779 0.612124
0.077982 0.446157 0.891551
0.500276 0.307451 0.809443
0.077982 0.446157 0.891551
0.459188 0.643779 0.612124
-0.063461 0.733322 0.676913
-0.463512 0.634279 0.618746
0.077982 0.446157 0.891551
-0.063461 0.733322 0.676913
-0.463512 0.634279 0.618746
-0.261403 0.417939 0.870055
0.077982 0.446157 0.891551
-0.636150 0.537312 0.553722
-0.415511 0.383842 0.824631
-0.261403 0.417939 0.870055
-0.261403 0.417939 0.870055
-0.463512 0.634279 0.618746
-0.636150 0.537312 0.553722
-0.732748 0.451626 0.509033
-0.518585 0.344071 0.782742
-0.415511 0.383842 0.824631
-0.415511 0.383842 0.824631
-0.636150 0.537312 0.553722
-0.732748 0.451626 0.509033
-0.796427 0.378379 0.471734
-0.584340 0.302850 0.752881
-0.518585 0.344071 0.782742
-0.518585 0.344071 0.782742
-0.732748 0.451626 0.509033
-0.796427 0.378379 0.471734
-0.835820 0.315102 0.449573
-0.635680 0.260146 0.726798
-0.584340 0.302850 0.752881
-0.584340 0.302850 0.752881
-0.796427 0.378379 0.471734
-0.835820 0.315102 0.449573
-0.861652 0.256378 0.437979
-0.669432 0.215195 0.711021
-0.635680 0.260146 0.726798
-0.635680 0.260146 0.726798
-0.835820 0.315102 0.449573
-0.861652 0.256378 0.437979
-0.877568 0.200652 0.435446
-0.686934 0.170112 0.706529
-0.669432 0.215195 0.711021
-0.669432 0.215195 0.711021
-0.861652 0.256378 0.437979
-0.877568 0.200652 0.435446
-0.877568 0.200652 0.435446
-0.688994 0.121284 0.714547
-0.686934 0.170112 0.706529
-0.688994 0.121284 0.714547
-0.877568 0.200652 0.435446
-0.885679 0.141922 0.442076
-0.885679 0.141922 0.442076
-0.675320 0.069420 0.734251
-0.688994 0.121284 0.714547
-0.675320 0.069420 0.734251
-0.885679 0.141922 0.442076
-0.885437 0.078570 0.458070
-0.885437 0.078570 0.458070
-0.634528 0.003816 0.772890
-0.675320 0.069420 0.734251
-0.634528 0.003816 0.772890
-0.885437 0.078570 0.458070
-0.875001 0.009154 0.484035
-0.875001 0.009154 0.484035
-0.606468 -0.051874 0.793414
-0.634528 0.003816 0.772890
-0.606468 -0.051874 0.793414
-0.875001 0.009154 0.484035
-0.845778 -0.082403 0.527133
-0.845778 -0.082403 0.527133
-0.524534 -0.128177 0.841686
-0.606468 -0.051874 0.793414
-0.524534 -0.128177 0.841686
-0.845778 -0.082403 0.527133
-0.789309 -0.196850 0.581586
-0.396560 -0.216687 0.892069
-0.789309 -0.196850 0.581586
-0.675636 -0.350217 0.648740
-0.789309 -0.196850 0.581586
-0.396560 -0.216687 0.892069
-0.524534 -0.128177 0.841686
-0.100170 -0.374731 0.921706
-0.675636 -0.350217 0.648740
-0.340421 -0.596548 0.726804
-0.675636 -0.350217 0.648740
-0.100170 -0.374731 0.921706
-0.396560 -0.216687 0.892069
0.169396 -0.729471 0.662704
0.343034 -0.428888 0.835693
-0.100170 -0.374731 0.921706
0.169396 -0.729471 0.662704
-0.100170 -0.374731 0.921706
-0.340421 -0.596548 0.726804
-0.181346 0.908447 0.376613
-0.063461 0.733322 0.676913
0.459188 0.643779 0.612124
0.459188 0.643779 0.612124
0.394570 0.864968 0.310074
-0.181346 0.908447 0.376613
-0.584583 0.735689 0.342088
-0.463512 0.634279 0.618746
-0.063461 0.733322 0.676913
-0.063461 0.733322 0.676913
-0.181346 0.908447 0.376613
-0.584583 0.735689 0.342088
-0.738071 0.591983 0.323740
-0.636150 0.537312 0.553722
-0.463512 0.634279 0.618746
-0.463512 0.634279 0.618746
-0.584583 0.735689 0.342088
-0.738071 0.591983 0.323740
-0.824161 0.481635 0.297969
-0.732748 0.451626 0.509033
-0.636150 0.537312 0.553722
-0.636150 0.537312 0.553722
-0.738071 0.591983 0.323740
-0.824161 0.481635 0.297969
-0.872397 0.398330 0.283295
-0.796427 0.378379 0.471734
-0.732748 0.451626 0.509033
-0.732748 0.451626 0.509033
-0.824161 0.481635 0.297969
-0.872397 0.398330 0.283295
-0.903664 0.328813 0.274361
-0.835820 0.315102 0.449573
-0.796427 0.378379 0.471734
-0.796427 0.378379 0.471734
-0.872397 0.398330 0.283295
-0.903664 0.328813 0.274361
-0.925161 0.266294 0.270490
-0.861652 0.256378 0.437979
-0.835820 0.315102 0.449573
-0.835820 0.315102 0.449573
-0.903664 0.328813 0.274361
-0.925161 0.266294 0.270490
-0.940076 0.207465 0.270582
-0.877568 0.200652 0.435446
-0.861652 0.256378 0.437979
-0.861652 0.256378 0.437979
-0.925161 0.266294 0.270490
-0.940076 0.207465 0.270582
-0.950086 0.147253 0.275050
-0.885679 0.141922 0.442076
-0.877568 0.200652 0.435446
-0.877568 0.200652 0.435446
-0.940076 0.207465 0.270582
-0.950086 0.147253 0.275050
-0.950086 0.147253 0.275050
-0.885437 0.078570 0.458070
-0.885679 0.141922 0.442076
-0.885437 0.078570 0.458070
-0.950086 0.147253 0.275050
-0.955492 0.081627 0.283501
-0.955492 0.081627 0.283501
-0.875001 0.009154 0.484035
-0.885437 0.078570 0.458070
-0.875001 0.009154 0.484035
-0.955492 0.081627 0.283501
-0.954656 0.006104 0.297650
-0.954656 0.006104 0.297650
-0.845778 -0.082403 0.527133
-0.875001 0.009154 0.484035
-0.845778 -0.082403 0.527133
-0.954656 0.006104 0.297650
-0.943572 -0.089265 0.318911
-0.943572 -0.089265 0.318911
-0.789309 -0.196850 0.581586
-0.845778 -0.082403 0.527133
-0.789309 -0.196850 0.581586
-0.943572 -0.089265 0.318911
-0.909992 -0.219726 0.351618
-0.909992 -0.219726 0.351618
-0.675636 -0.350217 0.648740
-0.789309 -0.196850 0.581586
-0.675636 -0.350217 0.648740
-0.909992 -0.219726 0.351618
-0.822917 -0.411459 0.391802
-0.822917 -0.411459 0.391802
-0.340421 -0.596548 0.726804
-0.675636 -0.350217 0.648740
-0.340421 -0.596548 0.726804
-0.822917 -0.411459 0.391802
-0.527331 -0.733114 0.429494
0.023453 -0.925153 0.378870
0.169396 -0.729471 0.662704
-0.340421 -0.596548 0.726804
-0.340421 -0.596548 0.726804
-0.527331 -0.733114 0.429494
0.023453 -0.925153 0.378870
-0.253202 0.967050 0.026502
-0.181346 0.908447 0.376613
0.394570 0.864968 0.310074
0.394570 0.864968 0.310074
0.339658 0.939064 -0.052827
-0.253202 0.967050 0.026502
-0.584583 0.735689 0.342088
-0.253202 0.967050 0.026502
-0.641128 0.761578 0.094625
-0.253202 0.967050 0.026502
-0.584583 0.735689 0.342088
-0.181346 0.908447 0.376613
-0.789602 0.602691 0.115293
-0.738071 0.591983 0.323740
-0.584583 0.735689 0.342088
-0.584583 0.735689 0.342088
-0.641128 0.761578 0.094625
-0.789602 0.602691 0.115293
-0.862188 0.490391 0.127078
-0.824161 0.481635 0.297969
-0.738071 0.591983 0.323740
-0.738071 0.591983 0.323740
-0.789602 0.602691 0.115293
-0.862188 0.490391 0.127078
-0.905669 0.402180 0.134219
-0.872397 0.398330 0.283295
-0.824161 0.481635 0.297969
-0.824161 0.481635 0.297969
-0.862188 0.490391 0.127078
-0.905669 0.402180 0.134219
-0.933608 0.330406 0.138591
-0.903664 0.328813 0.274361
-0.872397 0.398330 0.283295
-0.872397 0.398330 0.283295
-0.905669 0.402180 0.134219
-0.933608 0.330406 0.138591
-0.953145 0.267094 0.142037
-0.925161 0.266294 0.270490
-0.903664 0.328813 0.274361
-0.903664 0.328813 0.274361
-0.933608 0.330406 0.138591
-0.953145 0.267094 0.142037
-0.967343 0.208269 0.144472
-0.940076 0.207465 0.270582
-0.925161 0.266294 0.270490
-0.925161 0.266294 0.270490
-0.953145 0.267094 0.142037
-0.967343 0.208269 0.144472
-0.978086 0.147981 0.146455
-0.950086 0.147253 0.275050
-0.940076 0.207465 0.270582
-0.940076 0.207465 0.270582
-0.967343 0.208269 0.144472
-0.978086 0.147981 0.146455
-0.955492 0.081627 0.283501
-0.978086 0.147981 0.146455
-0.985561 0.082400 0.147920
-0.978086 0.147981 0.146455
-0.955492 0.081627 0.283501
-0.950086 0.147253 0.275050
-0.954656 0.006104 0.297650
-0.985561 0.082400 0.147920
-0.988859 0.005340 0.148758
-0.985561 0.082400 0.147920
-0.954656 0.006104 0.297650
-0.955492 0.081627 0.283501
-0.943572 -0.089265 0.318911
-0.988859 0.005340 0.148758
-0.984656 -0.091543 0.148566
-0.988859 0.005340 0.148758
-0.943572 -0.089265 0.318911
-0.954656 0.006104 0.297650
-0.909992 -0.219726 0.351618
-0.984656 -0.091543 0.148566
-0.963265 -0.225124 0.146426
-0.984656 -0.091543 0.148566
-0.909992 -0.219726 0.351618
-0.943572 -0.089265 0.318911
-0.822917 -0.411459 0.391802
-0.963265 -0.225124 0.146426
-0.892288 -0.430983 0.134444
-0.963265 -0.225124 0.146426
-0.822917 -0.411459 0.391802
-0.909992 -0.219726 0.351618
-0.527331 -0.733114 0.429494
-0.892288 -0.430983 0.134444
-0.617934 -0.779384 0.103530
-0.892288 -0.430983 0.134444
-0.527331 -0.733114 0.429494
-0.822917 -0.411459 0.391802
-0.067691 -0.997632 0.012203
0.023453 -0.925153 0.378870
-0.527331 -0.733114 0.429494
-0.527331 -0.733114 0.429494
-0.617934 -0.779384 0.103530
-0.067691 -0.997632 0.012203
-0.253202 0.967050 0.026502
0.287019 0.858389 -0.425192
-0.284555 0.907830 -0.308014
0.287019 0.858389 -0.425192
-0.253202 0.967050 0.026502
0.339658 0.939064 -0.052827
-0.660204 0.731526 -0.170295
-0.641128 0.761578 0.094625
-0.253202 0.967050 0.026502
-0.253202 0.967050 0.026502
-0.284555 0.907830 -0.308014
-0.660204 0.731526 -0.170295
-0.789602 0.602691 0.115293
-0.660204 0.731526 -0.170295
-0.802545 0.588800 -0.096100
-0.660204 0.731526 -0.170295
-0.789602 0.602691 0.115293
-0.641128 0.761578 0.094625
-0.862188 0.490391 0.127078
-0.802545 0.588800 -0.096100
-0.876283 0.479465 -0.047336
-0.802545 0.588800 -0.096100
-0.862188 0.490391 0.127078
-0.789602 0.602691 0.115293
-0.905669 0.402180 0.134219
-0.876283 0.479465 -0.047336
-0.917460 0.397420 -0.018021
-0.876283 0.479465 -0.047336
-0.905669 0.402180 0.134219
-0.862188 0.490391 0.127078
-0.933608 0.330406 0.138591
-0.917460 0.397420 -0.018021
-0.944938 0.327248 0.000191
-0.917460 0.397420 -0.018021
-0.933608 0.330406 0.138591
-0.905669 0.402180 0.134219
-0.953145 0.267094 0.142037
-0.944938 0.327248 0.000191
-0.964055 0.265473 0.011061
-0.944938 0.327248 0.000191
-0.953145 0.267094 0.142037
-0.933608 0.330406 0.138591
-0.978427 0.205985 0.015830
-0.967343 0.208269 0.144472
-0.953145 0.267094 0.142037
-0.953145 0.267094 0.142037
-0.964055 0.265473 0.011061
-0.978427 0.205985 0.015830
-0.989207 0.145730 0.015260
-0.978086 0.147981 0.146455
-0.967343 0.208269 0.144472
-0.967343 0.208269 0.144472
-0.978427 0.205985 0.015830
-0.989207 0.145730 0.015260
-0.996741 0.080121 0.009347
-0.985561 0.082400 0.147920
-0.978086 0.147981 0.146455
-0.978086 0.147981 0.146455
-0.989207 0.145730 0.015260
-0.996741 0.080121 0.009347
-0.999983 0.004577 -0.003623
-0.988859 0.005340 0.148758
-0.985561 0.082400 0.147920
-0.985561 0.082400 0.147920
-0.996741 0.080121 0.009347
-0.999983 0.004577 -0.003623
-0.995528 -0.090780 -0.026128
-0.984656 -0.091543 0.148566
-0.988859 0.005340 0.148758
-0.988859 0.005340 0.148758
-0.999983 0.004577 -0.003623
-0.995528 -0.090780 -0.026128
-0.972467 -0.222758 -0.068467
-0.963265 -0.225124 0.146426
-0.984656 -0.091543 0.148566
-0.984656 -0.091543 0.148566
-0.995528 -0.090780 -0.026128
-0.972467 -0.222758 -0.068467
-0.901479 -0.415833 -0.120076
-0.892288 -0.430983 0.134444
-0.963265 -0.225124 0.146426
-0.963265 -0.225124 0.146426
-0.972467 -0.222758 -0.068467
-0.901479 -0.415833 -0.120076
-0.628565 -0.734691 -0.255217
-0.617934 -0.779384 0.103530
-0.892288 -0.430983 0.134444
-0.892288 -0.430983 0.134444
-0.901479 -0.415833 -0.120076
-0.628565 -0.734691 -0.255217
-0.067691 -0.997632 0.012203
-0.628565 -0.734691 -0.255217
-0.090735 -0.930223 -0.355601
-0.628565 -0.734691 -0.255217
-0.067691 -0.997632 0.012203
-0.617934 -0.779384 0.103530
-0.284555 0.907830 -0.308014
0.256607 0.638275 -0.725781
-0.259460 0.725953 -0.636925
0.256607 0.638275 -0.725781
-0.284555 0.907830 -0.308014
0.287019 0.858389 -0.425192
-0.660204 0.731526 -0.170295
-0.259460 0.725953 -0.636925
-0.628420 0.632041 -0.453446
-0.259460 0.725953 -0.636925
-0.660204 0.731526 -0.170295
-0.284555 0.907830 -0.308014
-0.628420 0.632041 -0.453446
-0.802545 0.588800 -0.096100
-0.660204 0.731526 -0.170295
-0.802545 0.588800 -0.096100
-0.628420 0.632041 -0.453446
-0.771058 0.532738 -0.348798
-0.771058 0.532738 -0.348798
-0.876283 0.479465 -0.047336
-0.802545 0.588800 -0.096100
-0.876283 0.479465 -0.047336
-0.771058 0.532738 -0.348798
-0.851600 0.447066 -0.273695
-0.851600 0.447066 -0.273695
-0.917460 0.397420 -0.018021
-0.876283 0.479465 -0.047336
-0.917460 0.397420 -0.018021
-0.851600 0.447066 -0.273695
-0.901853 0.372496 -0.218880
-0.901853 0.372496 -0.218880
-0.944938 0.327248 0.000191
-0.917460 0.397420 -0.018021
-0.944938 0.327248 0.000191
-0.901853 0.372496 -0.218880
-0.931531 0.311972 -0.186878
-0.931531 0.311972 -0.186878
-0.964055 0.265473 0.011061
-0.944938 0.327248 0.000191
-0.964055 0.265473 0.011061
-0.931531 0.311972 -0.186878
-0.952765 0.253257 -0.167630
-0.978427 0.205985 0.015830
-0.952765 0.253257 -0.167630
-0.967266 0.196810 -0.160194
-0.952765 0.253257 -0.167630
-0.978427 0.205985 0.015830
-0.964055 0.265473 0.011061
-0.976967 0.137359 -0.163305
-0.989207 0.145730 0.015260
-0.978427 0.205985 0.015830
-0.978427 0.205985 0.015830
-0.967266 0.196810 -0.160194
-0.976967 0.137359 -0.163305
-0.981038 0.076301 -0.178163
-0.996741 0.080121 0.009347
-0.989207 0.145730 0.015260
-0.989207 0.145730 0.015260
-0.976967 0.137359 -0.163305
-0.981038 0.076301 -0.178163
-0.978391 0.003052 -0.206740
-0.999983 0.004577 -0.003623
-0.996741 0.080121 0.009347
-0.996741 0.080121 0.009347
-0.981038 0.076301 -0.178163
-0.978391 0.003052 -0.206740
-0.962817 -0.086974 -0.255772
-0.995528 -0.090780 -0.026128
-0.999983 0.004577 -0.003623
-0.999983 0.004577 -0.003623
-0.978391 0.003052 -0.206740
-0.962817 -0.086974 -0.255772
-0.925301 -0.202910 -0.320384
-0.972467 -0.222758 -0.068467
-0.995528 -0.090780 -0.026128
-0.995528 -0.090780 -0.026128
-0.962817 -0.086974 -0.255772
-0.925301 -0.202910 -0.320384
-0.832747 -0.354084 -0.425626
-0.901479 -0.415833 -0.120076
-0.972467 -0.222758 -0.068467
-0.972467 -0.222758 -0.068467
-0.925301 -0.202910 -0.320384
-0.832747 -0.354084 -0.425626
-0.539621 -0.603644 -0.586876
-0.628565 -0.734691 -0.255217
-0.901479 -0.415833 -0.120076
-0.901479 -0.415833 -0.120076
-0.832747 -0.354084 -0.425626
-0.539621 -0.603644 -0.586876
-0.090735 -0.930223 -0.355601
-0.539621 -0.603644 -0.586876
-0.029940 -0.736095 -0.676216
-0.539621 -0.603644 -0.586876
-0.090735 -0.930223 -0.355601
-0.628565 -0.734691 -0.255217
-0.259460 0.725953 -0.636925
0.238380 0.304364 -0.922246
-0.193407 0.438693 -0.877577
0.238380 0.304364 -0.922246
-0.259460 0.725953 -0.636925
0.256607 0.638275 -0.725781
-0.628420 0.632041 -0.453446
-0.193407 0.438693 -0.877577
-0.507579 0.411860 -0.756792
-0.193407 0.438693 -0.877577
-0.628420 0.632041 -0.453446
-0.259460 0.725953 -0.636925
-0.507579 0.411860 -0.756792
-0.771058 0.532738 -0.348798
-0.628420 0.632041 -0.453446
-0.771058 0.532738 -0.348798
-0.507579 0.411860 -0.756792
-0.640742 0.379105 -0.667630
-0.640742 0.379105 -0.667630
-0.851600 0.447066 -0.273695
-0.771058 0.532738 -0.348798
-0.851600 0.447066 -0.273695
-0.640742 0.379105 -0.667630
-0.729829 0.338106 -0.594167
-0.729829 0.338106 -0.594167
-0.901853 0.372496 -0.218880
-0.851600 0.447066 -0.273695
-0.901853 0.372496 -0.218880
-0.729829 0.338106 -0.594167
-0.771146 0.297622 -0.562810
-0.771146 0.297622 -0.562810
-0.931531 0.311972 -0.186878
-0.901853 0.372496 -0.218880
-0.931531 0.311972 -0.186878
-0.771146 0.297622 -0.562810
-0.821768 0.252617 -0.510767
-0.821768 0.252617 -0.510767
-0.952765 0.253257 -0.167630
-0.931531 0.311972 -0.186878
-0.952765 0.253257 -0.167630
-0.821768 0.252617 -0.510767
-0.848954 0.209807 -0.485035
-0.967266 0.196810 -0.160194
-0.848954 0.209807 -0.485035
-0.864679 0.163248 -0.475058
-0.848954 0.209807 -0.485035
-0.967266 0.196810 -0.160194
-0.952765 0.253257 -0.167630
-0.868837 0.115947 -0.481331
-0.976967 0.137359 -0.163305
-0.967266 0.196810 -0.160194
-0.967266 0.196810 -0.160194
-0.864679 0.163248 -0.475058
-0.868837 0.115947 -0.481331
-0.862009 0.061041 -0.503204
-0.981038 0.076301 -0.178163
-0.976967 0.137359 -0.163305
-0.976967 0.137359 -0.163305
-0.868837 0.115947 -0.481331
-0.862009 0.061041 -0.503204
-0.841538 0.005341 -0.540171
-0.978391 0.003052 -0.206740
-0.981038 0.076301 -0.178163
-0.981038 0.076301 -0.178163
-0.862009 0.061041 -0.503204
-0.841538 0.005341 -0.540171
-0.809416 -0.057979 -0.584366
-0.962817 -0.086974 -0.255772
-0.978391 0.003052 -0.206740
-0.978391 0.003052 -0.206740
-0.841538 0.005341 -0.540171
-0.809416 -0.057979 -0.584366
-0.747126 -0.135009 -0.650827
-0.925301 -0.202910 -0.320384
-0.962817 -0.086974 -0.255772
-0.962817 -0.086974 -0.255772
-0.809416 -0.057979 -0.584366
-0.747126 -0.135009 -0.650827
-0.639185 -0.223486 -0.735864
-0.832747 -0.354084 -0.425626
-0.925301 -0.202910 -0.320384
-0.925301 -0.202910 -0.320384
-0.747126 -0.135009 -0.650827
-0.639185 -0.223486 -0.735864
-0.360578 -0.385176 -0.849484
-0.539621 -0.603644 -0.586876
-0.832747 -0.354084 -0.425626
-0.832747 -0.354084 -0.425626
-0.639185 -0.223486 -0.735864
-0.360578 -0.385176 -0.849484
0.085810 -0.434009 -0.896813
-0.029940 -0.736095 -0.676216
-0.539621 -0.603644 -0.586876
-0.539621 -0.603644 -0.586876
-0.360578 -0.385176 -0.849484
0.085810 -0.434009 -0.896813
0.695167 0.209847 0.687537
0.081062 0.018311 0.996541
0.636678 -0.106049 0.763803
0.081062 0.018311 0.996541
0.695167 0.209847 0.687537
0.500276 0.307451 0.809443
0.081062 0.018311 0.996541
0.562666 -0.420379 0.711821
0.636678 -0.106049 0.763803
0.562666 -0.420379 0.711821
0.081062 0.018311 0.996541
0.343034 -0.428888 0.835693
0.343034 -0.428888 0.835693
0.475666 -0.695556 0.538464
0.562666 -0.420379 0.711821
0.475666 -0.695556 0.538464
0.343034 -0.428888 0.835693
0.169396 -0.729471 0.662704
0.475666 -0.695556 0.538464
0.023453 -0.925153 0.378870
0.390457 -0.878958 0.273816
0.023453 -0.925153 0.378870
0.475666 -0.695556 0.538464
0.169396 -0.729471 0.662704
0.390457 -0.878958 0.273816
-0.067691 -0.997632 0.012203
0.326699 -0.944094 -0.044195
-0.067691 -0.997632 0.012203
0.390457 -0.878958 0.273816
0.023453 -0.925153 0.378870
-0.067691 -0.997632 0.012203
0.293997 -0.882373 -0.367401
0.326699 -0.944094 -0.044195
0.293997 -0.882373 -0.367401
-0.067691 -0.997632 0.012203
-0.090735 -0.930223 -0.355601
-0.090735 -0.930223 -0.355601
0.295919 -0.702427 -0.647324
0.293997 -0.882373 -0.367401
0.295919 -0.702427 -0.647324
-0.090735 -0.930223 -0.355601
-0.029940 -0.736095 -0.676216
0.085810 -0.434009 -0.896813
0.295919 -0.702427 -0.647324
-0.029940 -0.736095 -0.676216
0.295919 -0.702427 -0.647324
0.085810 -0.434009 -0.896813
0.328853 -0.430333 -0.840636
-0.215871 0.009154 -0.976379
0.328853 -0.430333 -0.840636
0.085810 -0.434009 -0.896813
0.328853 -0.430333 -0.840636
-0.215871 0.009154 -0.976379
0.384092 -0.114427 -0.916177
-0.215871 0.009154 -0.976379
0.238380 0.304364 -0.922246
0.460932 0.200621 -0.864461
-0.215871 0.009154 -0.976379
0.460932 0.200621 -0.864461
0.384092 -0.114427 -0.916177
0.238380 0.304364 -0.922246
0.256607 0.638275 -0.725781
0.544445 0.476747 -0.690139
0.238380 0.304364 -0.922246
0.544445 0.476747 -0.690139
0.460932 0.200621 -0.864461
0.544445 0.476747 -0.690139
0.287019 0.858389 -0.425192
0.617448 0.662423 -0.424210
0.287019 0.858389 -0.425192
0.544445 0.476747 -0.690139
0.256607 0.638275 -0.725781
0.339658 0.939064 -0.052827
0.617448 0.662423 -0.424210
0.287019 0.858389 -0.425192
0.617448 0.662423 -0.424210
0.339658 0.939064 -0.052827
0.677718 0.727679 -0.105739
0.339658 0.939064 -0.052827
0.394570 0.864968 0.310074
0.713911 0.665859 0.216709
0.713911 0.665859 0.216709
0.677718 0.727679 -0.105739
0.339658 0.939064 -0.052827
0.394570 0.864968 0.310074
0.721644 0.483511 0.495427
0.713911 0.665859 0.216709
0.721644 0.483511 0.495427
0.394570 0.864968 0.310074
0.459188 0.643779 0.612124
0.721644 0.483511 0.495427
0.500276 0.307451 0.809443
0.695167 0.209847 0.687537
0.500276 0.307451 0.809443
0.721644 0.483511 0.495427
0.459188 0.643779 0.612124
0.636678 -0.106049 0.763803
0.748579 0.182329 0.637484
0.695167 0.209847 0.687537
0.748579 0.182329 0.637484
0.636678 -0.106049 0.763803
0.695118 -0.119763 0.708849
0.636678 -0.106049 0.763803
0.622292 -0.421725 0.659470
0.695118 -0.119763 0.708849
0.622292 -0.421725 0.659470
0.636678 -0.106049 0.763803
0.562666 -0.420379 0.711821
0.562666 -0.420379 0.711821
0.542890 -0.676800 0.497204
0.622292 -0.421725 0.659470
0.542890 -0.676800 0.497204
0.562666 -0.420379 0.711821
0.475666 -0.695556 0.538464
0.542890 -0.676800 0.497204
0.390457 -0.878958 0.273816
0.468554 -0.848659 0.245429
0.390457 -0.878958 0.273816
0.542890 -0.676800 0.497204
0.475666 -0.695556 0.538464
0.468554 -0.848659 0.245429
0.326699 -0.944094 -0.044195
0.411031 -0.909840 -0.056960
0.326699 -0.944094 -0.044195
0.468554 -0.848659 0.245429
0.390457 -0.878958 0.273816
0.326699 -0.944094 -0.044195
0.376698 -0.852096 -0.363360
0.411031 -0.909840 -0.056960
0.376698 -0.852096 -0.363360
0.326699 -0.944094 -0.044195
0.293997 -0.882373 -0.367401
0.293997 -0.882373 -0.367401
0.373103 -0.683291 -0.627621
0.376698 -0.852096 -0.363360
0.373103 -0.683291 -0.627621
0.293997 -0.882373 -0.367401
0.295919 -0.702427 -0.647324
0.373103 -0.683291 -0.627621
0.328853 -0.430333 -0.840636
0.401367 -0.429396 -0.809026
0.328853 -0.430333 -0.840636
0.373103 -0.683291 -0.627621
0.295919 -0.702427 -0.647324
0.384092 -0.114427 -0.916177
0.401367 -0.429396 -0.809026
0.328853 -0.430333 -0.840636
0.401367 -0.429396 -0.809026
0.384092 -0.114427 -0.916177
0.455797 -0.128920 -0.880698
0.384092 -0.114427 -0.916177
0.460932 0.200621 -0.864461
0.527739 0.173179 -0.831565
0.384092 -0.114427 -0.916177
0.527739 0.173179 -0.831565
0.455797 -0.128920 -0.880698
0.460932 0.200621 -0.864461
0.544445 0.476747 -0.690139
0.606788 0.429578 -0.668783
0.460932 0.200621 -0.864461
0.606788 0.429578 -0.668783
0.527739 0.173179 -0.831565
0.544445 0.476747 -0.690139
0.617448 0.662423 -0.424210
0.681667 0.601179 -0.417030
0.544445 0.476747 -0.690139
0.681667 0.601179 -0.417030
0.606788 0.429578 -0.668783
0.617448 0.662423 -0.424210
0.677718 0.727679 -0.105739
0.740512 0.662132 -0.114996
0.740512 0.662132 -0.114996
0.681667 0.601179 -0.417030
0.617448 0.662423 -0.424210
0.773381 0.604210 0.191867
0.740512 0.662132 -0.114996
0.677718 0.727679 -0.105739
0.773381 0.604210 0.191867
0.677718 0.727679 -0.105739
0.713911 0.665859 0.216709
0.713911 0.665859 0.216709
0.775921 0.435645 0.456245
0.773381 0.604210 0.191867
0.775921 0.435645 0.456245
0.713911 0.665859 0.216709
0.721644 0.483511 0.495427
0.775921 0.435645 0.456245
0.695167 0.209847 0.687537
0.748579 0.182329 0.637484
0.695167 0.209847 0.687537
0.775921 0.435645 0.456245
0.721644 0.483511 0.495427
-0.772396 0.630543 -0.076291
-0.353748 0.410496 -0.840449
-0.930926 -0.045392 0.362376
-0.353748 0.410496 -0.840449
-0.907163 -0.006485 0.420730
-0.930926 -0.045392 0.362376
0.346411 0.746233 -0.568450
0.889898 0.048448 -0.453580
-0.353748 0.410496 -0.840449
0.889898 0.048448 -0.453580
0.883911 -0.000763 -0.467655
-0.353748 0.410496 -0.840449
-0.548010 -0.130458 0.826235
0.947646 -0.150685 0.281533
0.990115 -0.130464 0.051499
0.947646 -0.150685 0.281533
-0.548010 -0.130458 0.826235
-0.335394 -0.141128 0.931447
-0.907163 -0.006485 0.420730
-0.896188 0.003815 0.443659
-0.335394 -0.141128 0.931447
-0.896188 0.003815 0.443659
0.358865 -0.598441 0.716299
-0.335394 -0.141128 0.931447
-0.353748 0.410496 -0.840449
0.883911 -0.000763 -0.467655
-0.401768 0.447829 -0.798769
0.887393 -0.009539 -0.460914
-0.401768 0.447829 -0.798769
0.883911 -0.000763 -0.467655
-0.896188 0.003815 0.443659
-0.891779 0.006676 0.452422
0.358865 -0.598441 0.716299
-0.891779 0.006676 0.452422
0.400090 -0.455747 0.795125
0.358865 -0.598441 0.716299
-0.401768 0.447829 -0.798769
0.887393 -0.009539 -0.460914
-0.379682 0.533844 -0.755548
0.891586 -0.006676 -0.452802
-0.379682 0.533844 -0.755548
0.887393 -0.009539 -0.460914
-0.891779 0.006676 0.452422
-0.892148 0.006104 0.451701
0.400090 -0.455747 0.795125
-0.892148 0.006104 0.451701
0.410790 -0.407357 0.815667
0.400090 -0.455747 0.795125
-0.379682 0.533844 -0.755548
0.891586 -0.006676 -0.452802
-0.415352 0.384077 -0.824602
0.891120 -0.007244 -0.453710
-0.415352 0.384077 -0.824602
0.891586 -0.006676 -0.452802
-0.892926 0.004387 0.450183
0.392532 -0.485968 0.780867
0.410790 -0.407357 0.815667
-0.892926 0.004387 0.450183
0.410790 -0.407357 0.815667
-0.892148 0.006104 0.451701
0.890621 -0.009059 -0.454656
-0.440309 0.217580 -0.871084
0.891120 -0.007244 -0.453710
-0.440309 0.217580 -0.871084
-0.415352 0.384077 -0.824602
0.891120 -0.007244 -0.453710
0.260701 -0.808937 0.526931
0.392532 -0.485968 0.780867
-0.894825 -0.002486 0.446411
-0.894825 -0.002486 0.446411
0.392532 -0.485968 0.780867
-0.892926 0.004387 0.450183
0.888596 -0.016053 -0.458409
-0.452664 -0.012929 -0.891587
0.890621 -0.009059 -0.454656
-0.452664 -0.012929 -0.891587
-0.440309 0.217580 -0.871084
0.890621 -0.009059 -0.454656
0.087461 -0.978471 0.186939
0.260701 -0.808937 0.526931
-0.894825 -0.002486 0.446411
0.087461 -0.978471 0.186939
-0.894825 -0.002486 0.446411
-0.210102 -0.891597 -0.401138
-0.210102 -0.891597 -0.401138
-0.432168 -0.308034 -0.847553
0.888596 -0.016053 -0.458409
-0.432168 -0.308034 -0.847553
-0.452664 -0.012929 -0.891587
0.888596 -0.016053 -0.458409
-0.907163 -0.006485 0.420730
-0.548010 -0.130458 0.826235
-0.930926 -0.045392 0.362376
-0.907163 -0.006485 0.420730
-0.335394 -0.141128 0.931447
-0.548010 -0.130458 0.826235
0.889898 0.048448 -0.453580
0.990115 -0.130464 0.051499
0.883911 -0.000763 -0.467655
0.947646 -0.150685 0.281533
0.883911 -0.000763 -0.467655
0.990115 -0.130464 0.051499
-0.907163 -0.006485 0.420730
-0.353748 0.410496 -0.840449
-0.401768 0.447829 -0.798769
-0.401768 0.447829 -0.798769
-0.896188 0.003815 0.443659
-0.907163 -0.006485 0.420730
0.883911 -0.000763 -0.467655
0.947646 -0.150685 0.281533
0.887393 -0.009539 -0.460914
0.358865 -0.598441 0.716299
0.887393 -0.009539 -0.460914
0.947646 -0.150685 0.281533
-0.401768 0.447829 -0.798769
-0.379682 0.533844 -0.755548
-0.896188 0.003815 0.443659
-0.379682 0.533844 -0.755548
-0.891779 0.006676 0.452422
-0.896188 0.003815 0.443659
0.887393 -0.009539 -0.460914
0.358865 -0.598441 0.716299
0.891586 -0.006676 -0.452802
0.400090 -0.455747 0.795125
0.891586 -0.006676 -0.452802
0.358865 -0.598441 0.716299
-0.379682 0.533844 -0.755548
-0.415352 0.384077 -0.824602
-0.891779 0.006676 0.452422
-0.415352 0.384077 -0.824602
-0.892148 0.006104 0.451701
-0.891779 0.006676 0.452422
0.891586 -0.006676 -0.452802
0.400090 -0.455747 0.795125
0.891120 -0.007244 -0.453710
0.410790 -0.407357 0.815667
0.891120 -0.007244 -0.453710
0.400090 -0.455747 0.795125
-0.892926 0.004387 0.450183
-0.892148 0.006104 0.451701
-0.440309 0.217580 -0.871084
-0.415352 0.384077 -0.824602
-0.440309 0.217580 -0.871084
-0.892148 0.006104 0.451701
0.891120 -0.007244 -0.453710
0.410790 -0.407357 0.815667
0.890621 -0.009059 -0.454656
0.392532 -0.485968 0.780867
0.890621 -0.009059 -0.454656
0.410790 -0.407357 0.815667
-0.894825 -0.002486 0.446411
-0.892926 0.004387 0.450183
-0.452664 -0.012929 -0.891587
-0.452664 -0.012929 -0.891587
-0.892926 0.004387 0.450183
-0.440309 0.217580 -0.871084
0.260701 -0.808937 0.526931
0.888596 -0.016053 -0.458409
0.392532 -0.485968 0.780867
0.888596 -0.016053 -0.458409
0.890621 -0.009059 -0.454656
0.392532 -0.485968 0.780867
-0.210102 -0.891597 -0.401138
-0.894825 -0.002486 0.446411
-0.432168 -0.308034 -0.847553
-0.432168 -0.308034 -0.847553
-0.894825 -0.002486 0.446411
-0.452664 -0.012929 -0.891587
-0.210102 -0.891597 -0.401138
0.888596 -0.016053 -0.458409
0.087461 -0.978471 0.186939
0.087461 -0.978471 0.186939
0.888596 -0.016053 -0.458409
0.260701 -0.808937 0.526931
-0.761868 0.640061 0.099399
-0.796219 0.598214 0.090419
-0.187765 0.812853 0.551375
-0.761868 0.640061 0.099399
-0.187765 0.812853 0.551375
-0.064197 0.928039 0.366910
0.833910 0.027085 0.551235
-0.064197 0.928039 0.366910
-0.187765 0.812853 0.551375
-0.064197 0.928039 0.366910
0.833910 0.027085 0.551235
0.921990 0.120954 0.367839
0.974821 0.188033 -0.119866
-0.067456 0.997628 0.013739
-0.010724 0.992776 -0.119501
-0.067456 0.997628 0.013739
0.974821 0.188033 -0.119866
0.980651 0.195310 0.013351
0.781411 -0.617346 0.090999
0.778450 -0.619696 0.099963
0.833910 0.027085 0.551235
0.778450 -0.619696 0.099963
0.921990 0.120954 0.367839
0.833910 0.027085 0.551235
-0.010724 0.992776 -0.119501
-0.067456 0.997628 0.013739
-0.703777 0.703777 -0.096927
-0.703777 0.703777 -0.096927
-0.067456 0.997628 0.013739
-0.761509 0.644545 -0.068309
-0.761509 0.644545 -0.068309
-0.775160 0.625262 -0.090418
-0.703777 0.703777 -0.096927
-0.775160 0.625262 -0.090418
-0.761509 0.644545 -0.068309
-0.793981 0.603376 -0.074373
-0.793981 0.603376 -0.074373
-0.790359 0.606555 -0.086158
-0.775160 0.625262 -0.090418
-0.790359 0.606555 -0.086158
-0.793981 0.603376 -0.074373
-0.806217 0.587346 -0.070985
-0.806217 0.587346 -0.070985
-0.816507 0.573329 -0.067899
-0.790359 0.606555 -0.086158
-0.790359 0.606555 -0.086158
-0.816507 0.573329 -0.067899
-0.801925 0.592444 -0.076976
-0.816507 0.573329 -0.067899
-0.811754 0.580098 -0.067391
-0.801925 0.592444 -0.076976
-0.811754 0.580098 -0.067391
-0.816507 0.573329 -0.067899
-0.824484 0.563137 -0.055703
-0.824484 0.563137 -0.055703
-0.817736 0.573756 -0.045962
-0.811754 0.580098 -0.067391
-0.817736 0.573756 -0.045962
-0.824484 0.563137 -0.055703
-0.828929 0.557834 -0.041208
-0.827275 0.561181 -0.026323
-0.813479 0.580865 -0.029101
-0.828929 0.557834 -0.041208
-0.813479 0.580865 -0.029101
-0.817736 0.573756 -0.045962
-0.828929 0.557834 -0.041208
-0.829401 0.558529 -0.011827
-0.817492 0.575634 -0.018767
-0.827275 0.561181 -0.026323
-0.817492 0.575634 -0.018767
-0.813479 0.580865 -0.029101
-0.827275 0.561181 -0.026323
-0.819897 0.572511 0.000000
-0.829401 0.558529 -0.011827
-0.832577 0.553907 0.001907
-0.829401 0.558529 -0.011827
-0.819897 0.572511 0.000000
-0.817492 0.575634 -0.018767
-0.818688 0.573866 0.020673
-0.832577 0.553907 0.001907
-0.830862 0.556197 0.017739
-0.832577 0.553907 0.001907
-0.818688 0.573866 0.020673
-0.819897 0.572511 0.000000
-0.813189 0.580302 0.044432
-0.830862 0.556197 0.017739
-0.826914 0.561195 0.035671
-0.830862 0.556197 0.017739
-0.813189 0.580302 0.044432
-0.818688 0.573866 0.020673
-0.813189 0.580302 0.044432
-0.817967 0.572653 0.054747
-0.802488 0.593102 0.065134
-0.817967 0.572653 0.054747
-0.813189 0.580302 0.044432
-0.826914 0.561195 0.035671
-0.802488 0.593102 0.065134
-0.817967 0.572653 0.054747
-0.811192 0.579832 0.075912
-0.802488 0.593102 0.065134
-0.811192 0.579832 0.075912
-0.793737 0.602818 0.081193
-0.811192 0.579832 0.075912
-0.796219 0.598214 0.090419
-0.793737 0.602818 0.081193
-0.793737 0.602818 0.081193
-0.796219 0.598214 0.090419
-0.761868 0.640061 0.099399
0.768375 -0.635226 0.078020
0.748579 -0.657914 0.082335
0.781411 -0.617346 0.090999
0.748579 -0.657914 0.082335
0.778450 -0.619696 0.099963
0.781411 -0.617346 0.090999
0.748579 -0.657914 0.082335
0.768375 -0.635226 0.078020
0.746660 -0.661442 0.070664
0.767912 -0.636907 0.068267
0.746660 -0.661442 0.070664
0.768375 -0.635226 0.078020
0.757571 -0.651908 0.033187
0.738630 -0.672944 0.039641
0.746660 -0.661442 0.070664
0.746660 -0.661442 0.070664
0.767912 -0.636907 0.068267
0.757571 -0.651908 0.033187
0.738630 -0.672944 0.039641
0.748629 -0.662989 -0.000191
0.726452 -0.687190 0.006129
0.748629 -0.662989 -0.000191
0.738630 -0.672944 0.039641
0.757571 -0.651908 0.033187
0.726452 -0.687190 0.006129
0.748355 -0.663297 -0.001144
0.723754 -0.690055 -0.002106
0.748355 -0.663297 -0.001144
0.726452 -0.687190 0.006129
0.748629 -0.662989 -0.000191
0.723754 -0.690055 -0.002106
0.751425 -0.659713 -0.011821
0.726056 -0.687379 -0.018764
0.751425 -0.659713 -0.011821
0.723754 -0.690055 -0.002106
0.748355 -0.663297 -0.001144
0.751425 -0.659713 -0.011821
0.753819 -0.656539 -0.026704
0.726056 -0.687379 -0.018764
0.726056 -0.687379 -0.018764
0.753819 -0.656539 -0.026704
0.730720 -0.682056 -0.029121
0.750329 -0.659756 -0.041568
0.730720 -0.682056 -0.029121
0.753819 -0.656539 -0.026704
0.730720 -0.682056 -0.029121
0.750329 -0.659756 -0.041568
0.724107 -0.688131 -0.046309
0.750329 -0.659756 -0.041568
0.754821 -0.653529 -0.056082
0.729546 -0.680526 -0.068168
0.750329 -0.659756 -0.041568
0.729546 -0.680526 -0.068168
0.724107 -0.688131 -0.046309
0.739500 -0.668652 -0.077741
0.754821 -0.653529 -0.056082
0.762523 -0.643349 -0.068263
0.754821 -0.653529 -0.056082
0.739500 -0.668652 -0.077741
0.729546 -0.680526 -0.068168
0.739500 -0.668652 -0.077741
0.762523 -0.643349 -0.068263
0.751335 -0.654318 -0.085812
0.774355 -0.628717 -0.071341
0.751335 -0.654318 -0.085812
0.762523 -0.643349 -0.068263
0.751335 -0.654318 -0.085812
0.774355 -0.628717 -0.071341
0.766631 -0.635589 -0.091127
0.766631 -0.635589 -0.091127
0.774355 -0.628717 -0.071341
0.785888 -0.613832 -0.074774
0.980651 0.195310 0.013351
0.974821 0.188033 -0.119866
0.830247 -0.548775 -0.097654
0.830247 -0.548775 -0.097654
0.817589 -0.571644 -0.069071
0.980651 0.195310 0.013351
0.817589 -0.571644 -0.069071
0.830247 -0.548775 -0.097654
0.766631 -0.635589 -0.091127
0.766631 -0.635589 -0.091127
0.785888 -0.613832 -0.074774
0.817589 -0.571644 -0.069071
0.778450 -0.619696 0.099963
0.936591 0.028021 0.349302
0.921990 0.120954 0.367839
0.936591 0.028021 0.349302
0.778450 -0.619696 0.099963
0.784798 -0.617313 0.054932
0.748579 -0.657914 0.082335
0.784798 -0.617313 0.054932
0.778450 -0.619696 0.099963
0.784798 -0.617313 0.054932
0.748579 -0.657914 0.082335
0.748491 -0.662850 0.019778
0.748491 -0.662850 0.019778
0.746660 -0.661442 0.070664
0.748128 -0.663339 0.016900
0.746660 -0.661442 0.070664
0.748491 -0.662850 0.019778
0.748579 -0.657914 0.082335
0.748128 -0.663339 0.016900
0.738630 -0.672944 0.039641
0.746307 -0.665518 0.010567
0.738630 -0.672944 0.039641
0.748128 -0.663339 0.016900
0.746660 -0.661442 0.070664
0.746307 -0.665518 0.010567
0.726452 -0.687190 0.006129
0.743406 -0.668835 0.002499
0.726452 -0.687190 0.006129
0.746307 -0.665518 0.010567
0.738630 -0.672944 0.039641
0.743406 -0.668835 0.002499
0.723754 -0.690055 -0.002106
0.742299 -0.670067 -0.001345
0.723754 -0.690055 -0.002106
0.743406 -0.668835 0.002499
0.726452 -0.687190 0.006129
0.742299 -0.670067 -0.001345
0.726056 -0.687379 -0.018764
0.742110 -0.670243 -0.006918
0.726056 -0.687379 -0.018764
0.742299 -0.670067 -0.001345
0.723754 -0.690055 -0.002106
0.730720 -0.682056 -0.029121
0.742110 -0.670243 -0.006918
0.726056 -0.687379 -0.018764
0.742110 -0.670243 -0.006918
0.730720 -0.682056 -0.029121
0.742430 -0.669888 -0.006918
0.730720 -0.682056 -0.029121
0.741757 -0.670606 -0.009218
0.742430 -0.669888 -0.006918
0.741757 -0.670606 -0.009218
0.730720 -0.682056 -0.029121
0.724107 -0.688131 -0.046309
0.729546 -0.680526 -0.068168
0.741757 -0.670606 -0.009218
0.724107 -0.688131 -0.046309
0.741757 -0.670606 -0.009218
0.729546 -0.680526 -0.068168
0.744557 -0.667335 -0.017288
0.739500 -0.668652 -0.077741
0.744557 -0.667335 -0.017288
0.729546 -0.680526 -0.068168
0.744557 -0.667335 -0.017288
0.739500 -0.668652 -0.077741
0.746382 -0.665158 -0.021890
0.746382 -0.665158 -0.021890
0.751335 -0.654318 -0.085812
0.749347 -0.661646 -0.026512
0.751335 -0.654318 -0.085812
0.746382 -0.665158 -0.021890
0.739500 -0.668652 -0.077741
0.749347 -0.661646 -0.026512
0.766631 -0.635589 -0.091127
0.753065 -0.657228 -0.030730
0.766631 -0.635589 -0.091127
0.749347 -0.661646 -0.026512
0.751335 -0.654318 -0.085812
0.753065 -0.657228 -0.030730
0.830247 -0.548775 -0.097654
0.843053 -0.526248 -0.111011
0.830247 -0.548775 -0.097654
0.753065 -0.657228 -0.030730
0.766631 -0.635589 -0.091127
0.843053 -0.526248 -0.111011
0.974821 0.188033 -0.119866
0.800571 0.267528 -0.536205
0.974821 0.188033 -0.119866
0.843053 -0.526248 -0.111011
0.830247 -0.548775 -0.097654
0.800571 0.267528 -0.536205
0.974821 0.188033 -0.119866
0.152799 0.829753 -0.536808
0.152799 0.829753 -0.536808
0.974821 0.188033 -0.119866
-0.010724 0.992776 -0.119501
0.152799 0.829753 -0.536808
-0.010724 0.992776 -0.119501
-0.640596 0.759795 -0.111124
-0.703777 0.703777 -0.096927
-0.640596 0.759795 -0.111124
-0.010724 0.992776 -0.119501
-0.640596 0.759795 -0.111124
-0.703777 0.703777 -0.096927
-0.756288 0.653516 -0.030736
-0.756288 0.653516 -0.030736
-0.703777 0.703777 -0.096927
-0.775160 0.625262 -0.090418
-0.775160 0.625262 -0.090418
-0.760141 0.649217 -0.026507
-0.756288 0.653516 -0.030736
-0.760141 0.649217 -0.026507
-0.775160 0.625262 -0.090418
-0.790359 0.606555 -0.086158
-0.790359 0.606555 -0.086158
-0.763108 0.645913 -0.021518
-0.760141 0.649217 -0.026507
-0.763108 0.645913 -0.021518
-0.790359 0.606555 -0.086158
-0.801925 0.592444 -0.076976
-0.801925 0.592444 -0.076976
-0.811754 0.580098 -0.067391
-0.765235 0.643519 -0.017278
-0.801925 0.592444 -0.076976
-0.765235 0.643519 -0.017278
-0.763108 0.645913 -0.021518
-0.817736 0.573756 -0.045962
-0.767965 0.640419 -0.009604
-0.811754 0.580098 -0.067391
-0.811754 0.580098 -0.067391
-0.767965 0.640419 -0.009604
-0.765235 0.643519 -0.017278
-0.813479 0.580865 -0.029101
-0.767965 0.640419 -0.009604
-0.817736 0.573756 -0.045962
-0.767965 0.640419 -0.009604
-0.813479 0.580865 -0.029101
-0.767289 0.641264 -0.006916
-0.817492 0.575634 -0.018767
-0.767982 0.640434 -0.006915
-0.813479 0.580865 -0.029101
-0.767982 0.640434 -0.006915
-0.767289 0.641264 -0.006916
-0.813479 0.580865 -0.029101
-0.767982 0.640434 -0.006915
-0.817492 0.575634 -0.018767
-0.767843 0.640638 -0.001153
-0.819897 0.572511 0.000000
-0.767843 0.640638 -0.001153
-0.817492 0.575634 -0.018767
-0.767843 0.640638 -0.001153
-0.819897 0.572511 0.000000
-0.766761 0.641912 0.005186
-0.818688 0.573866 0.020673
-0.766761 0.641912 0.005186
-0.819897 0.572511 0.000000
-0.766761 0.641912 0.005186
-0.818688 0.573866 0.020673
-0.764794 0.644179 0.011140
-0.764794 0.644179 0.011140
-0.818688 0.573866 0.020673
-0.813189 0.580302 0.044432
-0.813189 0.580302 0.044432
-0.763345 0.645789 0.016135
-0.764794 0.644179 0.011140
-0.763345 0.645789 0.016135
-0.813189 0.580302 0.044432
-0.802488 0.593102 0.065134
-0.802488 0.593102 0.065134
-0.761158 0.648276 0.019406
-0.763345 0.645789 0.016135
-0.761158 0.648276 0.019406
-0.802488 0.593102 0.065134
-0.793737 0.602818 0.081193
-0.761158 0.648276 0.019406
-0.761868 0.640061 0.099399
-0.721525 0.690204 0.054955
-0.761868 0.640061 0.099399
-0.761158 0.648276 0.019406
-0.793737 0.602818 0.081193
-0.761868 0.640061 0.099399
-0.103081 0.931373 0.349169
-0.721525 0.690204 0.054955
-0.103081 0.931373 0.349169
-0.761868 0.640061 0.099399
-0.064197 0.928039 0.366910
0.921990 0.120954 0.367839
-0.103081 0.931373 0.349169
-0.064197 0.928039 0.366910
-0.103081 0.931373 0.349169
0.921990 0.120954 0.367839
0.936591 0.028021 0.349302
0.836203 0.123640 0.534302
0.936591 0.028021 0.349302
0.798133 -0.591381 0.115119
0.784798 -0.617313 0.054932
0.798133 -0.591381 0.115119
0.936591 0.028021 0.349302
0.798133 -0.591381 0.115119
0.784798 -0.617313 0.054932
0.730840 -0.682412 0.013671
0.748491 -0.662850 0.019778
0.730840 -0.682412 0.013671
0.784798 -0.617313 0.054932
0.730840 -0.682412 0.013671
0.748491 -0.662850 0.019778
0.729690 -0.683687 0.011164
0.748128 -0.663339 0.016900
0.729690 -0.683687 0.011164
0.748491 -0.662850 0.019778
0.729690 -0.683687 0.011164
0.748128 -0.663339 0.016900
0.728835 -0.684648 0.007509
0.728835 -0.684648 0.007509
0.748128 -0.663339 0.016900
0.746307 -0.665518 0.010567
0.728835 -0.684648 0.007509
0.743406 -0.668835 0.002499
0.728060 -0.685505 0.003273
0.743406 -0.668835 0.002499
0.728835 -0.684648 0.007509
0.746307 -0.665518 0.010567
0.728060 -0.685505 0.003273
0.742299 -0.670067 -0.001345
0.727691 -0.685905 -0.000770
0.742299 -0.670067 -0.001345
0.728060 -0.685505 0.003273
0.743406 -0.668835 0.002499
0.727691 -0.685905 -0.000770
0.742110 -0.670243 -0.006918
0.727165 -0.686452 -0.003850
0.742110 -0.670243 -0.006918
0.727691 -0.685905 -0.000770
0.742299 -0.670067 -0.001345
0.742430 -0.669888 -0.006918
0.727165 -0.686452 -0.003850
0.742110 -0.670243 -0.006918
0.727165 -0.686452 -0.003850
0.742430 -0.669888 -0.006918
0.727267 -0.686344 -0.003852
0.727267 -0.686344 -0.003852
0.741757 -0.670606 -0.009218
0.727634 -0.685942 -0.005777
0.741757 -0.670606 -0.009218
0.727267 -0.686344 -0.003852
0.742430 -0.669888 -0.006918
0.744557 -0.667335 -0.017288
0.727634 -0.685942 -0.005777
0.741757 -0.670606 -0.009218
0.727634 -0.685942 -0.005777
0.744557 -0.667335 -0.017288
0.728381 -0.685082 -0.011161
0.746382 -0.665158 -0.021890
0.728381 -0.685082 -0.011161
0.744557 -0.667335 -0.017288
0.728381 -0.685082 -0.011161
0.746382 -0.665158 -0.021890
0.729608 -0.683701 -0.015014
0.749347 -0.661646 -0.026512
0.729608 -0.683701 -0.015014
0.746382 -0.665158 -0.021890
0.729608 -0.683701 -0.015014
0.749347 -0.661646 -0.026512
0.731728 -0.681303 -0.020016
0.731728 -0.681303 -0.020016
0.753065 -0.657228 -0.030730
0.734160 -0.678515 -0.025030
0.753065 -0.657228 -0.030730
0.731728 -0.681303 -0.020016
0.749347 -0.661646 -0.026512
0.734160 -0.678515 -0.025030
0.843053 -0.526248 -0.111011
0.839270 -0.163619 -0.518512
0.843053 -0.526248 -0.111011
0.734160 -0.678515 -0.025030
0.753065 -0.657228 -0.030730
0.839270 -0.163619 -0.518512
0.800571 0.267528 -0.536205
0.596968 0.347090 -0.723296
0.800571 0.267528 -0.536205
0.839270 -0.163619 -0.518512
0.843053 -0.526248 -0.111011
0.596968 0.347090 -0.723296
0.152799 0.829753 -0.536808
0.297613 0.623004 -0.723390
0.152799 0.829753 -0.536808
0.596968 0.347090 -0.723296
0.800571 0.267528 -0.536205
0.297613 0.623004 -0.723390
0.152799 0.829753 -0.536808
-0.230032 0.823353 -0.518820
-0.230032 0.823353 -0.518820
0.152799 0.829753 -0.536808
-0.640596 0.759795 -0.111124
-0.756288 0.653516 -0.030736
-0.736202 0.676313 -0.024649
-0.640596 0.759795 -0.111124
-0.230032 0.823353 -0.518820
-0.640596 0.759795 -0.111124
-0.736202 0.676313 -0.024649
-0.756288 0.653516 -0.030736
-0.738571 0.673878 -0.020024
-0.736202 0.676313 -0.024649
-0.760141 0.649217 -0.026507
-0.738571 0.673878 -0.020024
-0.756288 0.653516 -0.030736
-0.760141 0.649217 -0.026507
-0.740875 0.671475 -0.015016
-0.738571 0.673878 -0.020024
-0.763108 0.645913 -0.021518
-0.740875 0.671475 -0.015016
-0.760141 0.649217 -0.026507
-0.765235 0.643519 -0.017278
-0.741729 0.670607 -0.011164
-0.763108 0.645913 -0.021518
-0.763108 0.645913 -0.021518
-0.741729 0.670607 -0.011164
-0.740875 0.671475 -0.015016
-0.767965 0.640419 -0.009604
-0.743004 0.669262 -0.005776
-0.765235 0.643519 -0.017278
-0.743004 0.669262 -0.005776
-0.741729 0.670607 -0.011164
-0.765235 0.643519 -0.017278
-0.743004 0.669262 -0.005776
-0.767965 0.640419 -0.009604
-0.743313 0.668933 -0.003849
-0.767289 0.641264 -0.006916
-0.743313 0.668933 -0.003849
-0.767965 0.640419 -0.009604
-0.743313 0.668933 -0.003849
-0.767289 0.641264 -0.006916
-0.743565 0.668650 -0.004237
-0.767982 0.640434 -0.006915
-0.743565 0.668650 -0.004237
-0.767289 0.641264 -0.006916
-0.743565 0.668650 -0.004237
-0.767982 0.640434 -0.006915
-0.743251 0.669012 -0.000770
-0.767843 0.640638 -0.001153
-0.743251 0.669012 -0.000770
-0.767982 0.640434 -0.006915
-0.743251 0.669012 -0.000770
-0.767843 0.640638 -0.001153
-0.742457 0.669886 0.003272
-0.766761 0.641912 0.005186
-0.742457 0.669886 0.003272
-0.767843 0.640638 -0.001153
-0.742457 0.669886 0.003272
-0.766761 0.641912 0.005186
-0.741624 0.670773 0.007509
-0.741624 0.670773 0.007509
-0.766761 0.641912 0.005186
-0.764794 0.644179 0.011140
-0.741624 0.670773 0.007509
-0.763345 0.645789 0.016135
-0.740441 0.672026 0.011354
-0.763345 0.645789 0.016135
-0.741624 0.670773 0.007509
-0.764794 0.644179 0.011140
-0.740441 0.672026 0.011354
-0.761158 0.648276 0.019406
-0.739514 0.673003 0.013668
-0.761158 0.648276 0.019406
-0.740441 0.672026 0.011354
-0.763345 0.645789 0.016135
-0.739514 0.673003 0.013668
-0.721525 0.690204 0.054955
-0.654641 0.747061 0.115525
-0.721525 0.690204 0.054955
-0.739514 0.673003 0.013668
-0.761158 0.648276 0.019406
-0.103081 0.931373 0.349169
-0.654641 0.747061 0.115525
-0.721525 0.690204 0.054955
-0.654641 0.747061 0.115525
-0.103081 0.931373 0.349169
0.054731 0.843431 0.534442
0.936591 0.028021 0.349302
0.054731 0.843431 0.534442
-0.103081 0.931373 0.349169
0.054731 0.843431 0.534442
0.936591 0.028021 0.349302
0.836203 0.123640 0.534302
0.817589 -0.571644 -0.069071
0.986008 0.163285 0.033573
0.980651 0.195310 0.013351
0.986008 0.163285 0.033573
0.817589 -0.571644 -0.069071
0.799807 -0.600022 -0.016784
0.785888 -0.613832 -0.074774
0.799807 -0.600022 -0.016784
0.817589 -0.571644 -0.069071
0.799807 -0.600022 -0.016784
0.785888 -0.613832 -0.074774
0.790000 -0.612856 -0.017543
0.785888 -0.613832 -0.074774
0.788254 -0.615121 -0.016779
0.790000 -0.612856 -0.017543
0.788254 -0.615121 -0.016779
0.785888 -0.613832 -0.074774
0.774355 -0.628717 -0.071341
-0.796142 0.604877 -0.016781
-0.793981 0.603376 -0.074373
-0.793889 0.607809 -0.017540
-0.793981 0.603376 -0.074373
-0.796142 0.604877 -0.016781
-0.806217 0.587346 -0.070985
-0.761509 0.644545 -0.068309
-0.784430 0.619990 -0.016787
-0.793981 0.603376 -0.074373
-0.784430 0.619990 -0.016787
-0.793889 0.607809 -0.017540
-0.793981 0.603376 -0.074373
-0.067456 0.997628 0.013739
-0.096858 0.994731 0.033590
-0.761509 0.644545 -0.068309
-0.761509 0.644545 -0.068309
-0.096858 0.994731 0.033590
-0.784430 0.619990 -0.016787
0.980651 0.195310 0.013351
-0.096858 0.994731 0.033590
-0.067456 0.997628 0.013739
-0.096858 0.994731 0.033590
0.980651 0.195310 0.013351
0.986008 0.163285 0.033573
0.866248 -0.038534 0.498126
0.781411 -0.617346 0.090999
0.833910 0.027085 0.551235
0.781411 -0.617346 0.090999
0.866248 -0.038534 0.498126
0.790050 -0.612660 0.021649
0.866248 -0.038534 0.498126
-0.187765 0.812853 0.551375
-0.264822 0.828212 0.493896
-0.187765 0.812853 0.551375
0.866248 -0.038534 0.498126
0.833910 0.027085 0.551235
-0.264822 0.828212 0.493896
-0.796219 0.598214 0.090419
-0.793872 0.607707 0.021459
-0.796219 0.598214 0.090419
-0.264822 0.828212 0.493896
-0.187765 0.812853 0.551375
-0.811192 0.579832 0.075912
-0.793872 0.607707 0.021459
-0.796219 0.598214 0.090419
-0.793872 0.607707 0.021459
-0.811192 0.579832 0.075912
-0.796835 0.603970 0.016549
-0.817967 0.572653 0.054747
-0.796835 0.603970 0.016549
-0.811192 0.579832 0.075912
-0.796835 0.603970 0.016549
-0.817967 0.572653 0.054747
-0.797515 0.603236 0.008770
-0.826914 0.561195 0.035671
-0.800121 0.599804 0.006486
-0.817967 0.572653 0.054747
-0.817967 0.572653 0.054747
-0.800121 0.599804 0.006486
-0.797515 0.603236 0.008770
-0.830862 0.556197 0.017739
-0.800121 0.599804 0.006486
-0.826914 0.561195 0.035671
-0.800121 0.599804 0.006486
-0.830862 0.556197 0.017739
-0.799767 0.600302 0.003242
-0.830862 0.556197 0.017739
-0.800594 0.599206 0.001144
-0.799767 0.600302 0.003242
-0.800594 0.599206 0.001144
-0.830862 0.556197 0.017739
-0.832577 0.553907 0.001907
-0.800594 0.599206 0.001144
-0.829401 0.558529 -0.011827
-0.799771 0.600305 -0.000381
-0.829401 0.558529 -0.011827
-0.800594 0.599206 0.001144
-0.832577 0.553907 0.001907
-0.799771 0.600305 -0.000381
-0.827275 0.561181 -0.026323
-0.798303 0.602255 -0.000763
-0.827275 0.561181 -0.026323
-0.799771 0.600305 -0.000381
-0.829401 0.558529 -0.011827
-0.798303 0.602255 -0.000763
-0.827275 0.561181 -0.026323
-0.797970 0.602673 -0.005340
-0.797970 0.602673 -0.005340
-0.827275 0.561181 -0.026323
-0.828929 0.557834 -0.041208
-0.797970 0.602673 -0.005340
-0.824484 0.563137 -0.055703
-0.796075 0.605116 -0.009920
-0.824484 0.563137 -0.055703
-0.797970 0.602673 -0.005340
-0.828929 0.557834 -0.041208
-0.796075 0.605116 -0.009920
-0.816507 0.573329 -0.067899
-0.795523 0.605750 -0.014495
-0.816507 0.573329 -0.067899
-0.796075 0.605116 -0.009920
-0.824484 0.563137 -0.055703
0.762523 -0.643349 -0.068263
0.788182 -0.615362 -0.009919
0.788540 -0.614813 -0.014493
0.788182 -0.615362 -0.009919
0.762523 -0.643349 -0.068263
0.754821 -0.653529 -0.056082
0.788182 -0.615362 -0.009919
0.754821 -0.653529 -0.056082
0.786444 -0.617635 -0.005722
0.786444 -0.617635 -0.005722
0.754821 -0.653529 -0.056082
0.750329 -0.659756 -0.041568
0.786444 -0.617635 -0.005722
0.753819 -0.656539 -0.026704
0.786490 -0.617602 -0.000762
0.753819 -0.656539 -0.026704
0.786444 -0.617635 -0.005722
0.750329 -0.659756 -0.041568
0.786490 -0.617602 -0.000762
0.753819 -0.656539 -0.026704
0.784873 -0.619657 -0.000382
0.784873 -0.619657 -0.000382
0.753819 -0.656539 -0.026704
0.751425 -0.659713 -0.011821
0.784873 -0.619657 -0.000382
0.751425 -0.659713 -0.011821
0.783023 -0.621992 -0.000572
0.748355 -0.663297 -0.001144
0.783023 -0.621992 -0.000572
0.751425 -0.659713 -0.011821
0.748629 -0.662989 -0.000191
0.783023 -0.621992 -0.000572
0.748355 -0.663297 -0.001144
0.783023 -0.621992 -0.000572
0.748629 -0.662989 -0.000191
0.781640 -0.623710 -0.004959
0.757571 -0.651908 0.033187
0.781955 -0.623276 0.008582
0.748629 -0.662989 -0.000191
0.781955 -0.623276 0.008582
0.781640 -0.623710 -0.004959
0.748629 -0.662989 -0.000191
0.767912 -0.636907 0.068267
0.781955 -0.623276 0.008582
0.757571 -0.651908 0.033187
0.781955 -0.623276 0.008582
0.767912 -0.636907 0.068267
0.788028 -0.615307 0.020230
0.767912 -0.636907 0.068267
0.787747 -0.615702 0.019121
0.788028 -0.615307 0.020230
0.787747 -0.615702 0.019121
0.767912 -0.636907 0.068267
0.768375 -0.635226 0.078020
0.768375 -0.635226 0.078020
0.790050 -0.612660 0.021649
0.787747 -0.615702 0.019121
0.790050 -0.612660 0.021649
0.768375 -0.635226 0.078020
0.781411 -0.617346 0.090999
0.774355 -0.628717 -0.071341
0.788540 -0.614813 -0.014493
0.788254 -0.615121 -0.016779
0.788540 -0.614813 -0.014493
0.774355 -0.628717 -0.071341
0.762523 -0.643349 -0.068263
-0.795523 0.605750 -0.014495
-0.806217 0.587346 -0.070985
-0.796142 0.604877 -0.016781
-0.806217 0.587346 -0.070985
-0.795523 0.605750 -0.014495
-0.816507 0.573329 -0.067899
0.799807 -0.600022 -0.016784
0.532556 0.692533 -0.486603
0.986008 0.163285 0.033573
0.532556 0.692533 -0.486603
0.799807 -0.600022 -0.016784
0.218473 0.283415 -0.933780
0.790000 -0.612856 -0.017543
0.218473 0.283415 -0.933780
0.799807 -0.600022 -0.016784
0.218473 0.283415 -0.933780
0.790000 -0.612856 -0.017543
-0.123387 -0.159431 -0.979468
0.790000 -0.612856 -0.017543
-0.172816 -0.224317 -0.959071
-0.123387 -0.159431 -0.979468
-0.172816 -0.224317 -0.959071
0.790000 -0.612856 -0.017543
0.788254 -0.615121 -0.016779
0.788540 -0.614813 -0.014493
-0.172816 -0.224317 -0.959071
0.788254 -0.615121 -0.016779
-0.172816 -0.224317 -0.959071
0.788540 -0.614813 -0.014493
-0.048050 -0.063303 -0.996837
0.788540 -0.614813 -0.014493
0.790714 -0.612117 -0.009159
-0.048050 -0.063303 -0.996837
0.790714 -0.612117 -0.009159
0.788540 -0.614813 -0.014493
0.788182 -0.615362 -0.009919
0.790714 -0.612117 -0.009159
0.788182 -0.615362 -0.009919
0.790006 -0.613093 -0.002669
0.790006 -0.613093 -0.002669
0.788182 -0.615362 -0.009919
0.786444 -0.617635 -0.005722
0.790006 -0.613093 -0.002669
0.786490 -0.617602 -0.000762
0.792014 -0.610503 -0.000763
0.786490 -0.617602 -0.000762
0.790006 -0.613093 -0.002669
0.786444 -0.617635 -0.005722
0.792014 -0.610503 -0.000763
0.786490 -0.617602 -0.000762
0.793778 -0.608207 0.000381
0.784873 -0.619657 -0.000382
0.793778 -0.608207 0.000381
0.786490 -0.617602 -0.000762
0.783023 -0.621992 -0.000572
0.793545 -0.608511 -0.000763
0.784873 -0.619657 -0.000382
0.793545 -0.608511 -0.000763
0.793778 -0.608207 0.000381
0.784873 -0.619657 -0.000382
0.781640 -0.623710 -0.004959
0.793545 -0.608511 -0.000763
0.783023 -0.621992 -0.000572
0.793545 -0.608511 -0.000763
0.781640 -0.623710 -0.004959
0.792939 -0.609293 -0.003051
0.781955 -0.623276 0.008582
0.792851 -0.609416 -0.000191
0.781640 -0.623710 -0.004959
0.792851 -0.609416 -0.000191
0.792939 -0.609293 -0.003051
0.781640 -0.623710 -0.004959
0.788028 -0.615307 0.020230
0.792851 -0.609416 -0.000191
0.781955 -0.623276 0.008582
0.792851 -0.609416 -0.000191
0.788028 -0.615307 0.020230
0.794054 -0.607846 0.001526
0.788028 -0.615307 0.020230
0.793680 -0.608323 0.003862
0.794054 -0.607846 0.001526
0.793680 -0.608323 0.003862
0.788028 -0.615307 0.020230
0.787747 -0.615702 0.019121
0.787747 -0.615702 0.019121
0.793131 -0.609015 0.006582
0.793680 -0.608323 0.003862
0.793131 -0.609015 0.006582
0.787747 -0.615702 0.019121
0.790050 -0.612660 0.021649
0.866248 -0.038534 0.498126
0.793131 -0.609015 0.006582
0.790050 -0.612660 0.021649
0.793131 -0.609015 0.006582
0.866248 -0.038534 0.498126
0.892141 0.007250 0.451699
0.892141 0.007250 0.451699
-0.264822 0.828212 0.493896
-0.244457 0.864179 0.439812
-0.264822 0.828212 0.493896
0.892141 0.007250 0.451699
0.866248 -0.038534 0.498126
-0.244457 0.864179 0.439812
-0.264822 0.828212 0.493896
-0.791457 0.611190 0.006533
-0.793872 0.607707 0.021459
-0.791457 0.611190 0.006533
-0.264822 0.828212 0.493896
-0.796835 0.603970 0.016549
-0.791457 0.611190 0.006533
-0.793872 0.607707 0.021459
-0.791457 0.611190 0.006533
-0.796835 0.603970 0.016549
-0.791214 0.611531 0.003147
-0.797515 0.603236 0.008770
-0.791214 0.611531 0.003147
-0.796835 0.603970 0.016549
-0.791214 0.611531 0.003147
-0.797515 0.603236 0.008770
-0.790898 0.611946 -0.001715
-0.791125 0.611654 -0.000763
-0.797515 0.603236 0.008770
-0.800121 0.599804 0.006486
-0.797515 0.603236 0.008770
-0.791125 0.611654 -0.000763
-0.790898 0.611946 -0.001715
-0.799767 0.600302 0.003242
-0.791125 0.611654 -0.000763
-0.800121 0.599804 0.006486
-0.791125 0.611654 -0.000763
-0.799767 0.600302 0.003242
-0.790655 0.612262 -0.000763
-0.799767 0.600302 0.003242
-0.790932 0.611904 0.000000
-0.790655 0.612262 -0.000763
-0.790932 0.611904 0.000000
-0.799767 0.600302 0.003242
-0.800594 0.599206 0.001144
-0.790932 0.611904 0.000000
-0.799771 0.600305 -0.000381
-0.790798 0.612077 0.000381
-0.799771 0.600305 -0.000381
-0.790932 0.611904 0.000000
-0.800594 0.599206 0.001144
-0.790798 0.612077 0.000381
-0.798303 0.602255 -0.000763
-0.792525 0.609840 -0.000763
-0.798303 0.602255 -0.000763
-0.790798 0.612077 0.000381
-0.799771 0.600305 -0.000381
-0.792525 0.609840 -0.000763
-0.798303 0.602255 -0.000763
-0.794609 0.607115 -0.002670
-0.794609 0.607115 -0.002670
-0.798303 0.602255 -0.000763
-0.797970 0.602673 -0.005340
-0.794609 0.607115 -0.002670
-0.796075 0.605116 -0.009920
-0.793837 0.608062 -0.009155
-0.796075 0.605116 -0.009920
-0.794609 0.607115 -0.002670
-0.797970 0.602673 -0.005340
-0.793837 0.608062 -0.009155
-0.795523 0.605750 -0.014495
-0.048050 -0.063303 -0.996837
-0.795523 0.605750 -0.014495
-0.793837 0.608062 -0.009155
-0.796075 0.605116 -0.009920
-0.796142 0.604877 -0.016781
-0.172816 -0.224317 -0.959071
-0.795523 0.605750 -0.014495
-0.172816 -0.224317 -0.959071
-0.048050 -0.063303 -0.996837
-0.795523 0.605750 -0.014495
-0.793889 0.607809 -0.017540
-0.172816 -0.224317 -0.959071
-0.796142 0.604877 -0.016781
-0.172816 -0.224317 -0.959071
-0.793889 0.607809 -0.017540
-0.123387 -0.159431 -0.979468
-0.784430 0.619990 -0.016787
0.218473 0.283415 -0.933780
-0.793889 0.607809 -0.017540
0.218473 0.283415 -0.933780
-0.123387 -0.159431 -0.979468
-0.793889 0.607809 -0.017540
0.218473 0.283415 -0.933780
-0.784430 0.619990 -0.016787
0.532556 0.692533 -0.486603
-0.784430 0.619990 -0.016787
-0.096858 0.994731 0.033590
0.532556 0.692533 -0.486603
-0.178192 -0.232184 -0.956210
0.790714 -0.612117 -0.009159
-0.332746 -0.432532 -0.837971
0.790714 -0.612117 -0.009159
-0.178192 -0.232184 -0.956210
-0.048050 -0.063303 -0.996837
-0.332746 -0.432532 -0.837971
0.790006 -0.613093 -0.002669
-0.335354 -0.435979 -0.835141
0.790006 -0.613093 -0.002669
-0.332746 -0.432532 -0.837971
0.790714 -0.612117 -0.009159
-0.335354 -0.435979 -0.835141
0.792014 -0.610503 -0.000763
0.788437 -0.615073 -0.007247
0.792014 -0.610503 -0.000763
-0.335354 -0.435979 -0.835141
0.790006 -0.613093 -0.002669
0.788437 -0.615073 -0.007247
0.792014 -0.610503 -0.000763
0.788596 -0.614911 -0.000763
0.793778 -0.608207 0.000381
0.788596 -0.614911 -0.000763
0.792014 -0.610503 -0.000763
0.793545 -0.608511 -0.000763
0.788972 -0.614429 0.000191
0.793778 -0.608207 0.000381
0.788972 -0.614429 0.000191
0.788596 -0.614911 -0.000763
0.793778 -0.608207 0.000381
0.792939 -0.609293 -0.003051
0.788972 -0.614429 0.000191
0.793545 -0.608511 -0.000763
0.788972 -0.614429 0.000191
0.792939 -0.609293 -0.003051
0.788452 -0.615096 0.000954
0.792851 -0.609416 -0.000191
0.789345 -0.613946 0.002098
0.792939 -0.609293 -0.003051
0.789345 -0.613946 0.002098
0.788452 -0.615096 0.000954
0.792939 -0.609293 -0.003051
0.794054 -0.607846 0.001526
0.789345 -0.613946 0.002098
0.792851 -0.609416 -0.000191
0.789345 -0.613946 0.002098
0.794054 -0.607846 0.001526
0.789381 -0.613878 0.005651
0.792823 -0.609394 0.008390
0.794054 -0.607846 0.001526
0.793680 -0.608323 0.003862
0.794054 -0.607846 0.001526
0.792823 -0.609394 0.008390
0.789381 -0.613878 0.005651
0.191913 0.249143 0.949261
0.793680 -0.608323 0.003862
0.793131 -0.609015 0.006582
0.793680 -0.608323 0.003862
0.191913 0.249143 0.949261
0.792823 -0.609394 0.008390
0.191913 0.249143 0.949261
0.793131 -0.609015 0.006582
0.146665 0.189959 0.970775
0.146665 0.189959 0.970775
0.793131 -0.609015 0.006582
0.892141 0.007250 0.451699
0.146665 0.189959 0.970775
-0.791457 0.611190 0.006533
0.191913 0.249143 0.949261
-0.791457 0.611190 0.006533
0.146665 0.189959 0.970775
-0.244457 0.864179 0.439812
-0.791214 0.611531 0.003147
0.191913 0.249143 0.949261
-0.791457 0.611190 0.006533
0.191913 0.249143 0.949261
-0.791214 0.611531 0.003147
-0.791887 0.610612 0.008205
-0.790898 0.611946 -0.001715
-0.791887 0.610612 0.008205
-0.791214 0.611531 0.003147
-0.791887 0.610612 0.008205
-0.790898 0.611946 -0.001715
-0.795252 0.606260 0.004792
-0.794935 0.606691 0.001907
-0.790898 0.611946 -0.001715
-0.791125 0.611654 -0.000763
-0.790898 0.611946 -0.001715
-0.794935 0.606691 0.001907
-0.795252 0.606260 0.004792
-0.790655 0.612262 -0.000763
-0.794935 0.606691 0.001907
-0.791125 0.611654 -0.000763
-0.794935 0.606691 0.001907
-0.790655 0.612262 -0.000763
-0.795352 0.606146 0.001526
-0.790655 0.612262 -0.000763
-0.795399 0.606086 0.000381
-0.795352 0.606146 0.001526
-0.795399 0.606086 0.000381
-0.790655 0.612262 -0.000763
-0.790932 0.611904 0.000000
-0.795399 0.606086 0.000381
-0.790798 0.612077 0.000381
-0.796046 0.605235 -0.000763
-0.790798 0.612077 0.000381
-0.795399 0.606086 0.000381
-0.790932 0.611904 0.000000
-0.796046 0.605235 -0.000763
-0.792525 0.609840 -0.000763
-0.796347 0.604796 -0.007250
-0.792525 0.609840 -0.000763
-0.796046 0.605235 -0.000763
-0.790798 0.612077 0.000381
-0.792525 0.609840 -0.000763
-0.335354 -0.435979 -0.835141
-0.796347 0.604796 -0.007250
-0.335354 -0.435979 -0.835141
-0.792525 0.609840 -0.000763
-0.794609 0.607115 -0.002670
-0.335354 -0.435979 -0.835141
-0.794609 0.607115 -0.002670
-0.332746 -0.432532 -0.837971
-0.332746 -0.432532 -0.837971
-0.794609 0.607115 -0.002670
-0.793837 0.608062 -0.009155
-0.332746 -0.432532 -0.837971
-0.793837 0.608062 -0.009155
-0.178192 -0.232184 -0.956210
-0.178192 -0.232184 -0.956210
-0.793837 0.608062 -0.009155
-0.048050 -0.063303 -0.996837
-0.333044 -0.432710 -0.837761
0.788437 -0.615073 -0.007247
-0.530746 -0.688573 -0.494142
0.788437 -0.615073 -0.007247
-0.333044 -0.432710 -0.837761
-0.335354 -0.435979 -0.835141
0.788596 -0.614911 -0.000763
-0.530746 -0.688573 -0.494142
0.788437 -0.615073 -0.007247
-0.530746 -0.688573 -0.494142
0.788596 -0.614911 -0.000763
-0.608172 -0.790166 -0.075926
0.788972 -0.614429 0.000191
-0.607356 -0.789333 0.089844
0.788596 -0.614911 -0.000763
-0.607356 -0.789333 0.089844
-0.608172 -0.790166 -0.075926
0.788596 -0.614911 -0.000763
0.788452 -0.615096 0.000954
-0.607356 -0.789333 0.089844
0.788972 -0.614429 0.000191
-0.607356 -0.789333 0.089844
0.788452 -0.615096 0.000954
-0.590394 -0.766608 0.252481
0.789345 -0.613946 0.002098
-0.590394 -0.766608 0.252481
0.788452 -0.615096 0.000954
-0.590394 -0.766608 0.252481
0.789345 -0.613946 0.002098
-0.559089 -0.727103 0.398423
0.789381 -0.613878 0.005651
-0.559089 -0.727103 0.398423
0.789345 -0.613946 0.002098
-0.559089 -0.727103 0.398423
0.789381 -0.613878 0.005651
-0.481195 -0.624181 0.615507
-0.237315 -0.308853 0.921027
0.789381 -0.613878 0.005651
0.792823 -0.609394 0.008390
0.789381 -0.613878 0.005651
-0.237315 -0.308853 0.921027
-0.481195 -0.624181 0.615507
0.792823 -0.609394 0.008390
0.000000 -0.001144 0.999999
-0.237315 -0.308853 0.921027
0.792823 -0.609394 0.008390
0.191913 0.249143 0.949261
0.000000 -0.001144 0.999999
-0.791887 0.610612 0.008205
0.000000 -0.001144 0.999999
0.191913 0.249143 0.949261
0.000000 -0.001144 0.999999
-0.791887 0.610612 0.008205
-0.237315 -0.308853 0.921027
-0.795252 0.606260 0.004792
-0.237315 -0.308853 0.921027
-0.791887 0.610612 0.008205
-0.237315 -0.308853 0.921027
-0.795252 0.606260 0.004792
-0.481195 -0.624181 0.615507
-0.795252 0.606260 0.004792
-0.794935 0.606691 0.001907
-0.559089 -0.727103 0.398423
-0.795252 0.606260 0.004792
-0.559089 -0.727103 0.398423
-0.481195 -0.624181 0.615507
-0.590394 -0.766608 0.252481
-0.794935 0.606691 0.001907
-0.795352 0.606146 0.001526
-0.794935 0.606691 0.001907
-0.590394 -0.766608 0.252481
-0.559089 -0.727103 0.398423
-0.795352 0.606146 0.001526
-0.607356 -0.789333 0.089844
-0.590394 -0.766608 0.252481
-0.607356 -0.789333 0.089844
-0.795352 0.606146 0.001526
-0.795399 0.606086 0.000381
-0.607356 -0.789333 0.089844
-0.796046 0.605235 -0.000763
-0.608172 -0.790166 -0.075926
-0.796046 0.605235 -0.000763
-0.607356 -0.789333 0.089844
-0.795399 0.606086 0.000381
-0.796046 0.605235 -0.000763
-0.530746 -0.688573 -0.494142
-0.608172 -0.790166 -0.075926
-0.530746 -0.688573 -0.494142
-0.796046 0.605235 -0.000763
-0.796347 0.604796 -0.007250
-0.530746 -0.688573 -0.494142
-0.796347 0.604796 -0.007250
-0.333044 -0.432710 -0.837761
-0.333044 -0.432710 -0.837761
-0.796347 0.604796 -0.007250
-0.335354 -0.435979 -0.835141
-0.364925 -0.907258 0.209074
-0.329645 -0.903973 0.272336
0.788962 -0.614379 0.008777
0.788962 -0.614379 0.008777
-0.329645 -0.903973 0.272336
0.787510 -0.616279 0.005339
-0.329645 -0.903973 0.272336
-0.364925 -0.907258 0.209074
-0.959900 0.257576 0.110662
-0.951590 0.296847 0.079744
-0.959900 0.257576 0.110662
-0.364925 -0.907258 0.209074
-0.959900 0.257576 0.110662
-0.951590 0.296847 0.079744
-0.473894 0.873414 -0.112133
-0.488983 0.869049 -0.075155
-0.473894 0.873414 -0.112133
-0.951590 0.296847 0.079744
-0.473894 0.873414 -0.112133
-0.488983 0.869049 -0.075155
0.797731 0.547266 -0.253230
0.796167 0.575979 -0.185381
0.797731 0.547266 -0.253230
-0.488983 0.869049 -0.075155
0.788962 -0.614379 0.008777
0.797731 0.547266 -0.253230
0.796167 0.575979 -0.185381
0.797731 0.547266 -0.253230
0.788962 -0.614379 0.008777
0.787510 -0.616279 0.005339
0.787510 -0.616279 0.005339
-0.300217 -0.891114 0.340271
0.783602 -0.621234 0.006105
-0.300217 -0.891114 0.340271
0.787510 -0.616279 0.005339
-0.329645 -0.903973 0.272336
-0.300217 -0.891114 0.340271
-0.329645 -0.903973 0.272336
-0.963589 0.214046 0.160248
-0.959900 0.257576 0.110662
-0.963589 0.214046 0.160248
-0.329645 -0.903973 0.272336
-0.963589 0.214046 0.160248
-0.473894 0.873414 -0.112133
-0.455075 0.876200 -0.158685
-0.473894 0.873414 -0.112133
-0.963589 0.214046 0.160248
-0.959900 0.257576 0.110662
-0.455075 0.876200 -0.158685
-0.473894 0.873414 -0.112133
0.793396 0.507178 -0.336592
0.797731 0.547266 -0.253230
0.793396 0.507178 -0.336592
-0.473894 0.873414 -0.112133
0.787510 -0.616279 0.005339
0.793396 0.507178 -0.336592
0.797731 0.547266 -0.253230
0.793396 0.507178 -0.336592
0.787510 -0.616279 0.005339
0.783602 -0.621234 0.006105
-0.268383 -0.857378 0.439173
0.775683 -0.631077 0.007631
0.783313 -0.621616 0.003814
0.775683 -0.631077 0.007631
-0.268383 -0.857378 0.439173
-0.222327 -0.792826 0.567448
-0.222327 -0.792826 0.567448
-0.268383 -0.857378 0.439173
-0.932488 0.244900 0.265499
-0.952364 0.229651 0.200658
-0.932488 0.244900 0.265499
-0.268383 -0.857378 0.439173
-0.932488 0.244900 0.265499
-0.952364 0.229651 0.200658
-0.483178 0.828197 -0.283953
-0.453821 0.865311 -0.212800
-0.483178 0.828197 -0.283953
-0.952364 0.229651 0.200658
-0.483178 0.828197 -0.283953
-0.453821 0.865311 -0.212800
0.717413 0.400576 -0.569963
0.767453 0.478705 -0.426448
0.717413 0.400576 -0.569963
-0.453821 0.865311 -0.212800
0.783313 -0.621616 0.003814
0.717413 0.400576 -0.569963
0.767453 0.478705 -0.426448
0.717413 0.400576 -0.569963
0.783313 -0.621616 0.003814
0.775683 -0.631077 0.007631
-0.212382 -0.765950 0.606807
0.775683 -0.631077 0.007631
-0.222327 -0.792826 0.567448
0.205731 -0.609377 -0.765725
0.775683 -0.631077 0.007631
-0.212382 -0.765950 0.606807
-0.932488 0.244900 0.265499
-0.212382 -0.765950 0.606807
-0.222327 -0.792826 0.567448
-0.932488 0.244900 0.265499
-0.823919 -0.397083 -0.404330
-0.212382 -0.765950 0.606807
-0.516542 0.736882 -0.436106
-0.932488 0.244900 0.265499
-0.483178 0.828197 -0.283953
-0.823919 -0.397083 -0.404330
-0.932488 0.244900 0.265499
-0.516542 0.736882 -0.436106
0.607458 0.281421 -0.742830
-0.483178 0.828197 -0.283953
0.717413 0.400576 -0.569963
-0.483178 0.828197 -0.283953
0.607458 0.281421 -0.742830
-0.516542 0.736882 -0.436106
0.775683 -0.631077 0.007631
0.205731 -0.609377 -0.765725
0.607458 0.281421 -0.742830
0.607458 0.281421 -0.742830
0.717413 0.400576 -0.569963
0.775683 -0.631077 0.007631
0.783602 -0.621234 0.006105
-0.268383 -0.857378 0.439173
0.783313 -0.621616 0.003814
-0.268383 -0.857378 0.439173
0.783602 -0.621234 0.006105
-0.300217 -0.891114 0.340271
-0.952364 0.229651 0.200658
-0.300217 -0.891114 0.340271
-0.963589 0.214046 0.160248
-0.300217 -0.891114 0.340271
-0.952364 0.229651 0.200658
-0.268383 -0.857378 0.439173
-0.455075 0.876200 -0.158685
-0.952364 0.229651 0.200658
-0.963589 0.214046 0.160248
-0.952364 0.229651 0.200658
-0.455075 0.876200 -0.158685
-0.453821 0.865311 -0.212800
0.767453 0.478705 -0.426448
-0.455075 0.876200 -0.158685
0.793396 0.507178 -0.336592
-0.455075 0.876200 -0.158685
0.767453 0.478705 -0.426448
-0.453821 0.865311 -0.212800
0.783602 -0.621234 0.006105
0.767453 0.478705 -0.426448
0.793396 0.507178 -0.336592
0.767453 0.478705 -0.426448
0.783602 -0.621234 0.006105
0.783313 -0.621616 0.003814
0.630334 0.374308 0.680127
0.799625 -0.600482 0.004578
0.798083 -0.602542 -0.002669
0.799625 -0.600482 0.004578
0.630334 0.374308 0.680127
0.670827 0.393033 0.628901
0.670827 0.393033 0.628901
0.630334 0.374308 0.680127
-0.540892 0.798268 0.264961
-0.578666 0.774227 0.256358
-0.540892 0.798268 0.264961
0.630334 0.374308 0.680127
-0.540892 0.798268 0.264961
-0.578666 0.774227 0.256358
-0.908429 0.312541 -0.277623
-0.891806 0.355426 -0.279917
-0.908429 0.312541 -0.277623
-0.578666 0.774227 0.256358
-0.908429 0.312541 -0.277623
-0.186657 -0.691335 -0.698008
-0.197084 -0.741022 -0.641907
-0.186657 -0.691335 -0.698008
-0.908429 0.312541 -0.277623
-0.891806 0.355426 -0.279917
0.798083 -0.602542 -0.002669
-0.197084 -0.741022 -0.641907
-0.186657 -0.691335 -0.698008
-0.197084 -0.741022 -0.641907
0.798083 -0.602542 -0.002669
0.799625 -0.600482 0.004578
-0.159374 -0.113716 0.980647
-0.469077 0.816683 0.336147
-0.576159 -0.783993 0.231076
-0.949862 0.232212 -0.209382
-0.576159 -0.783993 0.231076
-0.469077 0.816683 0.336147
0.670827 0.393033 0.628901
0.798963 -0.601321 0.008489
0.799625 -0.600482 0.004578
0.798963 -0.601321 0.008489
0.670827 0.393033 0.628901
0.724697 0.434169 0.535081
0.724697 0.434169 0.535081
-0.540892 0.798268 0.264961
-0.487484 0.836450 0.250420
-0.540892 0.798268 0.264961
0.724697 0.434169 0.535081
0.670827 0.393033 0.628901
-0.487484 0.836450 0.250420
-0.540892 0.798268 0.264961
-0.934849 0.246776 -0.255262
-0.908429 0.312541 -0.277623
-0.934849 0.246776 -0.255262
-0.540892 0.798268 0.264961
-0.934849 0.246776 -0.255262
-0.197084 -0.741022 -0.641907
-0.227335 -0.812837 -0.536297
-0.197084 -0.741022 -0.641907
-0.934849 0.246776 -0.255262
-0.908429 0.312541 -0.277623
0.799625 -0.600482 0.004578
0.798963 -0.601321 0.008489
-0.227335 -0.812837 -0.536297
-0.227335 -0.812837 -0.536297
-0.197084 -0.741022 -0.641907
0.799625 -0.600482 0.004578
0.749773 0.457379 0.478169
0.742180 0.442409 0.503431
0.787321 -0.616513 -0.006100
0.787321 -0.616513 -0.006100
0.793403 -0.608695 0.001336
0.749773 0.457379 0.478169
0.742180 0.442409 0.503431
0.749773 0.457379 0.478169
-0.470400 0.848930 0.240918
-0.467070 0.854038 0.229053
-0.470400 0.848930 0.240918
0.749773 0.457379 0.478169
-0.470400 0.848930 0.240918
-0.467070 0.854038 0.229053
-0.940454 0.240360 -0.240360
-0.945114 0.233131 -0.228933
-0.940454 0.240360 -0.240360
-0.467070 0.854038 0.229053
-0.940454 0.240360 -0.240360
-0.248355 -0.841966 -0.478971
-0.244823 -0.828660 -0.503374
-0.248355 -0.841966 -0.478971
-0.940454 0.240360 -0.240360
-0.945114 0.233131 -0.228933
0.793403 -0.608695 0.001336
0.787321 -0.616513 -0.006100
-0.244823 -0.828660 -0.503374
-0.244823 -0.828660 -0.503374
-0.248355 -0.841966 -0.478971
0.793403 -0.608695 0.001336
0.726986 0.408619 0.551836
0.785506 -0.618849 0.002293
0.779055 -0.626914 -0.007263
0.785506 -0.618849 0.002293
0.726986 0.408619 0.551836
0.714115 0.401953 0.573126
0.714115 0.401953 0.573126
0.726986 0.408619 0.551836
-0.476350 0.835811 0.272965
-0.472743 0.841536 0.261403
-0.476350 0.835811 0.272965
0.726986 0.408619 0.551836
-0.476350 0.835811 0.272965
-0.472743 0.841536 0.261403
-0.924547 0.270599 -0.268306
-0.928382 0.263258 -0.262302
-0.924547 0.270599 -0.268306
-0.472743 0.841536 0.261403
-0.924547 0.270599 -0.268306
-0.238406 -0.800036 -0.550550
-0.224740 -0.792323 -0.567201
-0.238406 -0.800036 -0.550550
-0.924547 0.270599 -0.268306
-0.928382 0.263258 -0.262302
0.779055 -0.626914 -0.007263
0.785506 -0.618849 0.002293
-0.224740 -0.792323 -0.567201
-0.224740 -0.792323 -0.567201
-0.238406 -0.800036 -0.550550
0.779055 -0.626914 -0.007263
0.722862 0.424648 0.545109
0.788685 -0.614750 0.007650
0.792155 -0.610181 0.013005
0.788685 -0.614750 0.007650
0.722862 0.424648 0.545109
0.750375 0.445284 0.488527
0.750375 0.445284 0.488527
0.722862 0.424648 0.545109
-0.459405 0.856034 0.236964
-0.471511 0.841766 0.262885
-0.459405 0.856034 0.236964
0.722862 0.424648 0.545109
-0.459405 0.856034 0.236964
-0.471511 0.841766 0.262885
-0.941796 0.244383 -0.230862
-0.931332 0.260360 -0.254625
-0.941796 0.244383 -0.230862
-0.471511 0.841766 0.262885
-0.941796 0.244383 -0.230862
-0.931332 0.260360 -0.254625
-0.250097 -0.836717 -0.487192
-0.231505 -0.808571 -0.540942
-0.250097 -0.836717 -0.487192
-0.931332 0.260360 -0.254625
0.792155 -0.610181 0.013005
-0.250097 -0.836717 -0.487192
-0.231505 -0.808571 -0.540942
-0.250097 -0.836717 -0.487192
0.792155 -0.610181 0.013005
0.788685 -0.614750 0.007650
0.750375 0.445284 0.488527
0.782506 -0.622639 -0.002295
0.788685 -0.614750 0.007650
0.782506 -0.622639 -0.002295
0.750375 0.445284 0.488527
0.763349 0.395606 0.510680
0.763349 0.395606 0.510680
0.750375 0.445284 0.488527
-0.432639 0.862603 0.262182
-0.459405 0.856034 0.236964
-0.432639 0.862603 0.262182
0.750375 0.445284 0.488527
-0.432639 0.862603 0.262182
-0.459405 0.856034 0.236964
-0.939701 0.245056 -0.238557
-0.941796 0.244383 -0.230862
-0.939701 0.245056 -0.238557
-0.459405 0.856034 0.236964
-0.939701 0.245056 -0.238557
-0.941796 0.244383 -0.230862
-0.252239 -0.836689 -0.486134
-0.250097 -0.836717 -0.487192
-0.252239 -0.836689 -0.486134
-0.941796 0.244383 -0.230862
0.788685 -0.614750 0.007650
-0.252239 -0.836689 -0.486134
-0.250097 -0.836717 -0.487192
-0.252239 -0.836689 -0.486134
0.788685 -0.614750 0.007650
0.782506 -0.622639 -0.002295
0.763349 0.395606 0.510680
-0.159374 -0.113716 0.980647
0.772801 -0.634637 0.003822
0.772801 -0.634637 0.003822
0.782506 -0.622639 -0.002295
0.763349 0.395606 0.510680
-0.159374 -0.113716 0.980647
0.763349 0.395606 0.510680
-0.469077 0.816683 0.336147
-0.432639 0.862603 0.262182
-0.469077 0.816683 0.336147
0.763349 0.395606 0.510680
-0.469077 0.816683 0.336147
-0.432639 0.862603 0.262182
-0.949862 0.232212 -0.209382
-0.939701 0.245056 -0.238557
-0.949862 0.232212 -0.209382
-0.432639 0.862603 0.262182
-0.252239 -0.836689 -0.486134
-0.576159 -0.783993 0.231076
-0.949862 0.232212 -0.209382
-0.252239 -0.836689 -0.486134
-0.949862 0.232212 -0.209382
-0.939701 0.245056 -0.238557
-0.576159 -0.783993 0.231076
-0.252239 -0.836689 -0.486134
0.772801 -0.634637 0.003822
0.772801 -0.634637 0.003822
-0.252239 -0.836689 -0.486134
0.782506 -0.622639 -0.002295
0.714115 0.401953 0.573126
0.792155 -0.610181 0.013005
0.785506 -0.618849 0.002293
0.792155 -0.610181 0.013005
0.714115 0.401953 0.573126
0.722862 0.424648 0.545109
0.722862 0.424648 0.545109
0.714115 0.401953 0.573126
-0.471511 0.841766 0.262885
-0.471511 0.841766 0.262885
0.714115 0.401953 0.573126
-0.476350 0.835811 0.272965
-0.931332 0.260360 -0.254625
-0.476350 0.835811 0.272965
-0.924547 0.270599 -0.268306
-0.476350 0.835811 0.272965
-0.931332 0.260360 -0.254625
-0.471511 0.841766 0.262885
-0.224740 -0.792323 -0.567201
-0.931332 0.260360 -0.254625
-0.924547 0.270599 -0.268306
-0.931332 0.260360 -0.254625
-0.224740 -0.792323 -0.567201
-0.231505 -0.808571 -0.540942
0.785506 -0.618849 0.002293
0.792155 -0.610181 0.013005
-0.231505 -0.808571 -0.540942
-0.231505 -0.808571 -0.540942
-0.224740 -0.792323 -0.567201
0.785506 -0.618849 0.002293
0.742180 0.442409 0.503431
0.726986 0.408619 0.551836
0.779055 -0.626914 -0.007263
0.779055 -0.626914 -0.007263
0.787321 -0.616513 -0.006100
0.742180 0.442409 0.503431
0.726986 0.408619 0.551836
-0.470400 0.848930 0.240918
-0.472743 0.841536 0.261403
-0.470400 0.848930 0.240918
0.726986 0.408619 0.551836
0.742180 0.442409 0.503431
-0.472743 0.841536 0.261403
-0.470400 0.848930 0.240918
-0.928382 0.263258 -0.262302
-0.928382 0.263258 -0.262302
-0.470400 0.848930 0.240918
-0.940454 0.240360 -0.240360
-0.928382 0.263258 -0.262302
-0.244823 -0.828660 -0.503374
-0.238406 -0.800036 -0.550550
-0.244823 -0.828660 -0.503374
-0.928382 0.263258 -0.262302
-0.940454 0.240360 -0.240360
0.787321 -0.616513 -0.006100
0.779055 -0.626914 -0.007263
-0.238406 -0.800036 -0.550550
-0.238406 -0.800036 -0.550550
-0.244823 -0.828660 -0.503374
0.787321 -0.616513 -0.006100
0.724697 0.434169 0.535081
0.749773 0.457379 0.478169
0.793403 -0.608695 0.001336
0.793403 -0.608695 0.001336
0.798963 -0.601321 0.008489
0.724697 0.434169 0.535081
0.749773 0.457379 0.478169
0.724697 0.434169 0.535081
-0.467070 0.854038 0.229053
-0.467070 0.854038 0.229053
0.724697 0.434169 0.535081
-0.487484 0.836450 0.250420
-0.467070 0.854038 0.229053
-0.487484 0.836450 0.250420
-0.945114 0.233131 -0.228933
-0.945114 0.233131 -0.228933
-0.487484 0.836450 0.250420
-0.934849 0.246776 -0.255262
-0.945114 0.233131 -0.228933
-0.227335 -0.812837 -0.536297
-0.248355 -0.841966 -0.478971
-0.227335 -0.812837 -0.536297
-0.945114 0.233131 -0.228933
-0.934849 0.246776 -0.255262
0.798963 -0.601321 0.008489
0.793403 -0.608695 0.001336
-0.248355 -0.841966 -0.478971
-0.248355 -0.841966 -0.478971
-0.227335 -0.812837 -0.536297
0.798963 -0.601321 0.008489
0.610503 0.312404 0.727798
0.795211 -0.606329 -0.002194
0.783687 -0.620387 -0.030905
0.795211 -0.606329 -0.002194
0.610503 0.312404 0.727798
0.610139 0.308598 0.729725
0.610139 0.308598 0.729725
0.610503 0.312404 0.727798
-0.558484 0.767534 0.314624
-0.612573 0.749125 0.252124
-0.558484 0.767534 0.314624
0.610503 0.312404 0.727798
-0.558484 0.767534 0.314624
-0.612573 0.749125 0.252124
-0.880349 0.353208 -0.316590
-0.878681 0.346055 -0.328885
-0.880349 0.353208 -0.316590
-0.612573 0.749125 0.252124
-0.880349 0.353208 -0.316590
-0.183279 -0.626315 -0.757719
-0.135447 -0.659685 -0.739236
-0.183279 -0.626315 -0.757719
-0.880349 0.353208 -0.316590
-0.878681 0.346055 -0.328885
0.783687 -0.620387 -0.030905
-0.135447 -0.659685 -0.739236
-0.183279 -0.626315 -0.757719
-0.135447 -0.659685 -0.739236
0.783687 -0.620387 -0.030905
0.795211 -0.606329 -0.002194
-0.914371 0.239860 -0.326179
-0.613635 -0.785743 0.077849
-0.540222 0.756158 0.369304
-0.613635 -0.785743 0.077849
-0.205139 -0.252420 0.945623
-0.540222 0.756158 0.369304
0.610139 0.308598 0.729725
0.794695 -0.606990 0.004721
0.795211 -0.606329 -0.002194
0.794695 -0.606990 0.004721
0.610139 0.308598 0.729725
0.644499 0.325015 0.692088
0.644499 0.325015 0.692088
-0.558484 0.767534 0.314624
-0.525824 0.786639 0.323588
-0.558484 0.767534 0.314624
0.644499 0.325015 0.692088
0.610139 0.308598 0.729725
-0.525824 0.786639 0.323588
-0.558484 0.767534 0.314624
-0.895407 0.297579 -0.331199
-0.880349 0.353208 -0.316590
-0.895407 0.297579 -0.331199
-0.558484 0.767534 0.314624
-0.895407 0.297579 -0.331199
-0.135447 -0.659685 -0.739236
-0.147930 -0.704195 -0.694425
-0.135447 -0.659685 -0.739236
-0.895407 0.297579 -0.331199
-0.880349 0.353208 -0.316590
0.795211 -0.606329 -0.002194
-0.147930 -0.704195 -0.694425
-0.135447 -0.659685 -0.739236
-0.147930 -0.704195 -0.694425
0.795211 -0.606329 -0.002194
0.794695 -0.606990 0.004721
0.669970 0.351773 0.653755
0.785713 -0.618463 -0.012587
0.792850 -0.609416 0.000953
0.785713 -0.618463 -0.012587
0.669970 0.351773 0.653755
0.656704 0.328543 0.678823
0.656704 0.328543 0.678823
-0.506055 0.803891 0.312518
-0.512430 0.794973 0.324705
-0.506055 0.803891 0.312518
0.656704 0.328543 0.678823
0.669970 0.351773 0.653755
-0.512430 0.794973 0.324705
-0.506055 0.803891 0.312518
-0.898794 0.293939 -0.325222
-0.906790 0.282561 -0.312877
-0.898794 0.293939 -0.325222
-0.506055 0.803891 0.312518
-0.898794 0.293939 -0.325222
-0.167875 -0.737507 -0.654142
-0.160604 -0.714325 -0.681136
-0.167875 -0.737507 -0.654142
-0.898794 0.293939 -0.325222
-0.906790 0.282561 -0.312877
-0.160604 -0.714325 -0.681136
-0.167875 -0.737507 -0.654142
0.792850 -0.609416 0.000953
-0.160604 -0.714325 -0.681136
0.792850 -0.609416 0.000953
0.785713 -0.618463 -0.012587
0.616643 0.280179 0.735698
0.790470 -0.612499 -0.001526
0.786614 -0.617332 -0.011826
0.790470 -0.612499 -0.001526
0.616643 0.280179 0.735698
0.601191 0.265310 0.753777
0.601191 0.265310 0.753777
-0.532439 0.771007 0.349366
-0.544627 0.760161 0.354313
-0.532439 0.771007 0.349366
0.601191 0.265310 0.753777
0.616643 0.280179 0.735698
-0.544627 0.760161 0.354313
-0.532439 0.771007 0.349366
-0.875931 0.323900 -0.357538
-0.881268 0.319030 -0.348692
-0.875931 0.323900 -0.357538
-0.532439 0.771007 0.349366
-0.875931 0.323900 -0.357538
-0.126286 -0.666817 -0.734443
-0.107969 -0.650295 -0.751970
-0.126286 -0.666817 -0.734443
-0.875931 0.323900 -0.357538
-0.881268 0.319030 -0.348692
0.786614 -0.617332 -0.011826
-0.107969 -0.650295 -0.751970
-0.126286 -0.666817 -0.734443
-0.107969 -0.650295 -0.751970
0.786614 -0.617332 -0.011826
0.790470 -0.612499 -0.001526
0.604210 0.277693 0.746871
0.795822 -0.605450 0.009919
0.794177 -0.607648 0.006866
0.795822 -0.605450 0.009919
0.604210 0.277693 0.746871
0.611868 0.291057 0.735462
0.611868 0.291057 0.735462
-0.537897 0.765073 0.354020
-0.532532 0.770569 0.350189
-0.537897 0.765073 0.354020
0.611868 0.291057 0.735462
0.604210 0.277693 0.746871
-0.532532 0.770569 0.350189
-0.537897 0.765073 0.354020
-0.882969 0.318723 -0.344648
-0.879510 0.324763 -0.347838
-0.882969 0.318723 -0.344648
-0.537897 0.765073 0.354020
-0.882969 0.318723 -0.344648
-0.110607 -0.662687 -0.740684
-0.117434 -0.671049 -0.732054
-0.110607 -0.662687 -0.740684
-0.882969 0.318723 -0.344648
-0.879510 0.324763 -0.347838
0.794177 -0.607648 0.006866
-0.117434 -0.671049 -0.732054
-0.110607 -0.662687 -0.740684
-0.117434 -0.671049 -0.732054
0.794177 -0.607648 0.006866
0.795822 -0.605450 0.009919
0.611868 0.291057 0.735462
0.794793 -0.606773 0.011441
0.795822 -0.605450 0.009919
0.794793 -0.606773 0.011441
0.611868 0.291057 0.735462
0.640501 0.296613 0.708364
0.640501 0.296613 0.708364
-0.532532 0.770569 0.350189
-0.515549 0.782094 0.350055
-0.532532 0.770569 0.350189
0.640501 0.296613 0.708364
0.611868 0.291057 0.735462
-0.515549 0.782094 0.350055
-0.532532 0.770569 0.350189
-0.893675 0.279845 -0.350760
-0.882969 0.318723 -0.344648
-0.893675 0.279845 -0.350760
-0.532532 0.770569 0.350189
-0.893675 0.279845 -0.350760
-0.117434 -0.671049 -0.732054
-0.112114 -0.708913 -0.696328
-0.117434 -0.671049 -0.732054
-0.893675 0.279845 -0.350760
-0.882969 0.318723 -0.344648
0.795822 -0.605450 0.009919
-0.112114 -0.708913 -0.696328
-0.117434 -0.671049 -0.732054
-0.112114 -0.708913 -0.696328
0.795822 -0.605450 0.009919
0.794793 -0.606773 0.011441
0.640501 0.296613 0.708364
0.791636 -0.610886 0.011440
0.794793 -0.606773 0.011441
0.640501 0.296613 0.708364
-0.205139 -0.252420 0.945623
0.791636 -0.610886 0.011440
-0.205139 -0.252420 0.945623
0.640501 0.296613 0.708364
-0.540222 0.756158 0.369304
-0.515549 0.782094 0.350055
-0.540222 0.756158 0.369304
0.640501 0.296613 0.708364
-0.540222 0.756158 0.369304
-0.515549 0.782094 0.350055
-0.914371 0.239860 -0.326179
-0.893675 0.279845 -0.350760
-0.914371 0.239860 -0.326179
-0.515549 0.782094 0.350055
-0.112114 -0.708913 -0.696328
-0.613635 -0.785743 0.077849
-0.914371 0.239860 -0.326179
-0.112114 -0.708913 -0.696328
-0.914371 0.239860 -0.326179
-0.893675 0.279845 -0.350760
-0.613635 -0.785743 0.077849
-0.112114 -0.708913 -0.696328
0.791636 -0.610886 0.011440
0.791636 -0.610886 0.011440
-0.112114 -0.708913 -0.696328
0.794793 -0.606773 0.011441
0.601191 0.265310 0.753777
0.794177 -0.607648 0.006866
0.790470 -0.612499 -0.001526
0.794177 -0.607648 0.006866
0.601191 0.265310 0.753777
0.604210 0.277693 0.746871
-0.544627 0.760161 0.354313
0.604210 0.277693 0.746871
0.601191 0.265310 0.753777
0.604210 0.277693 0.746871
-0.544627 0.760161 0.354313
-0.537897 0.765073 0.354020
-0.875931 0.323900 -0.357538
-0.879510 0.324763 -0.347838
-0.544627 0.760161 0.354313
-0.544627 0.760161 0.354313
-0.879510 0.324763 -0.347838
-0.537897 0.765073 0.354020
-0.107969 -0.650295 -0.751970
-0.879510 0.324763 -0.347838
-0.875931 0.323900 -0.357538
-0.879510 0.324763 -0.347838
-0.107969 -0.650295 -0.751970
-0.110607 -0.662687 -0.740684
0.790470 -0.612499 -0.001526
-0.110607 -0.662687 -0.740684
-0.107969 -0.650295 -0.751970
-0.110607 -0.662687 -0.740684
0.790470 -0.612499 -0.001526
0.794177 -0.607648 0.006866
0.656704 0.328543 0.678823
0.786614 -0.617332 -0.011826
0.785713 -0.618463 -0.012587
0.786614 -0.617332 -0.011826
0.656704 0.328543 0.678823
0.616643 0.280179 0.735698
-0.512430 0.794973 0.324705
0.616643 0.280179 0.735698
0.656704 0.328543 0.678823
0.616643 0.280179 0.735698
-0.512430 0.794973 0.324705
-0.532439 0.771007 0.349366
-0.881268 0.319030 -0.348692
-0.512430 0.794973 0.324705
-0.898794 0.293939 -0.325222
-0.512430 0.794973 0.324705
-0.881268 0.319030 -0.348692
-0.532439 0.771007 0.349366
-0.160604 -0.714325 -0.681136
-0.881268 0.319030 -0.348692
-0.898794 0.293939 -0.325222
-0.881268 0.319030 -0.348692
-0.160604 -0.714325 -0.681136
-0.126286 -0.666817 -0.734443
0.785713 -0.618463 -0.012587
-0.126286 -0.666817 -0.734443
-0.160604 -0.714325 -0.681136
-0.126286 -0.666817 -0.734443
0.785713 -0.618463 -0.012587
0.786614 -0.617332 -0.011826
0.644499 0.325015 0.692088
0.792850 -0.609416 0.000953
0.794695 -0.606990 0.004721
0.792850 -0.609416 0.000953
0.644499 0.325015 0.692088
0.669970 0.351773 0.653755
-0.525824 0.786639 0.323588
0.669970 0.351773 0.653755
0.644499 0.325015 0.692088
0.669970 0.351773 0.653755
-0.525824 0.786639 0.323588
-0.506055 0.803891 0.312518
-0.895407 0.297579 -0.331199
-0.906790 0.282561 -0.312877
-0.525824 0.786639 0.323588
-0.525824 0.786639 0.323588
-0.906790 0.282561 -0.312877
-0.506055 0.803891 0.312518
-0.147930 -0.704195 -0.694425
-0.906790 0.282561 -0.312877
-0.895407 0.297579 -0.331199
-0.906790 0.282561 -0.312877
-0.147930 -0.704195 -0.694425
-0.167875 -0.737507 -0.654142
0.794695 -0.606990 0.004721
-0.167875 -0.737507 -0.654142
-0.147930 -0.704195 -0.694425
-0.167875 -0.737507 -0.654142
0.794695 -0.606990 0.004721
0.792850 -0.609416 0.000953
0.517677 0.210962 0.829160
0.795213 -0.606331 -0.000048
0.792676 -0.609428 -0.016208
0.795213 -0.606331 -0.000048
0.517677 0.210962 0.829160
0.544283 0.224274 0.808367
0.544283 0.224274 0.808367
-0.640072 0.711063 0.291028
-0.594185 0.728282 0.341394
-0.640072 0.711063 0.291028
0.544283 0.224274 0.808367
0.517677 0.210962 0.829160
-0.594185 0.728282 0.341394
-0.640072 0.711063 0.291028
-0.851999 0.383581 -0.356318
-0.841395 0.396085 -0.367657
-0.851999 0.383581 -0.356318
-0.640072 0.711063 0.291028
-0.851999 0.383581 -0.356318
-0.073634 -0.526501 -0.846980
-0.065251 -0.571613 -0.817925
-0.073634 -0.526501 -0.846980
-0.851999 0.383581 -0.356318
-0.841395 0.396085 -0.367657
0.792676 -0.609428 -0.016208
-0.065251 -0.571613 -0.817925
-0.073634 -0.526501 -0.846980
-0.065251 -0.571613 -0.817925
0.792676 -0.609428 -0.016208
0.795213 -0.606331 -0.000048
-0.909318 0.244875 -0.336417
-0.597905 -0.801147 -0.025930
-0.554823 0.735312 0.389215
-0.597905 -0.801147 -0.025930
-0.262461 -0.318157 0.910983
-0.554823 0.735312 0.389215
0.544283 0.224274 0.808367
0.794512 -0.607231 0.004625
0.795213 -0.606331 -0.000048
0.794512 -0.607231 0.004625
0.544283 0.224274 0.808367
0.572033 0.233771 0.786212
0.572033 0.233771 0.786212
-0.594185 0.728282 0.341394
-0.554156 0.744981 0.371369
-0.594185 0.728282 0.341394
0.572033 0.233771 0.786212
0.544283 0.224274 0.808367
-0.554156 0.744981 0.371369
-0.594185 0.728282 0.341394
-0.861541 0.346676 -0.370894
-0.851999 0.383581 -0.356318
-0.861541 0.346676 -0.370894
-0.594185 0.728282 0.341394
-0.861541 0.346676 -0.370894
-0.065251 -0.571613 -0.817925
-0.074389 -0.613803 -0.785946
-0.065251 -0.571613 -0.817925
-0.861541 0.346676 -0.370894
-0.851999 0.383581 -0.356318
0.795213 -0.606331 -0.000048
-0.074389 -0.613803 -0.785946
-0.065251 -0.571613 -0.817925
-0.074389 -0.613803 -0.785946
0.795213 -0.606331 -0.000048
0.794512 -0.607231 0.004625
0.583885 0.240076 0.775527
0.790884 -0.611952 -0.004197
0.791402 -0.611295 -0.001336
0.790884 -0.611952 -0.004197
0.583885 0.240076 0.775527
0.575929 0.230372 0.784369
0.575929 0.230372 0.784369
-0.549359 0.749646 0.369101
-0.550054 0.746025 0.375349
-0.549359 0.749646 0.369101
0.575929 0.230372 0.784369
0.583885 0.240076 0.775527
-0.550054 0.746025 0.375349
-0.549359 0.749646 0.369101
-0.862024 0.343132 -0.373061
-0.865192 0.336230 -0.372010
-0.862024 0.343132 -0.373061
-0.549359 0.749646 0.369101
-0.862024 0.343132 -0.373061
-0.085059 -0.623640 -0.777070
-0.078199 -0.614244 -0.785232
-0.085059 -0.623640 -0.777070
-0.862024 0.343132 -0.373061
-0.865192 0.336230 -0.372010
0.791402 -0.611295 -0.001336
-0.078199 -0.614244 -0.785232
-0.085059 -0.623640 -0.777070
-0.078199 -0.614244 -0.785232
0.791402 -0.611295 -0.001336
0.790884 -0.611952 -0.004197
0.559667 0.209026 0.801923
0.792190 -0.610265 0.003434
0.790067 -0.613000 -0.004962
0.792190 -0.610265 0.003434
0.559667 0.209026 0.801923
0.551735 0.206138 0.808143
0.551735 0.206138 0.808143
-0.559712 0.735829 0.381154
-0.562838 0.731956 0.383996
-0.559712 0.735829 0.381154
0.551735 0.206138 0.808143
0.559667 0.209026 0.801923
-0.562838 0.731956 0.383996
-0.559712 0.735829 0.381154
-0.854118 0.354547 -0.380499
-0.854427 0.352165 -0.382013
-0.854118 0.354547 -0.380499
-0.559712 0.735829 0.381154
-0.854118 0.354547 -0.380499
-0.064465 -0.593846 -0.801992
-0.059508 -0.592509 -0.803363
-0.064465 -0.593846 -0.801992
-0.854118 0.354547 -0.380499
-0.854427 0.352165 -0.382013
0.790067 -0.613000 -0.004962
-0.059508 -0.592509 -0.803363
-0.064465 -0.593846 -0.801992
-0.059508 -0.592509 -0.803363
0.790067 -0.613000 -0.004962
0.792190 -0.610265 0.003434
0.565506 0.228187 0.792549
0.795250 -0.606159 0.012199
0.793601 -0.608364 0.009538
0.795250 -0.606159 0.012199
0.565506 0.228187 0.792549
0.594513 0.264440 0.759359
0.594513 0.264440 0.759359
-0.556890 0.739977 0.377236
-0.541203 0.757303 0.365502
-0.556890 0.739977 0.377236
0.594513 0.264440 0.759359
0.565506 0.228187 0.792549
-0.541203 0.757303 0.365502
-0.556890 0.739977 0.377236
-0.874242 0.324882 -0.360768
-0.861940 0.342219 -0.374093
-0.874242 0.324882 -0.360768
-0.556890 0.739977 0.377236
-0.874242 0.324882 -0.360768
-0.072461 -0.612485 -0.787154
-0.093806 -0.646728 -0.756931
-0.072461 -0.612485 -0.787154
-0.874242 0.324882 -0.360768
-0.861940 0.342219 -0.374093
0.793601 -0.608364 0.009538
-0.093806 -0.646728 -0.756931
-0.072461 -0.612485 -0.787154
-0.093806 -0.646728 -0.756931
0.793601 -0.608364 0.009538
0.795250 -0.606159 0.012199
0.594513 0.264440 0.759359
0.791744 -0.610796 0.008398
0.795250 -0.606159 0.012199
0.791744 -0.610796 0.008398
0.594513 0.264440 0.759359
0.630044 0.271163 0.727678
0.630044 0.271163 0.727678
-0.541203 0.757303 0.365502
-0.517643 0.773033 0.366695
-0.541203 0.757303 0.365502
0.630044 0.271163 0.727678
0.594513 0.264440 0.759359
-0.517643 0.773033 0.366695
-0.541203 0.757303 0.365502
-0.887620 0.282529 -0.363741
-0.874242 0.324882 -0.360768
-0.887620 0.282529 -0.363741
-0.541203 0.757303 0.365502
-0.887620 0.282529 -0.363741
-0.093806 -0.646728 -0.756931
-0.103772 -0.688253 -0.718011
-0.093806 -0.646728 -0.756931
-0.887620 0.282529 -0.363741
-0.874242 0.324882 -0.360768
0.795250 -0.606159 0.012199
-0.103772 -0.688253 -0.718011
-0.093806 -0.646728 -0.756931
-0.103772 -0.688253 -0.718011
0.795250 -0.606159 0.012199
0.791744 -0.610796 0.008398
0.630044 0.271163 0.727678
0.788182 -0.615362 0.009919
0.791744 -0.610796 0.008398
0.630044 0.271163 0.727678
-0.262461 -0.318157 0.910983
0.788182 -0.615362 0.009919
-0.262461 -0.318157 0.910983
0.630044 0.271163 0.727678
-0.554823 0.735312 0.389215
-0.517643 0.773033 0.366695
-0.554823 0.735312 0.389215
0.630044 0.271163 0.727678
-0.554823 0.735312 0.389215
-0.517643 0.773033 0.366695
-0.909318 0.244875 -0.336417
-0.887620 0.282529 -0.363741
-0.909318 0.244875 -0.336417
-0.517643 0.773033 0.366695
-0.103772 -0.688253 -0.718011
-0.597905 -0.801147 -0.025930
-0.909318 0.244875 -0.336417
-0.103772 -0.688253 -0.718011
-0.909318 0.244875 -0.336417
-0.887620 0.282529 -0.363741
0.791744 -0.610796 0.008398
0.788182 -0.615362 0.009919
-0.103772 -0.688253 -0.718011
-0.597905 -0.801147 -0.025930
-0.103772 -0.688253 -0.718011
0.788182 -0.615362 0.009919
0.551735 0.206138 0.808143
0.793601 -0.608364 0.009538
0.792190 -0.610265 0.003434
0.793601 -0.608364 0.009538
0.551735 0.206138 0.808143
0.565506 0.228187 0.792549
-0.562838 0.731956 0.383996
0.565506 0.228187 0.792549
0.551735 0.206138 0.808143
0.565506 0.228187 0.792549
-0.562838 0.731956 0.383996
-0.556890 0.739977 0.377236
-0.854118 0.354547 -0.380499
-0.861940 0.342219 -0.374093
-0.562838 0.731956 0.383996
-0.562838 0.731956 0.383996
-0.861940 0.342219 -0.374093
-0.556890 0.739977 0.377236
-0.059508 -0.592509 -0.803363
-0.861940 0.342219 -0.374093
-0.854118 0.354547 -0.380499
-0.861940 0.342219 -0.374093
-0.059508 -0.592509 -0.803363
-0.072461 -0.612485 -0.787154
0.792190 -0.610265 0.003434
-0.072461 -0.612485 -0.787154
-0.059508 -0.592509 -0.803363
-0.072461 -0.612485 -0.787154
0.792190 -0.610265 0.003434
0.793601 -0.608364 0.009538
0.575929 0.230372 0.784369
0.790067 -0.613000 -0.004962
0.790884 -0.611952 -0.004197
0.790067 -0.613000 -0.004962
0.575929 0.230372 0.784369
0.559667 0.209026 0.801923
-0.550054 0.746025 0.375349
0.559667 0.209026 0.801923
0.575929 0.230372 0.784369
0.559667 0.209026 0.801923
-0.550054 0.746025 0.375349
-0.559712 0.735829 0.381154
-0.862024 0.343132 -0.373061
-0.854427 0.352165 -0.382013
-0.550054 0.746025 0.375349
-0.550054 0.746025 0.375349
-0.854427 0.352165 -0.382013
-0.559712 0.735829 0.381154
-0.078199 -0.614244 -0.785232
-0.854427 0.352165 -0.382013
-0.862024 0.343132 -0.373061
-0.854427 0.352165 -0.382013
-0.078199 -0.614244 -0.785232
-0.064465 -0.593846 -0.801992
0.790884 -0.611952 -0.004197
-0.064465 -0.593846 -0.801992
-0.078199 -0.614244 -0.785232
-0.064465 -0.593846 -0.801992
0.790884 -0.611952 -0.004197
0.790067 -0.613000 -0.004962
0.572033 0.233771 0.786212
0.791402 -0.611295 -0.001336
0.794512 -0.607231 0.004625
0.791402 -0.611295 -0.001336
0.572033 0.233771 0.786212
0.583885 0.240076 0.775527
-0.554156 0.744981 0.371369
0.583885 0.240076 0.775527
0.572033 0.233771 0.786212
0.583885 0.240076 0.775527
-0.554156 0.744981 0.371369
-0.549359 0.749646 0.369101
-0.861541 0.346676 -0.370894
-0.865192 0.336230 -0.372010
-0.554156 0.744981 0.371369
-0.554156 0.744981 0.371369
-0.865192 0.336230 -0.372010
-0.549359 0.749646 0.369101
-0.074389 -0.613803 -0.785946
-0.865192 0.336230 -0.372010
-0.861541 0.346676 -0.370894
-0.865192 0.336230 -0.372010
-0.074389 -0.613803 -0.785946
-0.085059 -0.623640 -0.777070
0.794512 -0.607231 0.004625
-0.085059 -0.623640 -0.777070
-0.074389 -0.613803 -0.785946
-0.085059 -0.623640 -0.777070
0.794512 -0.607231 0.004625
0.791402 -0.611295 -0.001336
0.474608 0.132005 0.870242
0.793937 -0.607992 -0.003242
0.788356 -0.614353 -0.032626
0.793937 -0.607992 -0.003242
0.474608 0.132005 0.870242
0.476314 0.133528 0.869077
0.476314 0.133528 0.869077
-0.666029 0.685298 0.294571
-0.618500 0.692308 0.371710
-0.666029 0.685298 0.294571
0.476314 0.133528 0.869077
0.474608 0.132005 0.870242
-0.666029 0.685298 0.294571
-0.822744 0.422820 -0.379889
-0.618500 0.692308 0.371710
-0.816344 0.413894 -0.402832
-0.822744 0.422820 -0.379889
-0.666029 0.685298 0.294571
-0.033190 -0.452072 -0.891364
-0.822744 0.422820 -0.379889
-0.816344 0.413894 -0.402832
-0.822744 0.422820 -0.379889
-0.033190 -0.452072 -0.891364
0.001144 -0.485918 -0.874004
0.788356 -0.614353 -0.032626
0.001144 -0.485918 -0.874004
-0.033190 -0.452072 -0.891364
0.001144 -0.485918 -0.874004
0.788356 -0.614353 -0.032626
0.793937 -0.607992 -0.003242
-0.899730 0.260769 -0.349980
-0.614375 -0.788931 -0.011434
-0.557679 0.734151 0.387320
-0.614375 -0.788931 -0.011434
-0.265538 -0.319714 0.909545
-0.557679 0.734151 0.387320
0.476314 0.133528 0.869077
0.793725 -0.608268 0.003148
0.793937 -0.607992 -0.003242
0.793725 -0.608268 0.003148
0.476314 0.133528 0.869077
0.495135 0.131794 0.858762
0.495135 0.131794 0.858762
-0.618500 0.692308 0.371710
-0.591233 0.697274 0.405281
-0.618500 0.692308 0.371710
0.495135 0.131794 0.858762
0.476314 0.133528 0.869077
-0.822744 0.422820 -0.379889
-0.824737 0.393295 -0.406360
-0.618500 0.692308 0.371710
-0.618500 0.692308 0.371710
-0.824737 0.393295 -0.406360
-0.591233 0.697274 0.405281
0.001144 -0.485918 -0.874004
-0.824737 0.393295 -0.406360
-0.822744 0.422820 -0.379889
-0.824737 0.393295 -0.406360
0.001144 -0.485918 -0.874004
0.001907 -0.512559 -0.858650
0.793937 -0.607992 -0.003242
0.001907 -0.512559 -0.858650
0.001144 -0.485918 -0.874004
0.793937 -0.607992 -0.003242
0.793725 -0.608268 0.003148
0.001907 -0.512559 -0.858650
0.510162 0.146715 0.847472
0.791538 -0.611114 -0.002576
0.792382 -0.610023 0.001645
0.791538 -0.611114 -0.002576
0.510162 0.146715 0.847472
0.511314 0.147050 0.846720
0.511314 0.147050 0.846720
-0.582865 0.704931 0.404153
-0.580323 0.706374 0.405291
-0.582865 0.704931 0.404153
0.511314 0.147050 0.846720
0.510162 0.146715 0.847472
-0.580323 0.706374 0.405291
-0.582865 0.704931 0.404153
-0.831312 0.381383 -0.404311
-0.830586 0.380971 -0.406188
-0.831312 0.381383 -0.404311
-0.582865 0.704931 0.404153
-0.010300 -0.529317 -0.848362
-0.831312 0.381383 -0.404311
-0.830586 0.380971 -0.406188
-0.831312 0.381383 -0.404311
-0.010300 -0.529317 -0.848362
-0.012589 -0.531636 -0.846879
0.792382 -0.610023 0.001645
-0.012589 -0.531636 -0.846879
-0.010300 -0.529317 -0.848362
-0.012589 -0.531636 -0.846879
0.792382 -0.610023 0.001645
0.791538 -0.611114 -0.002576
0.498249 0.133623 0.856676
0.793587 -0.608366 0.010502
0.792479 -0.609900 -0.000381
0.793587 -0.608366 0.010502
0.498249 0.133623 0.856676
0.504280 0.147622 0.850829
0.504280 0.147622 0.850829
-0.585783 0.699241 0.409781
-0.584245 0.702086 0.407103
-0.585783 0.699241 0.409781
0.504280 0.147622 0.850829
0.498249 0.133623 0.856676
-0.585783 0.699241 0.409781
-0.831661 0.380542 -0.404386
-0.584245 0.702086 0.407103
-0.826014 0.389246 -0.407663
-0.831661 0.380542 -0.404386
-0.585783 0.699241 0.409781
-0.003052 -0.518513 -0.855065
-0.831661 0.380542 -0.404386
-0.826014 0.389246 -0.407663
-0.831661 0.380542 -0.404386
-0.003052 -0.518513 -0.855065
-0.008391 -0.530375 -0.847722
0.792479 -0.609900 -0.000381
-0.008391 -0.530375 -0.847722
-0.003052 -0.518513 -0.855065
0.792479 -0.609900 -0.000381
0.793587 -0.608366 0.010502
-0.008391 -0.530375 -0.847722
0.536242 0.193749 0.821526
0.798564 -0.601595 0.019468
0.796173 -0.604756 0.019447
0.798564 -0.601595 0.019468
0.536242 0.193749 0.821526
0.570814 0.241146 0.784869
0.570814 0.241146 0.784869
-0.567138 0.722090 0.396157
-0.549952 0.745873 0.375801
-0.567138 0.722090 0.396157
0.570814 0.241146 0.784869
0.536242 0.193749 0.821526
-0.549952 0.745873 0.375801
-0.567138 0.722090 0.396157
-0.864303 0.342438 -0.368398
-0.847963 0.361014 -0.388109
-0.864303 0.342438 -0.368398
-0.567138 0.722090 0.396157
-0.864303 0.342438 -0.368398
-0.035854 -0.574424 -0.817772
-0.071738 -0.621222 -0.780344
-0.035854 -0.574424 -0.817772
-0.864303 0.342438 -0.368398
-0.847963 0.361014 -0.388109
0.796173 -0.604756 0.019447
-0.071738 -0.621222 -0.780344
-0.035854 -0.574424 -0.817772
-0.071738 -0.621222 -0.780344
0.796173 -0.604756 0.019447
0.798564 -0.601595 0.019468
0.570814 0.241146 0.784869
0.795886 -0.605300 0.013341
0.798564 -0.601595 0.019468
0.795886 -0.605300 0.013341
0.570814 0.241146 0.784869
0.608778 0.258293 0.750116
0.608778 0.258293 0.750116
-0.549952 0.745873 0.375801
-0.529579 0.763082 0.370476
-0.549952 0.745873 0.375801
0.608778 0.258293 0.750116
0.570814 0.241146 0.784869
-0.529579 0.763082 0.370476
-0.549952 0.745873 0.375801
-0.878763 0.301574 -0.369905
-0.864303 0.342438 -0.368398
-0.878763 0.301574 -0.369905
-0.549952 0.745873 0.375801
-0.878763 0.301574 -0.369905
-0.071738 -0.621222 -0.780344
-0.083930 -0.671438 -0.736293
-0.071738 -0.621222 -0.780344
-0.878763 0.301574 -0.369905
-0.864303 0.342438 -0.368398
0.798564 -0.601595 0.019468
-0.083930 -0.671438 -0.736293
-0.071738 -0.621222 -0.780344
-0.083930 -0.671438 -0.736293
0.798564 -0.601595 0.019468
0.795886 -0.605300 0.013341
0.608778 0.258293 0.750116
0.791267 -0.611364 0.011434
0.795886 -0.605300 0.013341
0.608778 0.258293 0.750116
-0.265538 -0.319714 0.909545
0.791267 -0.611364 0.011434
-0.265538 -0.319714 0.909545
0.608778 0.258293 0.750116
-0.557679 0.734151 0.387320
-0.529579 0.763082 0.370476
-0.557679 0.734151 0.387320
0.608778 0.258293 0.750116
-0.557679 0.734151 0.387320
-0.529579 0.763082 0.370476
-0.899730 0.260769 -0.349980
-0.878763 0.301574 -0.369905
-0.899730 0.260769 -0.349980
-0.529579 0.763082 0.370476
-0.083930 -0.671438 -0.736293
-0.614375 -0.788931 -0.011434
-0.899730 0.260769 -0.349980
-0.083930 -0.671438 -0.736293
-0.899730 0.260769 -0.349980
-0.878763 0.301574 -0.369905
0.795886 -0.605300 0.013341
0.791267 -0.611364 0.011434
-0.083930 -0.671438 -0.736293
-0.614375 -0.788931 -0.011434
-0.083930 -0.671438 -0.736293
0.791267 -0.611364 0.011434
0.504280 0.147622 0.850829
0.796173 -0.604756 0.019447
0.793587 -0.608366 0.010502
0.796173 -0.604756 0.019447
0.504280 0.147622 0.850829
0.536242 0.193749 0.821526
-0.584245 0.702086 0.407103
0.536242 0.193749 0.821526
0.504280 0.147622 0.850829
0.536242 0.193749 0.821526
-0.584245 0.702086 0.407103
-0.567138 0.722090 0.396157
-0.831661 0.380542 -0.404386
-0.847963 0.361014 -0.388109
-0.584245 0.702086 0.407103
-0.567138 0.722090 0.396157
-0.584245 0.702086 0.407103
-0.847963 0.361014 -0.388109
-0.008391 -0.530375 -0.847722
-0.847963 0.361014 -0.388109
-0.831661 0.380542 -0.404386
-0.847963 0.361014 -0.388109
-0.008391 -0.530375 -0.847722
-0.035854 -0.574424 -0.817772
0.793587 -0.608366 0.010502
-0.035854 -0.574424 -0.817772
-0.008391 -0.530375 -0.847722
-0.035854 -0.574424 -0.817772
0.793587 -0.608366 0.010502
0.796173 -0.604756 0.019447
0.511314 0.147050 0.846720
0.792479 -0.609900 -0.000381
0.791538 -0.611114 -0.002576
0.792479 -0.609900 -0.000381
0.511314 0.147050 0.846720
0.498249 0.133623 0.856676
-0.580323 0.706374 0.405291
0.498249 0.133623 0.856676
0.511314 0.147050 0.846720
0.498249 0.133623 0.856676
-0.580323 0.706374 0.405291
-0.585783 0.699241 0.409781
-0.831312 0.381383 -0.404311
-0.826014 0.389246 -0.407663
-0.580323 0.706374 0.405291
-0.585783 0.699241 0.409781
-0.580323 0.706374 0.405291
-0.826014 0.389246 -0.407663
-0.012589 -0.531636 -0.846879
-0.826014 0.389246 -0.407663
-0.831312 0.381383 -0.404311
-0.826014 0.389246 -0.407663
-0.012589 -0.531636 -0.846879
-0.003052 -0.518513 -0.855065
0.791538 -0.611114 -0.002576
-0.003052 -0.518513 -0.855065
-0.012589 -0.531636 -0.846879
-0.003052 -0.518513 -0.855065
0.791538 -0.611114 -0.002576
0.792479 -0.609900 -0.000381
0.495135 0.131794 0.858762
0.792382 -0.610023 0.001645
0.793725 -0.608268 0.003148
0.792382 -0.610023 0.001645
0.495135 0.131794 0.858762
0.510162 0.146715 0.847472
-0.591233 0.697274 0.405281
0.510162 0.146715 0.847472
0.495135 0.131794 0.858762
0.510162 0.146715 0.847472
-0.591233 0.697274 0.405281
-0.582865 0.704931 0.404153
-0.824737 0.393295 -0.406360
-0.830586 0.380971 -0.406188
-0.591233 0.697274 0.405281
-0.582865 0.704931 0.404153
-0.591233 0.697274 0.405281
-0.830586 0.380971 -0.406188
0.001907 -0.512559 -0.858650
-0.830586 0.380971 -0.406188
-0.824737 0.393295 -0.406360
-0.830586 0.380971 -0.406188
0.001907 -0.512559 -0.858650
-0.010300 -0.529317 -0.848362
0.793725 -0.608268 0.003148
-0.010300 -0.529317 -0.848362
0.001907 -0.512559 -0.858650
-0.010300 -0.529317 -0.848362
0.793725 -0.608268 0.003148
0.792382 -0.610023 0.001645
0.794499 -0.607222 -0.007247
0.428886 0.052633 0.901824
0.406662 0.040056 0.912700
0.428886 0.052633 0.901824
0.794499 -0.607222 -0.007247
0.787568 -0.614334 -0.048269
0.406662 0.040056 0.912700
-0.688656 0.661964 0.295901
-0.645081 0.653855 0.395403
-0.688656 0.661964 0.295901
0.406662 0.040056 0.912700
0.428886 0.052633 0.901824
-0.688656 0.661964 0.295901
-0.791034 0.464775 -0.397806
-0.645081 0.653855 0.395403
-0.786467 0.439109 -0.434341
-0.791034 0.464775 -0.397806
-0.688656 0.661964 0.295901
0.015829 -0.370752 -0.928597
-0.791034 0.464775 -0.397806
-0.786467 0.439109 -0.434341
-0.791034 0.464775 -0.397806
0.015829 -0.370752 -0.928597
0.070011 -0.394886 -0.916059
0.070011 -0.394886 -0.916059
0.787568 -0.614334 -0.048269
0.794499 -0.607222 -0.007247
0.787568 -0.614334 -0.048269
0.070011 -0.394886 -0.916059
0.015829 -0.370752 -0.928597
0.792709 -0.609600 0.000572
0.406662 0.040056 0.912700
0.410503 0.021174 0.911614
0.406662 0.040056 0.912700
0.792709 -0.609600 0.000572
0.794499 -0.607222 -0.007247
0.410503 0.021174 0.911614
-0.645081 0.653855 0.395403
-0.631252 0.645173 0.430433
-0.645081 0.653855 0.395403
0.410503 0.021174 0.911614
0.406662 0.040056 0.912700
-0.645081 0.653855 0.395403
-0.784665 0.444974 -0.431623
-0.631252 0.645173 0.430433
-0.791034 0.464775 -0.397806
-0.784665 0.444974 -0.431623
-0.645081 0.653855 0.395403
0.070011 -0.394886 -0.916059
-0.784665 0.444974 -0.431623
-0.791034 0.464775 -0.397806
-0.784665 0.444974 -0.431623
0.070011 -0.394886 -0.916059
0.086237 -0.400656 -0.912161
0.794499 -0.607222 -0.007247
0.792709 -0.609600 0.000572
0.086237 -0.400656 -0.912161
0.794499 -0.607222 -0.007247
0.086237 -0.400656 -0.912161
0.070011 -0.394886 -0.916059
0.792138 -0.610336 -0.002717
0.423439 0.033856 0.905292
0.425235 0.034240 0.904435
0.423439 0.033856 0.905292
0.792138 -0.610336 -0.002717
0.791913 -0.610632 0.001431
0.425235 0.034240 0.904435
-0.624558 0.650883 0.431601
-0.622396 0.652024 0.432998
-0.624558 0.650883 0.431601
0.425235 0.034240 0.904435
0.423439 0.033856 0.905292
-0.624558 0.650883 0.431601
-0.789641 0.435554 -0.432157
-0.622396 0.652024 0.432998
-0.788643 0.435242 -0.434288
-0.789641 0.435554 -0.432157
-0.624558 0.650883 0.431601
0.077064 -0.416033 -0.906078
-0.789641 0.435554 -0.432157
-0.788643 0.435242 -0.434288
-0.789641 0.435554 -0.432157
0.077064 -0.416033 -0.906078
0.074000 -0.418990 -0.904970
0.791913 -0.610632 0.001431
0.792138 -0.610336 -0.002717
0.074000 -0.418990 -0.904970
0.791913 -0.610632 0.001431
0.074000 -0.418990 -0.904970
0.077064 -0.416033 -0.906078
0.792383 -0.609937 0.010306
0.411784 0.019541 0.911072
0.417335 0.034333 0.908104
0.411784 0.019541 0.911072
0.792383 -0.609937 0.010306
0.792525 -0.609840 -0.000286
0.417335 0.034333 0.908104
-0.627747 0.644719 0.436201
-0.625591 0.648097 0.434290
-0.627747 0.644719 0.436201
0.417335 0.034333 0.908104
0.411784 0.019541 0.911072
-0.627747 0.644719 0.436201
-0.790081 0.434316 -0.432600
-0.625591 0.648097 0.434290
-0.784714 0.443070 -0.433490
-0.790081 0.434316 -0.432600
-0.627747 0.644719 0.436201
-0.790081 0.434316 -0.432600
0.085449 -0.404547 -0.910517
0.080101 -0.417288 -0.905237
0.085449 -0.404547 -0.910517
-0.790081 0.434316 -0.432600
-0.784714 0.443070 -0.433490
0.792525 -0.609840 -0.000286
0.792383 -0.609937 0.010306
0.080101 -0.417288 -0.905237
0.792525 -0.609840 -0.000286
0.080101 -0.417288 -0.905237
0.085449 -0.404547 -0.910517
-0.121296 -0.989441 0.079338
0.793481 -0.608259 0.020199
0.439256 0.097994 0.893001
0.439481 0.080877 0.894603
0.439256 0.097994 0.893001
0.793481 -0.608259 0.020199
-0.609264 0.664998 0.431943
-0.723131 -0.255537 0.641703
0.439256 0.097994 0.893001
0.439256 0.097994 0.893001
0.439481 0.080877 0.894603
-0.609264 0.664998 0.431943
-0.807695 0.415669 -0.418148
-0.865832 0.299682 -0.400657
-0.609264 0.664998 0.431943
-0.723131 -0.255537 0.641703
-0.609264 0.664998 0.431943
-0.865832 0.299682 -0.400657
0.051887 -0.463168 -0.884750
-0.865832 0.299682 -0.400657
-0.807695 0.415669 -0.418148
-0.865832 0.299682 -0.400657
0.051887 -0.463168 -0.884750
-0.057222 -0.565358 -0.822859
0.793481 -0.608259 0.020199
-0.121296 -0.989441 0.079338
-0.057222 -0.565358 -0.822859
0.793481 -0.608259 0.020199
-0.057222 -0.565358 -0.822859
0.051887 -0.463168 -0.884750
0.417335 0.034333 0.908104
0.439481 0.080877 0.894603
0.793481 -0.608259 0.020199
0.417335 0.034333 0.908104
0.793481 -0.608259 0.020199
0.792383 -0.609937 0.010306
-0.625591 0.648097 0.434290
0.439481 0.080877 0.894603
0.417335 0.034333 0.908104
0.439481 0.080877 0.894603
-0.625591 0.648097 0.434290
-0.609264 0.664998 0.431943
-0.790081 0.434316 -0.432600
-0.807695 0.415669 -0.418148
-0.625591 0.648097 0.434290
-0.609264 0.664998 0.431943
-0.625591 0.648097 0.434290
-0.807695 0.415669 -0.418148
0.080101 -0.417288 -0.905237
-0.807695 0.415669 -0.418148
-0.790081 0.434316 -0.432600
-0.807695 0.415669 -0.418148
0.080101 -0.417288 -0.905237
0.051887 -0.463168 -0.884750
0.792383 -0.609937 0.010306
0.793481 -0.608259 0.020199
0.051887 -0.463168 -0.884750
0.792383 -0.609937 0.010306
0.051887 -0.463168 -0.884750
0.080101 -0.417288 -0.905237
0.425235 0.034240 0.904435
0.411784 0.019541 0.911072
0.792525 -0.609840 -0.000286
0.425235 0.034240 0.904435
0.792525 -0.609840 -0.000286
0.792138 -0.610336 -0.002717
-0.622396 0.652024 0.432998
0.411784 0.019541 0.911072
0.425235 0.034240 0.904435
0.411784 0.019541 0.911072
-0.622396 0.652024 0.432998
-0.627747 0.644719 0.436201
-0.789641 0.435554 -0.432157
-0.784714 0.443070 -0.433490
-0.622396 0.652024 0.432998
-0.627747 0.644719 0.436201
-0.622396 0.652024 0.432998
-0.784714 0.443070 -0.433490
0.074000 -0.418990 -0.904970
-0.784714 0.443070 -0.433490
-0.789641 0.435554 -0.432157
-0.784714 0.443070 -0.433490
0.074000 -0.418990 -0.904970
0.085449 -0.404547 -0.910517
0.792138 -0.610336 -0.002717
0.792525 -0.609840 -0.000286
0.085449 -0.404547 -0.910517
0.792138 -0.610336 -0.002717
0.085449 -0.404547 -0.910517
0.074000 -0.418990 -0.904970
0.791913 -0.610632 0.001431
0.410503 0.021174 0.911614
0.423439 0.033856 0.905292
0.410503 0.021174 0.911614
0.791913 -0.610632 0.001431
0.792709 -0.609600 0.000572
-0.631252 0.645173 0.430433
0.423439 0.033856 0.905292
0.410503 0.021174 0.911614
0.423439 0.033856 0.905292
-0.631252 0.645173 0.430433
-0.624558 0.650883 0.431601
-0.784665 0.444974 -0.431623
-0.788643 0.435242 -0.434288
-0.631252 0.645173 0.430433
-0.624558 0.650883 0.431601
-0.631252 0.645173 0.430433
-0.788643 0.435242 -0.434288
0.086237 -0.400656 -0.912161
-0.788643 0.435242 -0.434288
-0.784665 0.444974 -0.431623
-0.788643 0.435242 -0.434288
0.086237 -0.400656 -0.912161
0.077064 -0.416033 -0.906078
0.792709 -0.609600 0.000572
0.791913 -0.610632 0.001431
0.077064 -0.416033 -0.906078
0.792709 -0.609600 0.000572
0.077064 -0.416033 -0.906078
0.086237 -0.400656 -0.912161
-0.865832 0.299682 -0.400657
-0.121296 -0.989441 0.079338
-0.723131 -0.255537 0.641703
-0.121296 -0.989441 0.079338
-0.865832 0.299682 -0.400657
-0.057222 -0.565358 -0.822859
0.795028 -0.606572 0.000763
0.310672 -0.068657 0.948035
0.328122 -0.056086 0.942969
0.310672 -0.068657 0.948035
0.795028 -0.606572 0.000763
0.794968 -0.606234 -0.022495
0.310672 -0.068657 0.948035
-0.684077 0.609679 0.400412
0.328122 -0.056086 0.942969
-0.684077 0.609679 0.400412
0.310672 -0.068657 0.948035
-0.716812 0.614955 0.328650
-0.716812 0.614955 0.328650
-0.757567 0.506952 -0.411207
-0.684077 0.609679 0.400412
-0.746153 0.513457 -0.423812
-0.757567 0.506952 -0.411207
-0.716812 0.614955 0.328650
-0.746153 0.513457 -0.423812
0.151427 -0.291793 -0.944418
-0.757567 0.506952 -0.411207
0.135593 -0.245632 -0.959833
0.151427 -0.291793 -0.944418
-0.746153 0.513457 -0.423812
0.151427 -0.291793 -0.944418
0.794968 -0.606234 -0.022495
0.795028 -0.606572 0.000763
0.794968 -0.606234 -0.022495
0.151427 -0.291793 -0.944418
0.135593 -0.245632 -0.959833
0.793066 -0.609111 0.005534
0.328122 -0.056086 0.942969
0.357835 -0.044252 0.932736
0.328122 -0.056086 0.942969
0.793066 -0.609111 0.005534
0.795028 -0.606572 0.000763
0.357835 -0.044252 0.932736
-0.684077 0.609679 0.400412
-0.655531 0.613964 0.439690
-0.684077 0.609679 0.400412
0.357835 -0.044252 0.932736
0.328122 -0.056086 0.942969
-0.684077 0.609679 0.400412
-0.760323 0.477062 -0.440819
-0.655531 0.613964 0.439690
-0.757567 0.506952 -0.411207
-0.760323 0.477062 -0.440819
-0.684077 0.609679 0.400412
-0.760323 0.477062 -0.440819
0.151427 -0.291793 -0.944418
0.139255 -0.335548 -0.931674
0.151427 -0.291793 -0.944418
-0.760323 0.477062 -0.440819
-0.757567 0.506952 -0.411207
0.795028 -0.606572 0.000763
0.793066 -0.609111 0.005534
0.139255 -0.335548 -0.931674
0.795028 -0.606572 0.000763
0.139255 -0.335548 -0.931674
0.151427 -0.291793 -0.944418
0.791792 -0.610785 -0.002863
0.377635 -0.026034 0.925588
0.378169 -0.025353 0.925389
0.377635 -0.026034 0.925588
0.791792 -0.610785 -0.002863
0.791913 -0.610632 0.001717
0.378169 -0.025353 0.925389
-0.646221 0.622569 0.441368
-0.644251 0.623558 0.442851
-0.646221 0.622569 0.441368
0.378169 -0.025353 0.925389
0.377635 -0.026034 0.925588
-0.646221 0.622569 0.441368
-0.767601 0.464156 -0.441981
-0.644251 0.623558 0.442851
-0.766983 0.463489 -0.443752
-0.767601 0.464156 -0.441981
-0.646221 0.622569 0.441368
-0.767601 0.464156 -0.441981
0.122473 -0.356641 -0.926179
0.120153 -0.359029 -0.925560
0.122473 -0.356641 -0.926179
-0.767601 0.464156 -0.441981
-0.766983 0.463489 -0.443752
0.791913 -0.610632 0.001717
0.791792 -0.610785 -0.002863
0.120153 -0.359029 -0.925560
0.791913 -0.610632 0.001717
0.120153 -0.359029 -0.925560
0.122473 -0.356641 -0.926179
0.364001 -0.040635 0.930512
0.370822 -0.025942 0.928342
0.792483 -0.609807 0.010297
0.364001 -0.040635 0.930512
0.792483 -0.609807 0.010297
0.792241 -0.610209 -0.000286
0.364001 -0.040635 0.930512
-0.647679 0.619453 0.443610
0.370822 -0.025942 0.928342
-0.647679 0.619453 0.443610
0.364001 -0.040635 0.930512
-0.649444 0.616247 0.445491
-0.649444 0.616247 0.445491
-0.767731 0.463233 -0.442724
-0.647679 0.619453 0.443610
-0.762008 0.472246 -0.443089
-0.767731 0.463233 -0.442724
-0.649444 0.616247 0.445491
-0.767731 0.463233 -0.442724
0.130492 -0.344543 -0.929657
0.124362 -0.357828 -0.925469
0.130492 -0.344543 -0.929657
-0.767731 0.463233 -0.442724
-0.762008 0.472246 -0.443089
0.792241 -0.610209 -0.000286
0.792483 -0.609807 0.010297
0.124362 -0.357828 -0.925469
0.792241 -0.610209 -0.000286
0.124362 -0.357828 -0.925469
0.130492 -0.344543 -0.929657
-0.122809 -0.992390 0.008915
0.792362 -0.609714 0.020281
0.394179 0.038884 0.918211
0.393046 0.021370 0.919270
0.394179 0.038884 0.918211
0.792362 -0.609714 0.020281
-0.631996 0.635812 0.443084
-0.753919 -0.295311 0.586853
0.394179 0.038884 0.918211
0.394179 0.038884 0.918211
0.393046 0.021370 0.919270
-0.631996 0.635812 0.443084
-0.786014 0.443754 -0.430424
-0.845113 0.327214 -0.422747
-0.631996 0.635812 0.443084
-0.753919 -0.295311 0.586853
-0.631996 0.635812 0.443084
-0.845113 0.327214 -0.422747
-0.845113 0.327214 -0.422747
0.096146 -0.404425 -0.909503
-0.015262 -0.510517 -0.859732
0.096146 -0.404425 -0.909503
-0.845113 0.327214 -0.422747
-0.786014 0.443754 -0.430424
0.792362 -0.609714 0.020281
-0.122809 -0.992390 0.008915
-0.015262 -0.510517 -0.859732
0.792362 -0.609714 0.020281
-0.015262 -0.510517 -0.859732
0.096146 -0.404425 -0.909503
0.370822 -0.025942 0.928342
0.393046 0.021370 0.919270
0.792362 -0.609714 0.020281
0.370822 -0.025942 0.928342
0.792362 -0.609714 0.020281
0.792483 -0.609807 0.010297
-0.647679 0.619453 0.443610
-0.631996 0.635812 0.443084
0.370822 -0.025942 0.928342
0.393046 0.021370 0.919270
0.370822 -0.025942 0.928342
-0.631996 0.635812 0.443084
-0.767731 0.463233 -0.442724
-0.786014 0.443754 -0.430424
-0.647679 0.619453 0.443610
-0.631996 0.635812 0.443084
-0.647679 0.619453 0.443610
-0.786014 0.443754 -0.430424
0.124362 -0.357828 -0.925469
-0.786014 0.443754 -0.430424
-0.767731 0.463233 -0.442724
-0.786014 0.443754 -0.430424
0.124362 -0.357828 -0.925469
0.096146 -0.404425 -0.909503
0.792483 -0.609807 0.010297
0.792362 -0.609714 0.020281
0.096146 -0.404425 -0.909503
0.792483 -0.609807 0.010297
0.096146 -0.404425 -0.909503
0.124362 -0.357828 -0.925469
0.378169 -0.025353 0.925389
0.364001 -0.040635 0.930512
0.792241 -0.610209 -0.000286
0.378169 -0.025353 0.925389
0.792241 -0.610209 -0.000286
0.791792 -0.610785 -0.002863
-0.644251 0.623558 0.442851
0.364001 -0.040635 0.930512
0.378169 -0.025353 0.925389
0.364001 -0.040635 0.930512
-0.644251 0.623558 0.442851
-0.649444 0.616247 0.445491
-0.767601 0.464156 -0.441981
-0.762008 0.472246 -0.443089
-0.644251 0.623558 0.442851
-0.649444 0.616247 0.445491
-0.644251 0.623558 0.442851
-0.762008 0.472246 -0.443089
0.120153 -0.359029 -0.925560
-0.762008 0.472246 -0.443089
-0.767601 0.464156 -0.441981
-0.762008 0.472246 -0.443089
0.120153 -0.359029 -0.925560
0.130492 -0.344543 -0.929657
0.791792 -0.610785 -0.002863
0.792241 -0.610209 -0.000286
0.130492 -0.344543 -0.929657
0.791792 -0.610785 -0.002863
0.130492 -0.344543 -0.929657
0.120153 -0.359029 -0.925560
0.357835 -0.044252 0.932736
0.377635 -0.026034 0.925588
0.791913 -0.610632 0.001717
0.357835 -0.044252 0.932736
0.791913 -0.610632 0.001717
0.793066 -0.609111 0.005534
-0.655531 0.613964 0.439690
0.377635 -0.026034 0.925588
0.357835 -0.044252 0.932736
0.377635 -0.026034 0.925588
-0.655531 0.613964 0.439690
-0.646221 0.622569 0.441368
-0.760323 0.477062 -0.440819
-0.766983 0.463489 -0.443752
-0.655531 0.613964 0.439690
-0.646221 0.622569 0.441368
-0.655531 0.613964 0.439690
-0.766983 0.463489 -0.443752
0.139255 -0.335548 -0.931674
-0.766983 0.463489 -0.443752
-0.760323 0.477062 -0.440819
-0.766983 0.463489 -0.443752
0.139255 -0.335548 -0.931674
0.122473 -0.356641 -0.926179
0.793066 -0.609111 0.005534
0.791913 -0.610632 0.001717
0.122473 -0.356641 -0.926179
0.793066 -0.609111 0.005534
0.122473 -0.356641 -0.926179
0.139255 -0.335548 -0.931674
-0.753919 -0.295311 0.586853
-0.845113 0.327214 -0.422747
-0.015262 -0.510517 -0.859732
-0.015262 -0.510517 -0.859732
-0.122809 -0.992390 0.008915
-0.753919 -0.295311 0.586853
0.794699 -0.606993 -0.003624
0.255165 -0.161338 0.953342
0.247200 -0.164800 0.954847
0.255165 -0.161338 0.953342
0.794699 -0.606993 -0.003624
0.796455 -0.603445 -0.038907
0.255165 -0.161338 0.953342
-0.716052 0.564602 0.410481
0.247200 -0.164800 0.954847
-0.716052 0.564602 0.410481
0.255165 -0.161338 0.953342
-0.742178 0.588630 0.320447
-0.742178 0.588630 0.320447
-0.722404 0.553817 -0.414028
-0.716052 0.564602 0.410481
-0.722404 0.553817 -0.414028
-0.742178 0.588630 0.320447
-0.710256 0.546527 -0.443672
-0.710256 0.546527 -0.443672
0.230786 -0.187299 -0.954807
-0.722404 0.553817 -0.414028
0.191935 -0.153014 -0.969406
0.230786 -0.187299 -0.954807
-0.710256 0.546527 -0.443672
0.230786 -0.187299 -0.954807
0.796455 -0.603445 -0.038907
0.794699 -0.606993 -0.003624
0.796455 -0.603445 -0.038907
0.230786 -0.187299 -0.954807
0.191935 -0.153014 -0.969406
0.261656 -0.171831 0.949742
0.794699 -0.606993 -0.003624
0.247200 -0.164800 0.954847
0.794699 -0.606993 -0.003624
0.261656 -0.171831 0.949742
0.792750 -0.609543 0.002290
0.247200 -0.164800 0.954847
-0.701237 0.554351 0.448288
0.261656 -0.171831 0.949742
-0.701237 0.554351 0.448288
0.247200 -0.164800 0.954847
-0.716052 0.564602 0.410481
-0.716052 0.564602 0.410481
-0.714074 0.536509 -0.449729
-0.701237 0.554351 0.448288
-0.714074 0.536509 -0.449729
-0.716052 0.564602 0.410481
-0.722404 0.553817 -0.414028
-0.722404 0.553817 -0.414028
0.235442 -0.208731 -0.949209
-0.714074 0.536509 -0.449729
0.230786 -0.187299 -0.954807
0.235442 -0.208731 -0.949209
-0.722404 0.553817 -0.414028
0.794699 -0.606993 -0.003624
0.792750 -0.609543 0.002290
0.235442 -0.208731 -0.949209
0.235442 -0.208731 -0.949209
0.230786 -0.187299 -0.954807
0.794699 -0.606993 -0.003624
0.279242 -0.155214 0.947593
0.791774 -0.610811 0.001717
0.277351 -0.155938 0.948029
0.791774 -0.610811 0.001717
0.279242 -0.155214 0.947593
0.792487 -0.609882 -0.002860
0.277351 -0.155938 0.948029
-0.691733 0.561723 0.453842
0.279242 -0.155214 0.947593
-0.691733 0.561723 0.453842
0.277351 -0.155938 0.948029
-0.693717 0.560927 0.451794
-0.693717 0.560927 0.451794
-0.720144 0.526067 -0.452379
-0.691733 0.561723 0.453842
-0.719007 0.525810 -0.454481
-0.720144 0.526067 -0.452379
-0.693717 0.560927 0.451794
-0.719007 0.525810 -0.454481
0.220111 -0.229243 -0.948156
-0.720144 0.526067 -0.452379
0.223111 -0.226448 -0.948126
0.220111 -0.229243 -0.948156
-0.719007 0.525810 -0.454481
0.791774 -0.610811 0.001717
0.792487 -0.609882 -0.002860
0.220111 -0.229243 -0.948156
0.220111 -0.229243 -0.948156
0.223111 -0.226448 -0.948126
0.791774 -0.610811 0.001717
0.270837 -0.156399 0.949835
0.792333 -0.610089 -0.000191
0.264730 -0.170892 0.949060
0.792333 -0.610089 -0.000191
0.270837 -0.156399 0.949835
0.791362 -0.611264 0.010111
0.264730 -0.170892 0.949060
-0.695154 0.557802 0.453452
0.270837 -0.156399 0.949835
-0.695154 0.557802 0.453452
0.264730 -0.170892 0.949060
-0.697535 0.553678 0.454848
-0.697535 0.553678 0.454848
-0.720247 0.525133 -0.453299
-0.695154 0.557802 0.453452
-0.720247 0.525133 -0.453299
-0.697535 0.553678 0.454848
-0.715238 0.533379 -0.451599
-0.715238 0.533379 -0.451599
0.225062 -0.227732 -0.947357
-0.720247 0.525133 -0.453299
0.231191 -0.214405 -0.948990
0.225062 -0.227732 -0.947357
-0.715238 0.533379 -0.451599
0.792333 -0.610089 -0.000191
0.791362 -0.611264 0.010111
0.225062 -0.227732 -0.947357
0.225062 -0.227732 -0.947357
0.231191 -0.214405 -0.948990
0.792333 -0.610089 -0.000191
-0.114426 -0.983302 -0.141507
0.790589 -0.612020 0.020032
0.293011 -0.091566 0.951714
0.294523 -0.107585 0.949569
0.293011 -0.091566 0.951714
0.790589 -0.612020 0.020032
-0.679388 0.574045 0.457060
-0.809748 -0.367859 0.457153
0.293011 -0.091566 0.951714
0.293011 -0.091566 0.951714
0.294523 -0.107585 0.949569
-0.679388 0.574045 0.457060
-0.739121 0.504328 -0.446489
-0.797263 0.388704 -0.461824
-0.679388 0.574045 0.457060
-0.809748 -0.367859 0.457153
-0.679388 0.574045 0.457060
-0.797263 0.388704 -0.461824
-0.739121 0.504328 -0.446489
0.080116 -0.386844 -0.918658
-0.797263 0.388704 -0.461824
0.193852 -0.276659 -0.941213
0.080116 -0.386844 -0.918658
-0.739121 0.504328 -0.446489
0.790589 -0.612020 0.020032
-0.114426 -0.983302 -0.141507
0.080116 -0.386844 -0.918658
0.080116 -0.386844 -0.918658
0.193852 -0.276659 -0.941213
0.790589 -0.612020 0.020032
0.270837 -0.156399 0.949835
0.294523 -0.107585 0.949569
0.790589 -0.612020 0.020032
0.270837 -0.156399 0.949835
0.790589 -0.612020 0.020032
0.791362 -0.611264 0.010111
-0.695154 0.557802 0.453452
-0.679388 0.574045 0.457060
0.270837 -0.156399 0.949835
0.294523 -0.107585 0.949569
0.270837 -0.156399 0.949835
-0.679388 0.574045 0.457060
-0.720247 0.525133 -0.453299
-0.739121 0.504328 -0.446489
-0.695154 0.557802 0.453452
-0.679388 0.574045 0.457060
-0.695154 0.557802 0.453452
-0.739121 0.504328 -0.446489
0.225062 -0.227732 -0.947357
0.193852 -0.276659 -0.941213
-0.720247 0.525133 -0.453299
-0.739121 0.504328 -0.446489
-0.720247 0.525133 -0.453299
0.193852 -0.276659 -0.941213
0.791362 -0.611264 0.010111
0.790589 -0.612020 0.020032
0.193852 -0.276659 -0.941213
0.193852 -0.276659 -0.941213
0.225062 -0.227732 -0.947357
0.791362 -0.611264 0.010111
0.264730 -0.170892 0.949060
0.792487 -0.609882 -0.002860
0.279242 -0.155214 0.947593
0.792487 -0.609882 -0.002860
0.264730 -0.170892 0.949060
0.792333 -0.610089 -0.000191
-0.691733 0.561723 0.453842
-0.697535 0.553678 0.454848
0.279242 -0.155214 0.947593
0.264730 -0.170892 0.949060
0.279242 -0.155214 0.947593
-0.697535 0.553678 0.454848
-0.720144 0.526067 -0.452379
-0.715238 0.533379 -0.451599
-0.691733 0.561723 0.453842
-0.697535 0.553678 0.454848
-0.691733 0.561723 0.453842
-0.715238 0.533379 -0.451599
0.220111 -0.229243 -0.948156
0.231191 -0.214405 -0.948990
-0.720144 0.526067 -0.452379
-0.715238 0.533379 -0.451599
-0.720144 0.526067 -0.452379
0.231191 -0.214405 -0.948990
0.792487 -0.609882 -0.002860
0.792333 -0.610089 -0.000191
0.231191 -0.214405 -0.948990
0.792487 -0.609882 -0.002860
0.231191 -0.214405 -0.948990
0.220111 -0.229243 -0.948156
0.277351 -0.155938 0.948029
0.792750 -0.609543 0.002290
0.261656 -0.171831 0.949742
0.792750 -0.609543 0.002290
0.277351 -0.155938 0.948029
0.791774 -0.610811 0.001717
-0.701237 0.554351 0.448288
-0.693717 0.560927 0.451794
0.261656 -0.171831 0.949742
0.277351 -0.155938 0.948029
0.261656 -0.171831 0.949742
-0.693717 0.560927 0.451794
-0.714074 0.536509 -0.449729
-0.719007 0.525810 -0.454481
-0.701237 0.554351 0.448288
-0.693717 0.560927 0.451794
-0.701237 0.554351 0.448288
-0.719007 0.525810 -0.454481
0.235442 -0.208731 -0.949209
0.223111 -0.226448 -0.948126
-0.714074 0.536509 -0.449729
-0.719007 0.525810 -0.454481
-0.714074 0.536509 -0.449729
0.223111 -0.226448 -0.948126
0.792750 -0.609543 0.002290
0.791774 -0.610811 0.001717
0.223111 -0.226448 -0.948126
0.792750 -0.609543 0.002290
0.223111 -0.226448 -0.948126
0.235442 -0.208731 -0.949209
-0.809748 -0.367859 0.457153
-0.797263 0.388704 -0.461824
0.080116 -0.386844 -0.918658
-0.809748 -0.367859 0.457153
0.080116 -0.386844 -0.918658
-0.114426 -0.983302 -0.141507
0.795169 -0.606388 0.000000
0.798279 -0.601712 -0.026311
0.187673 -0.239931 0.952477
0.177562 -0.247557 0.952464
0.187673 -0.239931 0.952477
0.798279 -0.601712 -0.026311
0.177562 -0.247557 0.952464
-0.743091 0.531760 0.406259
0.187673 -0.239931 0.952477
-0.743091 0.531760 0.406259
0.177562 -0.247557 0.952464
-0.764859 0.554804 0.327388
-0.764859 0.554804 0.327388
-0.696530 0.586672 -0.413112
-0.743091 0.531760 0.406259
-0.696530 0.586672 -0.413112
-0.764859 0.554804 0.327388
-0.683227 0.590693 -0.429282
-0.683227 0.590693 -0.429282
0.290644 -0.109850 -0.950505
-0.696530 0.586672 -0.413112
0.269276 -0.066365 -0.960774
0.290644 -0.109850 -0.950505
-0.683227 0.590693 -0.429282
0.290644 -0.109850 -0.950505
0.798279 -0.601712 -0.026311
0.795169 -0.606388 0.000000
0.798279 -0.601712 -0.026311
0.290644 -0.109850 -0.950505
0.269276 -0.066365 -0.960774
0.213276 -0.232734 0.948867
0.795169 -0.606388 0.000000
0.187673 -0.239931 0.952477
0.795169 -0.606388 0.000000
0.213276 -0.232734 0.948867
0.792375 -0.610018 0.004578
0.187673 -0.239931 0.952477
-0.724042 0.524911 0.447472
0.213276 -0.232734 0.948867
-0.724042 0.524911 0.447472
0.187673 -0.239931 0.952477
-0.743091 0.531760 0.406259
-0.743091 0.531760 0.406259
-0.691710 0.566188 -0.448295
-0.724042 0.524911 0.447472
-0.691710 0.566188 -0.448295
-0.743091 0.531760 0.406259
-0.696530 0.586672 -0.413112
-0.696530 0.586672 -0.413112
0.283429 -0.147627 -0.947562
-0.691710 0.566188 -0.448295
0.290644 -0.109850 -0.950505
0.283429 -0.147627 -0.947562
-0.696530 0.586672 -0.413112
0.795169 -0.606388 0.000000
0.792375 -0.610018 0.004578
0.283429 -0.147627 -0.947562
0.283429 -0.147627 -0.947562
0.290644 -0.109850 -0.950505
0.795169 -0.606388 0.000000
0.233485 -0.214362 0.948438
0.791821 -0.610751 0.001526
0.231946 -0.214588 0.948764
0.791821 -0.610751 0.001526
0.233485 -0.214362 0.948438
0.792284 -0.610147 -0.002671
0.231946 -0.214588 0.948764
-0.713889 0.532986 0.454189
0.233485 -0.214362 0.948438
-0.713889 0.532986 0.454189
0.231946 -0.214588 0.948764
-0.715463 0.532591 0.452173
-0.715463 0.532591 0.452173
-0.697901 0.554476 -0.453311
-0.713889 0.532986 0.454189
-0.697901 0.554476 -0.453311
-0.715463 0.532591 0.452173
-0.696921 0.554369 -0.454945
-0.696921 0.554369 -0.454945
0.264755 -0.170336 -0.949152
-0.697901 0.554476 -0.453311
0.268162 -0.167649 -0.948675
0.264755 -0.170336 -0.949152
-0.696921 0.554369 -0.454945
0.791821 -0.610751 0.001526
0.792284 -0.610147 -0.002671
0.264755 -0.170336 -0.949152
0.264755 -0.170336 -0.949152
0.268162 -0.167649 -0.948675
0.791821 -0.610751 0.001526
0.224354 -0.215196 0.950450
0.792241 -0.610209 -0.000382
0.218942 -0.230004 0.948242
0.792241 -0.610209 -0.000382
0.224354 -0.215196 0.950450
0.790994 -0.611743 0.009916
0.218942 -0.230004 0.948242
-0.717021 0.529375 0.453478
0.224354 -0.215196 0.950450
-0.717021 0.529375 0.453478
0.218942 -0.230004 0.948242
-0.719542 0.525159 0.454387
-0.719542 0.525159 0.454387
-0.698706 0.553015 -0.453854
-0.717021 0.529375 0.453478
-0.698706 0.553015 -0.453854
-0.719542 0.525159 0.454387
-0.693391 0.561807 -0.451200
-0.693391 0.561807 -0.451200
0.270887 -0.168637 -0.947724
-0.698706 0.553015 -0.453854
0.276927 -0.155247 -0.948267
0.270887 -0.168637 -0.947724
-0.693391 0.561807 -0.451200
0.792241 -0.610209 -0.000382
0.790994 -0.611743 0.009916
0.270887 -0.168637 -0.947724
0.270887 -0.168637 -0.947724
0.276927 -0.155247 -0.948267
0.792241 -0.610209 -0.000382
-0.107536 -0.972399 -0.207064
0.788627 -0.614564 0.019468
0.247223 -0.150318 0.957228
0.247270 -0.167518 0.954356
0.247223 -0.150318 0.957228
0.788627 -0.614564 0.019468
-0.702171 0.544564 0.458701
-0.830109 -0.394855 0.393711
0.247223 -0.150318 0.957228
0.247223 -0.150318 0.957228
0.247270 -0.167518 0.954356
-0.702171 0.544564 0.458701
-0.830109 -0.394855 0.393711
-0.702171 0.544564 0.458701
-0.775592 0.416804 -0.474058
-0.775592 0.416804 -0.474058
-0.702171 0.544564 0.458701
-0.718125 0.531916 -0.448733
-0.718125 0.531916 -0.448733
0.125097 -0.330285 -0.935555
-0.775592 0.416804 -0.474058
0.241000 -0.218120 -0.945697
0.125097 -0.330285 -0.935555
-0.718125 0.531916 -0.448733
0.788627 -0.614564 0.019468
-0.107536 -0.972399 -0.207064
0.125097 -0.330285 -0.935555
0.125097 -0.330285 -0.935555
0.241000 -0.218120 -0.945697
0.788627 -0.614564 0.019468
0.224354 -0.215196 0.950450
0.247270 -0.167518 0.954356
0.788627 -0.614564 0.019468
0.224354 -0.215196 0.950450
0.788627 -0.614564 0.019468
0.790994 -0.611743 0.009916
-0.717021 0.529375 0.453478
-0.702171 0.544564 0.458701
0.224354 -0.215196 0.950450
0.247270 -0.167518 0.954356
0.224354 -0.215196 0.950450
-0.702171 0.544564 0.458701
-0.698706 0.553015 -0.453854
-0.718125 0.531916 -0.448733
-0.717021 0.529375 0.453478
-0.702171 0.544564 0.458701
-0.717021 0.529375 0.453478
-0.718125 0.531916 -0.448733
0.270887 -0.168637 -0.947724
0.241000 -0.218120 -0.945697
-0.698706 0.553015 -0.453854
-0.718125 0.531916 -0.448733
-0.698706 0.553015 -0.453854
0.241000 -0.218120 -0.945697
0.790994 -0.611743 0.009916
0.788627 -0.614564 0.019468
0.241000 -0.218120 -0.945697
0.241000 -0.218120 -0.945697
0.270887 -0.168637 -0.947724
0.790994 -0.611743 0.009916
0.218942 -0.230004 0.948242
0.792284 -0.610147 -0.002671
0.233485 -0.214362 0.948438
0.792284 -0.610147 -0.002671
0.218942 -0.230004 0.948242
0.792241 -0.610209 -0.000382
-0.713889 0.532986 0.454189
-0.719542 0.525159 0.454387
0.233485 -0.214362 0.948438
0.218942 -0.230004 0.948242
0.233485 -0.214362 0.948438
-0.719542 0.525159 0.454387
-0.697901 0.554476 -0.453311
-0.693391 0.561807 -0.451200
-0.713889 0.532986 0.454189
-0.719542 0.525159 0.454387
-0.713889 0.532986 0.454189
-0.693391 0.561807 -0.451200
0.264755 -0.170336 -0.949152
0.276927 -0.155247 -0.948267
-0.697901 0.554476 -0.453311
-0.693391 0.561807 -0.451200
-0.697901 0.554476 -0.453311
0.276927 -0.155247 -0.948267
0.792284 -0.610147 -0.002671
0.792241 -0.610209 -0.000382
0.276927 -0.155247 -0.948267
0.276927 -0.155247 -0.948267
0.264755 -0.170336 -0.949152
0.792284 -0.610147 -0.002671
0.231946 -0.214588 0.948764
0.792375 -0.610018 0.004578
0.213276 -0.232734 0.948867
0.792375 -0.610018 0.004578
0.231946 -0.214588 0.948764
0.791821 -0.610751 0.001526
-0.724042 0.524911 0.447472
-0.715463 0.532591 0.452173
0.213276 -0.232734 0.948867
0.231946 -0.214588 0.948764
0.213276 -0.232734 0.948867
-0.715463 0.532591 0.452173
-0.691710 0.566188 -0.448295
-0.696921 0.554369 -0.454945
-0.724042 0.524911 0.447472
-0.715463 0.532591 0.452173
-0.724042 0.524911 0.447472
-0.696921 0.554369 -0.454945
0.283429 -0.147627 -0.947562
0.268162 -0.167649 -0.948675
-0.691710 0.566188 -0.448295
-0.696921 0.554369 -0.454945
-0.691710 0.566188 -0.448295
0.268162 -0.167649 -0.948675
0.792375 -0.610018 0.004578
0.791821 -0.610751 0.001526
0.268162 -0.167649 -0.948675
0.268162 -0.167649 -0.948675
0.283429 -0.147627 -0.947562
0.792375 -0.610018 0.004578
-0.775592 0.416804 -0.474058
-0.107536 -0.972399 -0.207064
-0.830109 -0.394855 0.393711
-0.107536 -0.972399 -0.207064
-0.775592 0.416804 -0.474058
0.125097 -0.330285 -0.935555
0.794052 -0.607845 0.002289
0.798966 -0.601036 -0.020213
0.136189 -0.305947 0.942257
0.136189 -0.305947 0.942257
0.798966 -0.601036 -0.020213
0.118624 -0.318111 0.940603
0.136189 -0.305947 0.942257
0.118624 -0.318111 0.940603
-0.765671 0.503580 0.400194
-0.765671 0.503580 0.400194
0.118624 -0.318111 0.940603
-0.783804 0.528257 0.326490
-0.783804 0.528257 0.326490
-0.674673 0.614795 -0.408465
-0.765671 0.503580 0.400194
-0.674673 0.614795 -0.408465
-0.783804 0.528257 0.326490
-0.661234 0.623482 -0.417180
-0.661234 0.623482 -0.417180
0.341793 -0.043106 -0.938786
-0.674673 0.614795 -0.408465
0.327306 0.003052 -0.944914
0.341793 -0.043106 -0.938786
-0.661234 0.623482 -0.417180
0.341793 -0.043106 -0.938786
0.798966 -0.601036 -0.020213
0.794052 -0.607845 0.002289
0.798966 -0.601036 -0.020213
0.341793 -0.043106 -0.938786
0.327306 0.003052 -0.944914
0.166333 -0.292990 0.941536
0.794052 -0.607845 0.002289
0.136189 -0.305947 0.942257
0.794052 -0.607845 0.002289
0.166333 -0.292990 0.941536
0.791809 -0.610742 0.005724
0.136189 -0.305947 0.942257
-0.745764 0.496667 0.444025
0.166333 -0.292990 0.941536
-0.745764 0.496667 0.444025
0.136189 -0.305947 0.942257
-0.765671 0.503580 0.400194
-0.765671 0.503580 0.400194
-0.670144 0.594242 -0.444728
-0.745764 0.496667 0.444025
-0.670144 0.594242 -0.444728
-0.765671 0.503580 0.400194
-0.674673 0.614795 -0.408465
-0.674673 0.614795 -0.408465
0.330294 -0.087913 -0.939775
-0.670144 0.594242 -0.444728
0.341793 -0.043106 -0.938786
0.330294 -0.087913 -0.939775
-0.674673 0.614795 -0.408465
0.794052 -0.607845 0.002289
0.791809 -0.610742 0.005724
0.330294 -0.087913 -0.939775
0.330294 -0.087913 -0.939775
0.341793 -0.043106 -0.938786
0.794052 -0.607845 0.002289
0.188462 -0.272726 0.943453
0.791682 -0.610931 0.001526
0.187636 -0.273064 0.943519
0.791682 -0.610931 0.001526
0.188462 -0.272726 0.943453
0.792426 -0.609962 -0.002671
0.187636 -0.273064 0.943519
-0.735512 0.505188 0.451450
0.188462 -0.272726 0.943453
-0.735512 0.505188 0.451450
0.187636 -0.273064 0.943519
-0.737279 0.504520 0.449309
-0.737279 0.504520 0.449309
-0.676535 0.582429 -0.450642
-0.735512 0.505188 0.451450
-0.676535 0.582429 -0.450642
-0.737279 0.504520 0.449309
-0.675557 0.582196 -0.452406
-0.675557 0.582196 -0.452406
0.309780 -0.111756 -0.944218
-0.676535 0.582429 -0.450642
0.312497 -0.109412 -0.943597
0.309780 -0.111756 -0.944218
-0.675557 0.582196 -0.452406
0.791682 -0.610931 0.001526
0.792426 -0.609962 -0.002671
0.309780 -0.111756 -0.944218
0.309780 -0.111756 -0.944218
0.312497 -0.109412 -0.943597
0.791682 -0.610931 0.001526
0.180748 -0.274173 0.944542
0.792525 -0.609840 -0.000381
0.173916 -0.288143 0.941662
0.792525 -0.609840 -0.000381
0.180748 -0.274173 0.944542
0.790345 -0.612594 0.009155
0.173916 -0.288143 0.941662
-0.738518 0.501628 0.450511
0.180748 -0.274173 0.944542
-0.738518 0.501628 0.450511
0.173916 -0.288143 0.941662
-0.740780 0.497605 0.451258
-0.740780 0.497605 0.451258
-0.676335 0.581679 -0.451908
-0.738518 0.501628 0.450511
-0.676335 0.581679 -0.451908
-0.740780 0.497605 0.451258
-0.671448 0.589806 -0.448649
-0.671448 0.589806 -0.448649
0.314374 -0.111404 -0.942740
-0.676335 0.581679 -0.451908
0.322624 -0.096863 -0.941558
0.314374 -0.111404 -0.942740
-0.671448 0.589806 -0.448649
0.792525 -0.609840 -0.000381
0.790345 -0.612594 0.009155
0.314374 -0.111404 -0.942740
0.314374 -0.111404 -0.942740
0.322624 -0.096863 -0.941558
0.792525 -0.609840 -0.000381
-0.094608 -0.957527 -0.272380
0.787603 -0.615887 0.019080
0.200693 -0.209850 0.956915
0.202884 -0.226528 0.952640
0.200693 -0.209850 0.956915
0.787603 -0.615887 0.019080
-0.723941 0.516828 0.456945
-0.847198 -0.417117 0.329042
0.200693 -0.209850 0.956915
0.200693 -0.209850 0.956915
0.202884 -0.226528 0.952640
-0.723941 0.516828 0.456945
-0.847198 -0.417117 0.329042
-0.723941 0.516828 0.456945
-0.752280 0.446785 -0.484209
-0.752280 0.446785 -0.484209
-0.723941 0.516828 0.456945
-0.696998 0.558971 -0.449160
-0.696998 0.558971 -0.449160
0.169343 -0.271559 -0.947406
-0.752280 0.446785 -0.484209
0.285402 -0.159108 -0.945109
0.169343 -0.271559 -0.947406
-0.696998 0.558971 -0.449160
0.787603 -0.615887 0.019080
-0.094608 -0.957527 -0.272380
0.169343 -0.271559 -0.947406
0.169343 -0.271559 -0.947406
0.285402 -0.159108 -0.945109
0.787603 -0.615887 0.019080
0.202884 -0.226528 0.952640
0.790345 -0.612594 0.009155
0.180748 -0.274173 0.944542
0.790345 -0.612594 0.009155
0.202884 -0.226528 0.952640
0.787603 -0.615887 0.019080
-0.738518 0.501628 0.450511
-0.723941 0.516828 0.456945
0.180748 -0.274173 0.944542
0.202884 -0.226528 0.952640
0.180748 -0.274173 0.944542
-0.723941 0.516828 0.456945
-0.676335 0.581679 -0.451908
-0.696998 0.558971 -0.449160
-0.738518 0.501628 0.450511
-0.723941 0.516828 0.456945
-0.738518 0.501628 0.450511
-0.696998 0.558971 -0.449160
0.314374 -0.111404 -0.942740
0.285402 -0.159108 -0.945109
-0.676335 0.581679 -0.451908
-0.696998 0.558971 -0.449160
-0.676335 0.581679 -0.451908
0.285402 -0.159108 -0.945109
0.790345 -0.612594 0.009155
0.787603 -0.615887 0.019080
0.285402 -0.159108 -0.945109
0.285402 -0.159108 -0.945109
0.314374 -0.111404 -0.942740
0.790345 -0.612594 0.009155
0.173916 -0.288143 0.941662
0.792426 -0.609962 -0.002671
0.188462 -0.272726 0.943453
0.792426 -0.609962 -0.002671
0.173916 -0.288143 0.941662
0.792525 -0.609840 -0.000381
-0.735512 0.505188 0.451450
-0.740780 0.497605 0.451258
0.188462 -0.272726 0.943453
0.173916 -0.288143 0.941662
0.188462 -0.272726 0.943453
-0.740780 0.497605 0.451258
-0.676535 0.582429 -0.450642
-0.671448 0.589806 -0.448649
-0.735512 0.505188 0.451450
-0.740780 0.497605 0.451258
-0.735512 0.505188 0.451450
-0.671448 0.589806 -0.448649
0.309780 -0.111756 -0.944218
0.322624 -0.096863 -0.941558
-0.676535 0.582429 -0.450642
-0.671448 0.589806 -0.448649
-0.676535 0.582429 -0.450642
0.322624 -0.096863 -0.941558
0.792426 -0.609962 -0.002671
0.792525 -0.609840 -0.000381
0.322624 -0.096863 -0.941558
0.322624 -0.096863 -0.941558
0.309780 -0.111756 -0.944218
0.792426 -0.609962 -0.002671
0.187636 -0.273064 0.943519
0.791809 -0.610742 0.005724
0.166333 -0.292990 0.941536
0.791809 -0.610742 0.005724
0.187636 -0.273064 0.943519
0.791682 -0.610931 0.001526
-0.745764 0.496667 0.444025
-0.737279 0.504520 0.449309
0.166333 -0.292990 0.941536
0.187636 -0.273064 0.943519
0.166333 -0.292990 0.941536
-0.737279 0.504520 0.449309
-0.670144 0.594242 -0.444728
-0.675557 0.582196 -0.452406
-0.745764 0.496667 0.444025
-0.737279 0.504520 0.449309
-0.745764 0.496667 0.444025
-0.675557 0.582196 -0.452406
0.330294 -0.087913 -0.939775
0.312497 -0.109412 -0.943597
-0.670144 0.594242 -0.444728
-0.675557 0.582196 -0.452406
-0.670144 0.594242 -0.444728
0.312497 -0.109412 -0.943597
0.791809 -0.610742 0.005724
0.791682 -0.610931 0.001526
0.312497 -0.109412 -0.943597
0.312497 -0.109412 -0.943597
0.330294 -0.087913 -0.939775
0.791809 -0.610742 0.005724
-0.752280 0.446785 -0.484209
-0.094608 -0.957527 -0.272380
-0.847198 -0.417117 0.329042
-0.094608 -0.957527 -0.272380
-0.752280 0.446785 -0.484209
0.169343 -0.271559 -0.947406
0.794747 -0.606939 0.001527
0.802426 -0.596382 -0.020986
0.046717 -0.423697 0.904598
0.046717 -0.423697 0.904598
0.802426 -0.596382 -0.020986
0.034531 -0.431158 0.901616
0.046717 -0.423697 0.904598
0.034531 -0.431158 0.901616
-0.803477 0.453732 0.385425
-0.803477 0.453732 0.385425
0.034531 -0.431158 0.901616
-0.813797 0.490529 0.311634
-0.813797 0.490529 0.311634
-0.635060 0.666155 -0.391070
-0.803477 0.453732 0.385425
-0.635060 0.666155 -0.391070
-0.813797 0.490529 0.311634
-0.619993 0.674171 -0.401374
-0.619993 0.674171 -0.401374
0.432214 0.073625 -0.898761
-0.635060 0.666155 -0.391070
0.414260 0.120540 -0.902141
0.432214 0.073625 -0.898761
-0.619993 0.674171 -0.401374
0.432214 0.073625 -0.898761
0.802426 -0.596382 -0.020986
0.794747 -0.606939 0.001527
0.802426 -0.596382 -0.020986
0.432214 0.073625 -0.898761
0.414260 0.120540 -0.902141
0.073626 -0.414289 0.907163
0.794747 -0.606939 0.001527
0.046717 -0.423697 0.904598
0.794747 -0.606939 0.001527
0.073626 -0.414289 0.907163
0.791535 -0.611103 0.004959
0.046717 -0.423697 0.904598
-0.789979 0.439047 0.427985
0.073626 -0.414289 0.907163
-0.789979 0.439047 0.427985
0.046717 -0.423697 0.904598
-0.803477 0.453732 0.385425
-0.789979 0.439047 0.427985
-0.635060 0.666155 -0.391070
-0.626201 0.651752 -0.427891
-0.635060 0.666155 -0.391070
-0.789979 0.439047 0.427985
-0.803477 0.453732 0.385425
-0.635060 0.666155 -0.391070
0.423453 0.034143 -0.905274
-0.626201 0.651752 -0.427891
0.432214 0.073625 -0.898761
0.423453 0.034143 -0.905274
-0.635060 0.666155 -0.391070
0.794747 -0.606939 0.001527
0.791535 -0.611103 0.004959
0.423453 0.034143 -0.905274
0.423453 0.034143 -0.905274
0.432214 0.073625 -0.898761
0.794747 -0.606939 0.001527
0.093152 -0.396732 0.913196
0.791686 -0.610925 0.001907
0.091563 -0.396772 0.913339
0.791686 -0.610925 0.001907
0.093152 -0.396732 0.913196
0.793244 -0.608900 -0.002288
0.091563 -0.396772 0.913339
-0.780726 0.446361 0.437298
0.093152 -0.396732 0.913196
-0.780726 0.446361 0.437298
0.091563 -0.396772 0.913339
-0.782348 0.445912 0.434850
-0.782348 0.445912 0.434850
-0.630963 0.641430 -0.436410
-0.780726 0.446361 0.437298
-0.630963 0.641430 -0.436410
-0.782348 0.445912 0.434850
-0.629738 0.641371 -0.438261
-0.629738 0.641371 -0.438261
0.405827 0.011872 -0.913873
-0.630963 0.641430 -0.436410
0.408150 0.014114 -0.912806
0.405827 0.011872 -0.913873
-0.629738 0.641371 -0.438261
0.791686 -0.610925 0.001907
0.793244 -0.608900 -0.002288
0.405827 0.011872 -0.913873
0.405827 0.011872 -0.913873
0.408150 0.014114 -0.912806
0.791686 -0.610925 0.001907
0.085426 -0.397192 0.913751
0.792617 -0.609720 0.000000
0.079352 -0.411449 0.907972
0.792617 -0.609720 0.000000
0.085426 -0.397192 0.913751
0.789124 -0.614166 0.009158
0.085426 -0.397192 0.913751
0.079352 -0.411449 0.907972
-0.783431 0.442875 0.436003
-0.783431 0.442875 0.436003
0.079352 -0.411449 0.907972
-0.786185 0.438890 0.435073
-0.786185 0.438890 0.435073
-0.630669 0.640977 -0.437498
-0.783431 0.442875 0.436003
-0.630669 0.640977 -0.437498
-0.786185 0.438890 0.435073
-0.626443 0.648380 -0.432635
-0.626443 0.648380 -0.432635
0.409855 0.012784 -0.912061
-0.630669 0.640977 -0.437498
0.415961 0.026045 -0.909009
0.409855 0.012784 -0.912061
-0.626443 0.648380 -0.432635
0.792617 -0.609720 0.000000
0.789124 -0.614166 0.009158
0.409855 0.012784 -0.912061
0.409855 0.012784 -0.912061
0.415961 0.026045 -0.909009
0.792617 -0.609720 0.000000
-0.060259 -0.912654 -0.404268
0.785932 -0.618063 0.017550
0.106788 -0.335621 0.935925
0.106788 -0.335621 0.935925
0.785932 -0.618063 0.017550
0.107577 -0.351342 0.930046
-0.769371 0.457578 0.445747
-0.873104 -0.451816 0.183169
0.106788 -0.335621 0.935925
0.106788 -0.335621 0.935925
0.107577 -0.351342 0.930046
-0.769371 0.457578 0.445747
-0.873104 -0.451816 0.183169
-0.769371 0.457578 0.445747
-0.702062 0.512429 -0.494496
-0.702062 0.512429 -0.494496
-0.769371 0.457578 0.445747
-0.651986 0.618052 -0.439233
-0.651986 0.618052 -0.439233
0.267011 -0.144186 -0.952846
-0.702062 0.512429 -0.494496
0.381392 -0.035469 -0.923733
0.267011 -0.144186 -0.952846
-0.651986 0.618052 -0.439233
0.785932 -0.618063 0.017550
-0.060259 -0.912654 -0.404268
0.267011 -0.144186 -0.952846
0.267011 -0.144186 -0.952846
0.381392 -0.035469 -0.923733
0.785932 -0.618063 0.017550
0.107577 -0.351342 0.930046
0.789124 -0.614166 0.009158
0.085426 -0.397192 0.913751
0.789124 -0.614166 0.009158
0.107577 -0.351342 0.930046
0.785932 -0.618063 0.017550
-0.783431 0.442875 0.436003
-0.769371 0.457578 0.445747
0.085426 -0.397192 0.913751
0.107577 -0.351342 0.930046
0.085426 -0.397192 0.913751
-0.769371 0.457578 0.445747
-0.630669 0.640977 -0.437498
-0.651986 0.618052 -0.439233
-0.783431 0.442875 0.436003
-0.769371 0.457578 0.445747
-0.783431 0.442875 0.436003
-0.651986 0.618052 -0.439233
0.409855 0.012784 -0.912061
0.381392 -0.035469 -0.923733
-0.630669 0.640977 -0.437498
-0.651986 0.618052 -0.439233
-0.630669 0.640977 -0.437498
0.381392 -0.035469 -0.923733
0.789124 -0.614166 0.009158
0.785932 -0.618063 0.017550
0.381392 -0.035469 -0.923733
0.381392 -0.035469 -0.923733
0.409855 0.012784 -0.912061
0.789124 -0.614166 0.009158
0.079352 -0.411449 0.907972
0.793244 -0.608900 -0.002288
0.093152 -0.396732 0.913196
0.793244 -0.608900 -0.002288
0.079352 -0.411449 0.907972
0.792617 -0.609720 0.000000
-0.780726 0.446361 0.437298
-0.786185 0.438890 0.435073
0.093152 -0.396732 0.913196
0.079352 -0.411449 0.907972
0.093152 -0.396732 0.913196
-0.786185 0.438890 0.435073
-0.630963 0.641430 -0.436410
-0.786185 0.438890 0.435073
-0.780726 0.446361 0.437298
-0.786185 0.438890 0.435073
-0.630963 0.641430 -0.436410
-0.626443 0.648380 -0.432635
0.405827 0.011872 -0.913873
0.415961 0.026045 -0.909009
-0.630963 0.641430 -0.436410
-0.626443 0.648380 -0.432635
-0.630963 0.641430 -0.436410
0.415961 0.026045 -0.909009
0.793244 -0.608900 -0.002288
0.792617 -0.609720 0.000000
0.415961 0.026045 -0.909009
0.415961 0.026045 -0.909009
0.405827 0.011872 -0.913873
0.793244 -0.608900 -0.002288
0.091563 -0.396772 0.913339
0.791535 -0.611103 0.004959
0.073626 -0.414289 0.907163
0.791535 -0.611103 0.004959
0.091563 -0.396772 0.913339
0.791686 -0.610925 0.001907
-0.789979 0.439047 0.427985
-0.782348 0.445912 0.434850
0.073626 -0.414289 0.907163
0.091563 -0.396772 0.913339
0.073626 -0.414289 0.907163
-0.782348 0.445912 0.434850
-0.626201 0.651752 -0.427891
-0.629738 0.641371 -0.438261
-0.789979 0.439047 0.427985
-0.782348 0.445912 0.434850
-0.789979 0.439047 0.427985
-0.629738 0.641371 -0.438261
0.423453 0.034143 -0.905274
0.408150 0.014114 -0.912806
-0.626201 0.651752 -0.427891
-0.629738 0.641371 -0.438261
-0.626201 0.651752 -0.427891
0.408150 0.014114 -0.912806
0.791535 -0.611103 0.004959
0.791686 -0.610925 0.001907
0.408150 0.014114 -0.912806
0.408150 0.014114 -0.912806
0.423453 0.034143 -0.905274
0.791535 -0.611103 0.004959
-0.702062 0.512429 -0.494496
-0.060259 -0.912654 -0.404268
-0.873104 -0.451816 0.183169
-0.060259 -0.912654 -0.404268
-0.702062 0.512429 -0.494496
0.267011 -0.144186 -0.952846
0.794008 -0.607900 0.003051
0.803981 -0.594496 -0.013737
-0.072657 -0.578583 0.812381
-0.072657 -0.578583 0.812381
0.803981 -0.594496 -0.013737
-0.090028 -0.588615 0.803385
-0.072657 -0.578583 0.812381
-0.090028 -0.588615 0.803385
-0.854552 0.388537 0.344645
-0.855998 0.434387 0.280311
-0.854552 0.388537 0.344645
-0.090028 -0.588615 0.803385
-0.854552 0.388537 0.344645
-0.568887 0.743504 -0.351523
-0.583482 0.732976 -0.349708
-0.568887 0.743504 -0.351523
-0.854552 0.388537 0.344645
-0.855998 0.434387 0.280311
-0.583482 0.732976 -0.349708
-0.568887 0.743504 -0.351523
0.550768 0.227483 -0.803060
0.536971 0.276593 -0.796968
0.550768 0.227483 -0.803060
-0.568887 0.743504 -0.351523
0.550768 0.227483 -0.803060
0.803981 -0.594496 -0.013737
0.794008 -0.607900 0.003051
0.803981 -0.594496 -0.013737
0.550768 0.227483 -0.803060
0.536971 0.276593 -0.796968
-0.048455 -0.578026 0.814578
0.794008 -0.607900 0.003051
-0.072657 -0.578583 0.812381
0.794008 -0.607900 0.003051
-0.048455 -0.578026 0.814578
0.793682 -0.608325 -0.003051
-0.048455 -0.578026 0.814578
-0.072657 -0.578583 0.812381
-0.848512 0.364520 0.383605
-0.854552 0.388537 0.344645
-0.848512 0.364520 0.383605
-0.072657 -0.578583 0.812381
-0.848512 0.364520 0.383605
-0.583482 0.732976 -0.349708
-0.566422 0.728529 -0.385243
-0.583482 0.732976 -0.349708
-0.848512 0.364520 0.383605
-0.854552 0.388537 0.344645
-0.566422 0.728529 -0.385243
-0.583482 0.732976 -0.349708
0.545166 0.196855 -0.814888
0.550768 0.227483 -0.803060
0.545166 0.196855 -0.814888
-0.583482 0.732976 -0.349708
0.794008 -0.607900 0.003051
0.793682 -0.608325 -0.003051
0.545166 0.196855 -0.814888
0.545166 0.196855 -0.814888
0.550768 0.227483 -0.803060
0.794008 -0.607900 0.003051
-0.090793 -0.628017 0.772885
0.794101 -0.607781 -0.002288
-0.075899 -0.611007 0.787978
0.794101 -0.607781 -0.002288
-0.090793 -0.628017 0.772885
0.789800 -0.613335 0.006105
-0.090793 -0.628017 0.772885
-0.075899 -0.611007 0.787978
-0.867034 0.336386 0.367555
-0.859345 0.340840 0.381253
-0.867034 0.336386 0.367555
-0.075899 -0.611007 0.787978
-0.867034 0.336386 0.367555
-0.557401 0.743202 -0.370075
-0.547434 0.751339 -0.368517
-0.557401 0.743202 -0.370075
-0.867034 0.336386 0.367555
-0.859345 0.340840 0.381253
-0.547434 0.751339 -0.368517
-0.557401 0.743202 -0.370075
0.585625 0.241690 -0.773712
0.569331 0.224415 -0.790886
0.585625 0.241690 -0.773712
-0.557401 0.743202 -0.370075
0.789800 -0.613335 0.006105
0.569331 0.224415 -0.790886
0.794101 -0.607781 -0.002288
0.569331 0.224415 -0.790886
0.789800 -0.613335 0.006105
0.585625 0.241690 -0.773712
0.038911 -0.819708 -0.571459
0.778620 -0.627157 0.020600
-0.020599 -0.525318 0.850656
-0.020599 -0.525318 0.850656
0.778620 -0.627157 0.020600
-0.042337 -0.564093 0.824625
-0.847296 0.350508 0.399042
-0.881424 -0.467851 -0.064867
-0.020599 -0.525318 0.850656
-0.020599 -0.525318 0.850656
-0.042337 -0.564093 0.824625
-0.847296 0.350508 0.399042
-0.881424 -0.467851 -0.064867
-0.847296 0.350508 0.399042
-0.629655 0.605948 -0.486170
-0.629655 0.605948 -0.486170
-0.847296 0.350508 0.399042
-0.573350 0.714019 -0.401803
-0.573350 0.714019 -0.401803
0.421869 0.025652 -0.906294
-0.629655 0.605948 -0.486170
0.539099 0.170209 -0.824864
0.421869 0.025652 -0.906294
-0.573350 0.714019 -0.401803
0.778620 -0.627157 0.020600
0.038911 -0.819708 -0.571459
0.421869 0.025652 -0.906294
0.421869 0.025652 -0.906294
0.539099 0.170209 -0.824864
0.778620 -0.627157 0.020600
-0.042337 -0.564093 0.824625
0.789800 -0.613335 0.006105
-0.090793 -0.628017 0.772885
0.789800 -0.613335 0.006105
-0.042337 -0.564093 0.824625
0.778620 -0.627157 0.020600
-0.847296 0.350508 0.399042
-0.090793 -0.628017 0.772885
-0.867034 0.336386 0.367555
-0.042337 -0.564093 0.824625
-0.090793 -0.628017 0.772885
-0.847296 0.350508 0.399042
-0.847296 0.350508 0.399042
-0.547434 0.751339 -0.368517
-0.573350 0.714019 -0.401803
-0.547434 0.751339 -0.368517
-0.847296 0.350508 0.399042
-0.867034 0.336386 0.367555
0.539099 0.170209 -0.824864
-0.547434 0.751339 -0.368517
0.585625 0.241690 -0.773712
-0.573350 0.714019 -0.401803
-0.547434 0.751339 -0.368517
0.539099 0.170209 -0.824864
0.778620 -0.627157 0.020600
0.585625 0.241690 -0.773712
0.789800 -0.613335 0.006105
0.585625 0.241690 -0.773712
0.778620 -0.627157 0.020600
0.539099 0.170209 -0.824864
-0.075899 -0.611007 0.787978
0.793682 -0.608325 -0.003051
-0.048455 -0.578026 0.814578
0.793682 -0.608325 -0.003051
-0.075899 -0.611007 0.787978
0.794101 -0.607781 -0.002288
-0.859345 0.340840 0.381253
-0.048455 -0.578026 0.814578
-0.848512 0.364520 0.383605
-0.075899 -0.611007 0.787978
-0.048455 -0.578026 0.814578
-0.859345 0.340840 0.381253
-0.859345 0.340840 0.381253
-0.566422 0.728529 -0.385243
-0.557401 0.743202 -0.370075
-0.566422 0.728529 -0.385243
-0.859345 0.340840 0.381253
-0.848512 0.364520 0.383605
0.545166 0.196855 -0.814888
0.569331 0.224415 -0.790886
-0.566422 0.728529 -0.385243
-0.557401 0.743202 -0.370075
-0.566422 0.728529 -0.385243
0.569331 0.224415 -0.790886
0.793682 -0.608325 -0.003051
0.794101 -0.607781 -0.002288
0.569331 0.224415 -0.790886
0.569331 0.224415 -0.790886
0.545166 0.196855 -0.814888
0.793682 -0.608325 -0.003051
-0.218893 -0.748966 0.625409
-0.196465 -0.737413 0.646238
0.802982 -0.595989 -0.004197
0.802982 -0.595989 -0.004197
-0.196465 -0.737413 0.646238
0.792703 -0.609596 0.003815
-0.196465 -0.737413 0.646238
-0.218893 -0.748966 0.625409
-0.906922 0.321325 0.272477
-0.900375 0.374648 0.221279
-0.906922 0.321325 0.272477
-0.218893 -0.748966 0.625409
-0.906922 0.321325 0.272477
-0.519664 0.811928 -0.265937
-0.530761 0.801199 -0.276355
-0.519664 0.811928 -0.265937
-0.906922 0.321325 0.272477
-0.900375 0.374648 0.221279
-0.530761 0.801199 -0.276355
-0.519664 0.811928 -0.265937
0.672058 0.384960 -0.632570
0.662746 0.431786 -0.611824
0.672058 0.384960 -0.632570
-0.519664 0.811928 -0.265937
0.672058 0.384960 -0.632570
0.802982 -0.595989 -0.004197
0.792703 -0.609596 0.003815
0.802982 -0.595989 -0.004197
0.672058 0.384960 -0.632570
0.662746 0.431786 -0.611824
0.792703 -0.609596 0.003815
-0.169686 -0.735560 0.655865
0.793869 -0.608086 -0.001526
-0.169686 -0.735560 0.655865
0.792703 -0.609596 0.003815
-0.196465 -0.737413 0.646238
-0.169686 -0.735560 0.655865
-0.196465 -0.737413 0.646238
-0.905734 0.290216 0.308903
-0.906922 0.321325 0.272477
-0.905734 0.290216 0.308903
-0.196465 -0.737413 0.646238
-0.905734 0.290216 0.308903
-0.530761 0.801199 -0.276355
-0.508926 0.803227 -0.309549
-0.530761 0.801199 -0.276355
-0.905734 0.290216 0.308903
-0.906922 0.321325 0.272477
-0.508926 0.803227 -0.309549
-0.530761 0.801199 -0.276355
0.666990 0.354100 -0.655543
0.672058 0.384960 -0.632570
0.666990 0.354100 -0.655543
-0.530761 0.801199 -0.276355
0.792703 -0.609596 0.003815
0.793869 -0.608086 -0.001526
0.666990 0.354100 -0.655543
0.666990 0.354100 -0.655543
0.672058 0.384960 -0.632570
0.792703 -0.609596 0.003815
0.790704 -0.612195 0.002289
-0.177439 -0.747343 0.640307
0.779175 -0.626620 0.015256
-0.177439 -0.747343 0.640307
0.790704 -0.612195 0.002289
-0.191139 -0.756927 0.624922
-0.177439 -0.747343 0.640307
-0.191139 -0.756927 0.624922
-0.911662 0.264725 0.314314
-0.914347 0.268051 0.303511
-0.911662 0.264725 0.314314
-0.191139 -0.756927 0.624922
-0.911662 0.264725 0.314314
-0.505180 0.811188 -0.294561
-0.506575 0.803158 -0.313558
-0.505180 0.811188 -0.294561
-0.911662 0.264725 0.314314
-0.914347 0.268051 0.303511
-0.506575 0.803158 -0.313558
-0.505180 0.811188 -0.294561
0.673061 0.346832 -0.653220
0.684047 0.368538 -0.629491
0.673061 0.346832 -0.653220
-0.505180 0.811188 -0.294561
0.779175 -0.626620 0.015256
0.684047 0.368538 -0.629491
0.790704 -0.612195 0.002289
0.684047 0.368538 -0.629491
0.779175 -0.626620 0.015256
0.673061 0.346832 -0.653220
0.130210 -0.663269 -0.736966
0.779175 -0.626620 0.015256
-0.172234 -0.715094 0.677478
-0.172234 -0.715094 0.677478
0.779175 -0.626620 0.015256
-0.177439 -0.747343 0.640307
-0.911662 0.264725 0.314314
-0.172234 -0.715094 0.677478
-0.177439 -0.747343 0.640307
-0.911662 0.264725 0.314314
-0.860727 -0.397141 -0.318477
-0.172234 -0.715094 0.677478
-0.539131 0.727369 -0.424585
-0.911662 0.264725 0.314314
-0.506575 0.803158 -0.313558
-0.860727 -0.397141 -0.318477
-0.911662 0.264725 0.314314
-0.539131 0.727369 -0.424585
0.583340 0.228010 -0.779568
-0.506575 0.803158 -0.313558
0.673061 0.346832 -0.653220
-0.539131 0.727369 -0.424585
-0.506575 0.803158 -0.313558
0.583340 0.228010 -0.779568
0.779175 -0.626620 0.015256
0.130210 -0.663269 -0.736966
0.583340 0.228010 -0.779568
0.583340 0.228010 -0.779568
0.673061 0.346832 -0.653220
0.779175 -0.626620 0.015256
0.793869 -0.608086 -0.001526
-0.191139 -0.756927 0.624922
0.790704 -0.612195 0.002289
-0.191139 -0.756927 0.624922
0.793869 -0.608086 -0.001526
-0.169686 -0.735560 0.655865
-0.914347 0.268051 0.303511
-0.169686 -0.735560 0.655865
-0.905734 0.290216 0.308903
-0.191139 -0.756927 0.624922
-0.169686 -0.735560 0.655865
-0.914347 0.268051 0.303511
-0.914347 0.268051 0.303511
-0.508926 0.803227 -0.309549
-0.505180 0.811188 -0.294561
-0.508926 0.803227 -0.309549
-0.914347 0.268051 0.303511
-0.905734 0.290216 0.308903
0.684047 0.368538 -0.629491
-0.508926 0.803227 -0.309549
0.666990 0.354100 -0.655543
-0.508926 0.803227 -0.309549
0.684047 0.368538 -0.629491
-0.505180 0.811188 -0.294561
0.793869 -0.608086 -0.001526
0.790704 -0.612195 0.002289
0.684047 0.368538 -0.629491
0.684047 0.368538 -0.629491
0.666990 0.354100 -0.655543
0.793869 -0.608086 -0.001526
-0.277519 -0.837707 0.470352
-0.269638 -0.834294 0.480883
0.808495 -0.588482 -0.004961
0.808495 -0.588482 -0.004961
-0.269638 -0.834294 0.480883
0.793653 -0.608359 0.003817
-0.269638 -0.834294 0.480883
-0.277519 -0.837707 0.470352
-0.938279 0.278432 0.205201
-0.921965 0.350480 0.164752
-0.938279 0.278432 0.205201
-0.277519 -0.837707 0.470352
-0.938279 0.278432 0.205201
-0.921965 0.350480 0.164752
-0.499333 0.842327 -0.202860
-0.482150 0.852705 -0.201063
-0.499333 0.842327 -0.202860
-0.921965 0.350480 0.164752
-0.499333 0.842327 -0.202860
-0.482150 0.852705 -0.201063
0.743934 0.478025 -0.466962
0.722508 0.522166 -0.453129
0.743934 0.478025 -0.466962
-0.482150 0.852705 -0.201063
0.808495 -0.588482 -0.004961
0.743934 0.478025 -0.466962
0.722508 0.522166 -0.453129
0.743934 0.478025 -0.466962
0.808495 -0.588482 -0.004961
0.793653 -0.608359 0.003817
0.793653 -0.608359 0.003817
-0.248121 -0.830375 0.498912
0.789059 -0.614306 0.003816
-0.248121 -0.830375 0.498912
0.793653 -0.608359 0.003817
-0.269638 -0.834294 0.480883
-0.248121 -0.830375 0.498912
-0.269638 -0.834294 0.480883
-0.941303 0.242289 0.235040
-0.938279 0.278432 0.205201
-0.941303 0.242289 0.235040
-0.269638 -0.834294 0.480883
-0.941303 0.242289 0.235040
-0.499333 0.842327 -0.202860
-0.474808 0.848130 -0.235019
-0.499333 0.842327 -0.202860
-0.941303 0.242289 0.235040
-0.938279 0.278432 0.205201
-0.474808 0.848130 -0.235019
-0.499333 0.842327 -0.202860
0.743377 0.448925 -0.495839
0.743934 0.478025 -0.466962
0.743377 0.448925 -0.495839
-0.499333 0.842327 -0.202860
0.793653 -0.608359 0.003817
0.743377 0.448925 -0.495839
0.743934 0.478025 -0.466962
0.743377 0.448925 -0.495839
0.793653 -0.608359 0.003817
0.789059 -0.614306 0.003816
0.786852 -0.617124 0.004577
-0.195710 -0.757663 0.622611
0.781956 -0.623199 0.012975
-0.195710 -0.757663 0.622611
0.786852 -0.617124 0.004577
-0.229285 -0.807647 0.543264
-0.195710 -0.757663 0.622611
-0.229285 -0.807647 0.543264
-0.916206 0.272458 0.293827
-0.934237 0.247960 0.256353
-0.916206 0.272458 0.293827
-0.229285 -0.807647 0.543264
-0.916206 0.272458 0.293827
-0.476234 0.839988 -0.260042
-0.494027 0.816385 -0.299087
-0.476234 0.839988 -0.260042
-0.916206 0.272458 0.293827
-0.934237 0.247960 0.256353
-0.494027 0.816385 -0.299087
-0.476234 0.839988 -0.260042
0.693116 0.376121 -0.614917
0.728871 0.427559 -0.534734
0.693116 0.376121 -0.614917
-0.476234 0.839988 -0.260042
0.693116 0.376121 -0.614917
0.728871 0.427559 -0.534734
0.786852 -0.617124 0.004577
0.693116 0.376121 -0.614917
0.786852 -0.617124 0.004577
0.781956 -0.623199 0.012975
-0.015666 -0.810055 -0.586144
0.775587 -0.630928 0.019848
-0.083261 -0.607649 0.789829
-0.083261 -0.607649 0.789829
0.775587 -0.630928 0.019848
-0.113988 -0.663340 0.739586
-0.882941 0.310021 0.352566
-0.909665 -0.411260 -0.058096
-0.083261 -0.607649 0.789829
-0.882941 0.310021 0.352566
-0.083261 -0.607649 0.789829
-0.113988 -0.663340 0.739586
-0.909665 -0.411260 -0.058096
-0.882941 0.310021 0.352566
-0.613096 0.617489 -0.492769
-0.613096 0.617489 -0.492769
-0.882941 0.310021 0.352566
-0.532680 0.762198 -0.367839
-0.613096 0.617489 -0.492769
-0.532680 0.762198 -0.367839
0.418647 0.050375 -0.906751
0.612692 0.265500 -0.744392
0.418647 0.050375 -0.906751
-0.532680 0.762198 -0.367839
0.775587 -0.630928 0.019848
-0.015666 -0.810055 -0.586144
0.418647 0.050375 -0.906751
0.418647 0.050375 -0.906751
0.612692 0.265500 -0.744392
0.775587 -0.630928 0.019848
0.781956 -0.623199 0.012975
-0.113988 -0.663340 0.739586
0.775587 -0.630928 0.019848
-0.113988 -0.663340 0.739586
0.781956 -0.623199 0.012975
-0.195710 -0.757663 0.622611
-0.882941 0.310021 0.352566
-0.195710 -0.757663 0.622611
-0.916206 0.272458 0.293827
-0.113988 -0.663340 0.739586
-0.195710 -0.757663 0.622611
-0.882941 0.310021 0.352566
-0.494027 0.816385 -0.299087
-0.882941 0.310021 0.352566
-0.916206 0.272458 0.293827
-0.882941 0.310021 0.352566
-0.494027 0.816385 -0.299087
-0.532680 0.762198 -0.367839
0.612692 0.265500 -0.744392
-0.494027 0.816385 -0.299087
0.693116 0.376121 -0.614917
-0.494027 0.816385 -0.299087
0.612692 0.265500 -0.744392
-0.532680 0.762198 -0.367839
0.775587 -0.630928 0.019848
0.693116 0.376121 -0.614917
0.781956 -0.623199 0.012975
0.693116 0.376121 -0.614917
0.775587 -0.630928 0.019848
0.612692 0.265500 -0.744392
0.789059 -0.614306 0.003816
-0.229285 -0.807647 0.543264
0.786852 -0.617124 0.004577
-0.229285 -0.807647 0.543264
0.789059 -0.614306 0.003816
-0.248121 -0.830375 0.498912
-0.934237 0.247960 0.256353
-0.248121 -0.830375 0.498912
-0.941303 0.242289 0.235040
-0.248121 -0.830375 0.498912
-0.934237 0.247960 0.256353
-0.229285 -0.807647 0.543264
-0.474808 0.848130 -0.235019
-0.934237 0.247960 0.256353
-0.941303 0.242289 0.235040
-0.934237 0.247960 0.256353
-0.474808 0.848130 -0.235019
-0.476234 0.839988 -0.260042
0.728871 0.427559 -0.534734
-0.474808 0.848130 -0.235019
0.743377 0.448925 -0.495839
-0.474808 0.848130 -0.235019
0.728871 0.427559 -0.534734
-0.476234 0.839988 -0.260042
0.789059 -0.614306 0.003816
0.728871 0.427559 -0.534734
0.743377 0.448925 -0.495839
0.728871 0.427559 -0.534734
0.789059 -0.614306 0.003816
0.786852 -0.617124 0.004577
-0.348488 -0.937311 -0.001907
0.793211 -0.608930 0.004578
0.812981 -0.582240 0.007631
0.793211 -0.608930 0.004578
-0.348488 -0.937311 -0.001907
-0.351023 -0.936314 -0.009912
-0.949706 0.313136 0.001907
-0.972733 0.231907 -0.003051
-0.348488 -0.937311 -0.001907
-0.348488 -0.937311 -0.001907
-0.972733 0.231907 -0.003051
-0.351023 -0.936314 -0.009912
-0.428007 0.903677 0.013345
-0.458974 0.888386 0.010680
-0.949706 0.313136 0.001907
-0.949706 0.313136 0.001907
-0.458974 0.888386 0.010680
-0.972733 0.231907 -0.003051
0.807564 0.589192 0.026330
0.824344 0.565657 0.022138
-0.428007 0.903677 0.013345
-0.428007 0.903677 0.013345
0.824344 0.565657 0.022138
-0.458974 0.888386 0.010680
0.812981 -0.582240 0.007631
0.824344 0.565657 0.022138
0.807564 0.589192 0.026330
0.824344 0.565657 0.022138
0.812981 -0.582240 0.007631
0.793211 -0.608930 0.004578
0.784464 -0.620172 0.001526
-0.351023 -0.936314 -0.009912
-0.336227 -0.941358 0.028225
-0.351023 -0.936314 -0.009912
0.784464 -0.620172 0.001526
0.793211 -0.608930 0.004578
-0.972733 0.231907 -0.003051
-0.980708 0.194997 0.013738
-0.351023 -0.936314 -0.009912
-0.351023 -0.936314 -0.009912
-0.980708 0.194997 0.013738
-0.336227 -0.941358 0.028225
-0.458974 0.888386 0.010680
-0.432392 0.901603 -0.012210
-0.972733 0.231907 -0.003051
-0.972733 0.231907 -0.003051
-0.432392 0.901603 -0.012210
-0.980708 0.194997 0.013738
0.824344 0.565657 0.022138
0.829546 0.557800 -0.026707
-0.458974 0.888386 0.010680
-0.458974 0.888386 0.010680
0.829546 0.557800 -0.026707
-0.432392 0.901603 -0.012210
0.829546 0.557800 -0.026707
0.793211 -0.608930 0.004578
0.784464 -0.620172 0.001526
0.793211 -0.608930 0.004578
0.829546 0.557800 -0.026707
0.824344 0.565657 0.022138
0.781091 -0.624415 0.001525
-0.295770 -0.886356 0.356221
0.775556 -0.631278 -0.000763
-0.295770 -0.886356 0.356221
0.781091 -0.624415 0.001525
-0.323697 -0.928282 0.183063
-0.295770 -0.886356 0.356221
-0.323697 -0.928282 0.183063
-0.963434 0.211299 0.164768
-0.974607 0.207590 0.083952
-0.963434 0.211299 0.164768
-0.323697 -0.928282 0.183063
-0.963434 0.211299 0.164768
-0.426144 0.899776 -0.093830
-0.453752 0.870319 -0.191455
-0.426144 0.899776 -0.093830
-0.963434 0.211299 0.164768
-0.974607 0.207590 0.083952
-0.453752 0.870319 -0.191455
-0.426144 0.899776 -0.093830
0.782120 0.486059 -0.389916
0.816779 0.544774 -0.189984
0.782120 0.486059 -0.389916
-0.426144 0.899776 -0.093830
0.816779 0.544774 -0.189984
0.775556 -0.631278 -0.000763
0.782120 0.486059 -0.389916
0.775556 -0.631278 -0.000763
0.816779 0.544774 -0.189984
0.781091 -0.624415 0.001525
-0.290734 -0.870296 0.397566
0.775556 -0.631278 -0.000763
-0.295770 -0.886356 0.356221
0.286494 -0.473039 -0.833160
0.775556 -0.631278 -0.000763
-0.290734 -0.870296 0.397566
-0.963434 0.211299 0.164768
-0.290734 -0.870296 0.397566
-0.295770 -0.886356 0.356221
-0.963434 0.211299 0.164768
-0.777864 -0.305194 -0.549349
-0.290734 -0.870296 0.397566
-0.467287 0.796923 -0.382828
-0.963434 0.211299 0.164768
-0.453752 0.870319 -0.191455
-0.777864 -0.305194 -0.549349
-0.963434 0.211299 0.164768
-0.467287 0.796923 -0.382828
0.676669 0.394406 -0.621742
-0.453752 0.870319 -0.191455
0.782120 0.486059 -0.389916
-0.453752 0.870319 -0.191455
0.676669 0.394406 -0.621742
-0.467287 0.796923 -0.382828
0.775556 -0.631278 -0.000763
0.676669 0.394406 -0.621742
0.782120 0.486059 -0.389916
0.775556 -0.631278 -0.000763
0.286494 -0.473039 -0.833160
0.676669 0.394406 -0.621742
0.784464 -0.620172 0.001526
-0.323697 -0.928282 0.183063
0.781091 -0.624415 0.001525
-0.323697 -0.928282 0.183063
0.784464 -0.620172 0.001526
-0.336227 -0.941358 0.028225
-0.980708 0.194997 0.013738
-0.323697 -0.928282 0.183063
-0.336227 -0.941358 0.028225
-0.323697 -0.928282 0.183063
-0.980708 0.194997 0.013738
-0.974607 0.207590 0.083952
-0.432392 0.901603 -0.012210
-0.974607 0.207590 0.083952
-0.980708 0.194997 0.013738
-0.974607 0.207590 0.083952
-0.432392 0.901603 -0.012210
-0.426144 0.899776 -0.093830
0.829546 0.557800 -0.026707
-0.426144 0.899776 -0.093830
-0.432392 0.901603 -0.012210
-0.426144 0.899776 -0.093830
0.829546 0.557800 -0.026707
0.816779 0.544774 -0.189984
0.829546 0.557800 -0.026707
0.781091 -0.624415 0.001525
0.816779 0.544774 -0.189984
0.781091 -0.624415 0.001525
0.829546 0.557800 -0.026707
0.784464 -0.620172 0.001526
0.788915 -0.614491 0.003817
-0.355269 -0.921069 -0.159423
-0.346425 -0.929902 -0.123580
-0.355269 -0.921069 -0.159423
0.788915 -0.614491 0.003817
0.798811 -0.601494 0.010305
-0.950291 0.306748 -0.053414
-0.968594 0.243340 -0.051109
-0.355269 -0.921069 -0.159423
-0.355269 -0.921069 -0.159423
-0.968594 0.243340 -0.051109
-0.346425 -0.929902 -0.123580
-0.476614 0.875382 0.080898
-0.472367 0.879284 0.061061
-0.950291 0.306748 -0.053414
-0.950291 0.306748 -0.053414
-0.472367 0.879284 0.061061
-0.968594 0.243340 -0.051109
0.786080 0.589202 0.186867
0.810941 0.568412 0.138860
-0.476614 0.875382 0.080898
-0.476614 0.875382 0.080898
0.810941 0.568412 0.138860
-0.472367 0.879284 0.061061
0.810941 0.568412 0.138860
0.798811 -0.601494 0.010305
0.788915 -0.614491 0.003817
0.798811 -0.601494 0.010305
0.810941 0.568412 0.138860
0.786080 0.589202 0.186867
0.786381 -0.617741 -0.000763
-0.346425 -0.929902 -0.123580
-0.334345 -0.940709 -0.057267
-0.346425 -0.929902 -0.123580
0.786381 -0.617741 -0.000763
0.788915 -0.614491 0.003817
-0.968594 0.243340 -0.051109
-0.979766 0.198356 -0.026702
-0.346425 -0.929902 -0.123580
-0.346425 -0.929902 -0.123580
-0.979766 0.198356 -0.026702
-0.334345 -0.940709 -0.057267
-0.472367 0.879284 0.061061
-0.435493 0.899796 0.026711
-0.968594 0.243340 -0.051109
-0.968594 0.243340 -0.051109
-0.435493 0.899796 0.026711
-0.979766 0.198356 -0.026702
0.810941 0.568412 0.138860
0.826925 0.559392 0.057237
-0.472367 0.879284 0.061061
-0.472367 0.879284 0.061061
0.826925 0.559392 0.057237
-0.435493 0.899796 0.026711
0.826925 0.559392 0.057237
0.788915 -0.614491 0.003817
0.786381 -0.617741 -0.000763
0.788915 -0.614491 0.003817
0.826925 0.559392 0.057237
0.810941 0.568412 0.138860
-0.349174 -0.936217 0.039677
0.784928 -0.619549 -0.006867
-0.337952 -0.940885 0.022893
0.499310 -0.198275 -0.843432
0.784928 -0.619549 -0.006867
-0.349174 -0.936217 0.039677
-0.981477 0.191508 0.005341
-0.608253 -0.079358 -0.789766
-0.349174 -0.936217 0.039677
-0.981477 0.191508 0.005341
-0.349174 -0.936217 0.039677
-0.337952 -0.940885 0.022893
-0.608253 -0.079358 -0.789766
-0.981477 0.191508 0.005341
-0.392742 0.896825 -0.203616
-0.429901 0.902525 -0.025176
-0.392742 0.896825 -0.203616
-0.981477 0.191508 0.005341
-0.392742 0.896825 -0.203616
-0.429901 0.902525 -0.025176
0.791923 0.544930 -0.275518
0.829908 0.556261 -0.042731
0.791923 0.544930 -0.275518
-0.429901 0.902525 -0.025176
0.784928 -0.619549 -0.006867
0.791923 0.544930 -0.275518
0.829908 0.556261 -0.042731
0.784928 -0.619549 -0.006867
0.499310 -0.198275 -0.843432
0.791923 0.544930 -0.275518
-0.334345 -0.940709 -0.057267
0.784928 -0.619549 -0.006867
0.786381 -0.617741 -0.000763
0.784928 -0.619549 -0.006867
-0.334345 -0.940709 -0.057267
-0.337952 -0.940885 0.022893
-0.979766 0.198356 -0.026702
-0.981477 0.191508 0.005341
-0.334345 -0.940709 -0.057267
-0.334345 -0.940709 -0.057267
-0.981477 0.191508 0.005341
-0.337952 -0.940885 0.022893
-0.435493 0.899796 0.026711
-0.429901 0.902525 -0.025176
-0.979766 0.198356 -0.026702
-0.979766 0.198356 -0.026702
-0.429901 0.902525 -0.025176
-0.981477 0.191508 0.005341
0.826925 0.559392 0.057237
0.829908 0.556261 -0.042731
-0.435493 0.899796 0.026711
-0.435493 0.899796 0.026711
0.829908 0.556261 -0.042731
-0.429901 0.902525 -0.025176
0.786381 -0.617741 -0.000763
0.829908 0.556261 -0.042731
0.826925 0.559392 0.057237
0.829908 0.556261 -0.042731
0.786381 -0.617741 -0.000763
0.784928 -0.619549 -0.006867
-0.629655 0.605948 -0.486170
0.038911 -0.819708 -0.571459
-0.881424 -0.467851 -0.064867
0.038911 -0.819708 -0.571459
-0.629655 0.605948 -0.486170
0.421869 0.025652 -0.906294
-0.539131 0.727369 -0.424585
0.130210 -0.663269 -0.736966
-0.860727 -0.397141 -0.318477
0.130210 -0.663269 -0.736966
-0.539131 0.727369 -0.424585
0.583340 0.228010 -0.779568
-0.613096 0.617489 -0.492769
-0.015666 -0.810055 -0.586144
-0.909665 -0.411260 -0.058096
-0.015666 -0.810055 -0.586144
-0.613096 0.617489 -0.492769
0.418647 0.050375 -0.906751
-0.823919 -0.397083 -0.404330
-0.516542 0.736882 -0.436106
0.205731 -0.609377 -0.765725
0.205731 -0.609377 -0.765725
-0.516542 0.736882 -0.436106
0.607458 0.281421 -0.742830
-0.467287 0.796923 -0.382828
0.286494 -0.473039 -0.833160
-0.777864 -0.305194 -0.549349
0.286494 -0.473039 -0.833160
-0.467287 0.796923 -0.382828
0.676669 0.394406 -0.621742
0.499310 -0.198275 -0.843432
-0.392742 0.896825 -0.203616
0.791923 0.544930 -0.275518
-0.392742 0.896825 -0.203616
0.499310 -0.198275 -0.843432
-0.608253 -0.079358 -0.789766
-0.401336 0.898596 0.177354
0.027815 0.163222 0.986197
-0.029910 0.970864 0.237755
0.027815 0.163222 0.986197
-0.401336 0.898596 0.177354
-0.470091 0.251937 0.845897
0.746053 -0.613319 0.259316
0.537015 -0.430223 0.725619
-0.580538 -0.812144 0.058282
0.746053 -0.613319 0.259316
-0.580538 -0.812144 0.058282
-0.582338 -0.812068 0.037779
-0.115310 -0.974968 -0.190107
-0.985791 -0.167940 0.003435
-0.109649 -0.888652 -0.445281
-0.985791 -0.167940 0.003435
-0.115310 -0.974968 -0.190107
-0.990703 -0.090099 0.101934
-0.109649 -0.888652 -0.445281
-0.979256 -0.106154 -0.172596
-0.133060 -0.424493 -0.895601
-0.979256 -0.106154 -0.172596
-0.109649 -0.888652 -0.445281
-0.985791 -0.167940 0.003435
-0.979256 -0.106154 -0.172596
-0.950624 0.210985 -0.227596
-0.097764 0.294151 -0.950746
-0.097764 0.294151 -0.950746
-0.133060 -0.424493 -0.895601
-0.979256 -0.106154 -0.172596
-0.963435 0.029463 0.266316
-0.982354 -0.047335 0.180941
-0.082414 -0.937696 0.337540
-0.982354 -0.047335 0.180941
-0.990703 -0.090099 0.101934
-0.082414 -0.937696 0.337540
-0.054155 0.747490 -0.662062
0.616659 0.711287 0.337347
0.685121 0.445310 -0.576462
0.616659 0.711287 0.337347
-0.054155 0.747490 -0.662062
-0.023279 0.922601 0.385053
-0.049703 0.416507 -0.907773
0.685121 0.445310 -0.576462
0.639641 0.331810 -0.693369
0.685121 0.445310 -0.576462
-0.049703 0.416507 -0.907773
-0.054155 0.747490 -0.662062
-0.052520 0.528684 -0.847192
0.639641 0.331810 -0.693369
0.698521 0.377888 -0.607675
0.639641 0.331810 -0.693369
-0.052520 0.528684 -0.847192
-0.049703 0.416507 -0.907773
0.053733 -0.638020 0.768143
-0.681479 0.167960 0.712303
0.194674 -0.793577 0.576488
0.053733 -0.638020 0.768143
0.194674 -0.793577 0.576488
0.051049 -0.923890 0.379237
0.051049 -0.923890 0.379237
0.194674 -0.793577 0.576488
0.242944 -0.848705 0.469764
0.051049 -0.923890 0.379237
0.242944 -0.848705 0.469764
0.052136 -0.898636 0.435587
0.033149 0.069445 0.997035
0.723553 0.238895 0.647611
0.616659 0.711287 0.337347
0.033149 0.069445 0.997035
0.616659 0.711287 0.337347
-0.023279 0.922601 0.385053
-0.029910 0.970864 0.237755
-0.052970 0.860508 -0.506676
-0.401336 0.898596 0.177354
-0.401336 0.898596 0.177354
-0.052970 0.860508 -0.506676
-0.483452 0.821873 -0.301328
-0.029853 -0.243018 0.969562
0.013351 0.057602 0.998250
0.845668 -0.175860 0.503903
0.845668 -0.175860 0.503903
0.861502 -0.268553 0.430923
-0.029853 -0.243018 0.969562
0.845668 -0.175860 0.503903
0.900084 -0.254065 0.353978
0.861502 -0.268553 0.430923
0.900084 -0.254065 0.353978
0.845668 -0.175860 0.503903
0.924889 -0.265123 0.272562
0.924889 -0.265123 0.272562
0.957779 -0.281320 0.059326
0.900084 -0.254065 0.353978
0.957779 -0.281320 0.059326
0.924889 -0.265123 0.272562
0.944882 -0.323890 0.047878
0.957779 -0.281320 0.059326
0.944882 -0.323890 0.047878
0.897691 -0.296035 -0.326364
0.957779 -0.281320 0.059326
0.897691 -0.296035 -0.326364
0.884898 -0.266699 -0.381873
0.884898 -0.266699 -0.381873
0.897691 -0.296035 -0.326364
0.747774 -0.199864 -0.633157
0.884898 -0.266699 -0.381873
0.747774 -0.199864 -0.633157
0.782172 -0.271507 -0.560796
0.747774 -0.199864 -0.633157
-0.063700 -0.310489 -0.948440
0.782172 -0.271507 -0.560796
-0.063700 -0.310489 -0.948440
0.747774 -0.199864 -0.633157
-0.003624 -0.009536 -0.999948
0.013351 0.057602 0.998250
0.079816 0.388304 0.918068
0.933913 -0.098538 0.343653
0.013351 0.057602 0.998250
0.933913 -0.098538 0.343653
0.845668 -0.175860 0.503903
0.845668 -0.175860 0.503903
0.933913 -0.098538 0.343653
0.973527 -0.181817 0.138520
0.845668 -0.175860 0.503903
0.973527 -0.181817 0.138520
0.924889 -0.265123 0.272562
0.973527 -0.181817 0.138520
0.944882 -0.323890 0.047878
0.924889 -0.265123 0.272562
0.944882 -0.323890 0.047878
0.973527 -0.181817 0.138520
0.971730 -0.235588 0.015444
0.971730 -0.235588 0.015444
0.897691 -0.296035 -0.326364
0.944882 -0.323890 0.047878
0.897691 -0.296035 -0.326364
0.971730 -0.235588 0.015444
0.959709 -0.198309 -0.199076
0.959709 -0.198309 -0.199076
0.747774 -0.199864 -0.633157
0.897691 -0.296035 -0.326364
0.747774 -0.199864 -0.633157
0.959709 -0.198309 -0.199076
0.884390 -0.099999 -0.455911
0.884390 -0.099999 -0.455911
-0.003624 -0.009536 -0.999948
0.747774 -0.199864 -0.633157
-0.003624 -0.009536 -0.999948
0.884390 -0.099999 -0.455911
0.061223 0.314318 -0.947341
0.951250 -0.268813 -0.151207
0.929693 -0.303145 -0.209223
0.980045 -0.148526 -0.132108
0.951250 -0.268813 -0.151207
0.980045 -0.148526 -0.132108
0.976632 -0.166475 -0.135929
0.884898 -0.266699 -0.381873
0.745697 -0.274474 -0.607124
0.897181 -0.234595 -0.374207
0.745697 -0.274474 -0.607124
0.884898 -0.266699 -0.381873
0.782172 -0.271507 -0.560796
0.957779 -0.281320 0.059326
0.897181 -0.234595 -0.374207
0.973765 -0.222962 0.045489
0.897181 -0.234595 -0.374207
0.957779 -0.281320 0.059326
0.884898 -0.266699 -0.381873
0.900084 -0.254065 0.353978
0.973765 -0.222962 0.045489
0.910438 -0.218013 0.351529
0.973765 -0.222962 0.045489
0.900084 -0.254065 0.353978
0.957779 -0.281320 0.059326
0.861502 -0.268553 0.430923
0.910438 -0.218013 0.351529
0.870242 -0.239317 0.430588
0.910438 -0.218013 0.351529
0.861502 -0.268553 0.430923
0.900084 -0.254065 0.353978
-0.146076 -0.615660 0.774355
-0.155937 -0.942306 0.296213
0.956305 -0.208831 0.204624
-0.146076 -0.615660 0.774355
0.956305 -0.208831 0.204624
0.964364 -0.177077 0.196583
0.929693 -0.303145 -0.209223
0.890462 -0.241934 -0.385415
0.976896 -0.119517 -0.177175
0.976896 -0.119517 -0.177175
0.980045 -0.148526 -0.132108
0.929693 -0.303145 -0.209223
0.897181 -0.234595 -0.374207
0.733468 -0.293254 -0.613210
0.896981 -0.232923 -0.375729
0.733468 -0.293254 -0.613210
0.897181 -0.234595 -0.374207
0.745697 -0.274474 -0.607124
0.982062 -0.185817 0.032042
0.973765 -0.222962 0.045489
0.897181 -0.234595 -0.374207
0.982062 -0.185817 0.032042
0.897181 -0.234595 -0.374207
0.896981 -0.232923 -0.375729
0.910438 -0.218013 0.351529
0.982062 -0.185817 0.032042
0.925467 -0.171475 0.337799
0.982062 -0.185817 0.032042
0.910438 -0.218013 0.351529
0.973765 -0.222962 0.045489
0.870242 -0.239317 0.430588
0.925467 -0.171475 0.337799
0.870544 -0.202434 0.448524
0.925467 -0.171475 0.337799
0.870242 -0.239317 0.430588
0.910438 -0.218013 0.351529
-0.146076 -0.615660 0.774355
0.953768 -0.131953 0.270026
-0.135306 -0.280317 0.950324
0.953768 -0.131953 0.270026
-0.146076 -0.615660 0.774355
0.964364 -0.177077 0.196583
0.976896 -0.119517 -0.177175
0.882117 0.048833 -0.468491
0.969626 -0.029398 -0.242818
0.882117 0.048833 -0.468491
0.976896 -0.119517 -0.177175
0.890462 -0.241934 -0.385415
0.896981 -0.232923 -0.375729
0.740484 -0.196397 -0.642738
0.907721 -0.191596 -0.373274
0.740484 -0.196397 -0.642738
0.896981 -0.232923 -0.375729
0.733468 -0.293254 -0.613210
0.994410 -0.101854 0.027848
0.982062 -0.185817 0.032042
0.896981 -0.232923 -0.375729
0.994410 -0.101854 0.027848
0.896981 -0.232923 -0.375729
0.907721 -0.191596 -0.373274
0.982062 -0.185817 0.032042
0.943200 -0.079347 0.322610
0.925467 -0.171475 0.337799
0.943200 -0.079347 0.322610
0.982062 -0.185817 0.032042
0.994410 -0.101854 0.027848
0.870544 -0.202434 0.448524
0.943200 -0.079347 0.322610
0.858909 -0.130756 0.495155
0.943200 -0.079347 0.322610
0.870544 -0.202434 0.448524
0.925467 -0.171475 0.337799
0.953768 -0.131953 0.270026
-0.141470 0.189360 0.971663
-0.135306 -0.280317 0.950324
-0.141470 0.189360 0.971663
0.953768 -0.131953 0.270026
0.923168 -0.055861 0.380315
0.656520 -0.283035 -0.699194
0.000647 -0.137075 -0.990560
-0.044868 -0.346542 -0.936961
0.000647 -0.137075 -0.990560
0.656520 -0.283035 -0.699194
0.740484 -0.196397 -0.642738
0.913677 -0.184051 -0.362381
0.907721 -0.191596 -0.373274
0.740484 -0.196397 -0.642738
0.913677 -0.184051 -0.362381
0.740484 -0.196397 -0.642738
0.656520 -0.283035 -0.699194
0.994410 -0.101854 0.027848
0.907721 -0.191596 -0.373274
0.997020 -0.073048 0.024794
0.997020 -0.073048 0.024794
0.907721 -0.191596 -0.373274
0.913677 -0.184051 -0.362381
0.994410 -0.101854 0.027848
0.950854 -0.044634 0.306405
0.943200 -0.079347 0.322610
0.950854 -0.044634 0.306405
0.994410 -0.101854 0.027848
0.997020 -0.073048 0.024794
0.858909 -0.130756 0.495155
0.950854 -0.044634 0.306405
0.881414 -0.089530 0.463782
0.950854 -0.044634 0.306405
0.858909 -0.130756 0.495155
0.943200 -0.079347 0.322610
-0.021043 -0.796895 -0.603752
-0.079991 -0.981534 0.173762
0.986451 -0.143059 0.080304
0.960542 -0.255019 0.111011
0.986451 -0.143059 0.080304
-0.079991 -0.981534 0.173762
0.629096 -0.306918 -0.714171
-0.037654 -0.294172 -0.955010
0.631208 -0.273924 -0.725632
-0.037654 -0.294172 -0.955010
0.629096 -0.306918 -0.714171
-0.044084 -0.332746 -0.941986
0.920358 -0.167841 -0.353228
0.629096 -0.306918 -0.714171
0.906126 -0.204880 -0.370081
0.906126 -0.204880 -0.370081
0.629096 -0.306918 -0.714171
0.631208 -0.273924 -0.725632
0.997429 -0.068091 0.022316
0.920358 -0.167841 -0.353228
0.997324 -0.069044 0.024032
0.997324 -0.069044 0.024032
0.920358 -0.167841 -0.353228
0.906126 -0.204880 -0.370081
0.955694 -0.034714 0.292306
0.997429 -0.068091 0.022316
0.957665 -0.035476 0.285692
0.957665 -0.035476 0.285692
0.997429 -0.068091 0.022316
0.997324 -0.069044 0.024032
0.856935 -0.137537 0.496735
0.957665 -0.035476 0.285692
0.858551 -0.121683 0.498080
0.957665 -0.035476 0.285692
0.856935 -0.137537 0.496735
0.955694 -0.034714 0.292306
-0.135616 -0.277736 0.951037
0.978118 -0.207813 -0.009951
0.954079 -0.011483 0.299334
0.978118 -0.207813 -0.009951
-0.135616 -0.277736 0.951037
-0.103005 -0.988238 0.113029
0.632121 -0.238846 -0.737140
-0.006901 -0.195745 -0.980631
0.635256 -0.198780 -0.746282
-0.006901 -0.195745 -0.980631
0.632121 -0.238846 -0.737140
-0.019195 -0.248054 -0.968556
0.908236 -0.188056 -0.373822
0.632121 -0.238846 -0.737140
0.928976 -0.111771 -0.352860
0.928976 -0.111771 -0.352860
0.632121 -0.238846 -0.737140
0.635256 -0.198780 -0.746282
0.997411 -0.068669 0.021364
0.908236 -0.188056 -0.373822
0.997040 -0.073629 0.022127
0.997040 -0.073629 0.022127
0.908236 -0.188056 -0.373822
0.928976 -0.111771 -0.352860
0.958046 -0.033950 0.284596
0.997411 -0.068669 0.021364
0.957008 -0.039291 0.287388
0.957008 -0.039291 0.287388
0.997411 -0.068669 0.021364
0.997040 -0.073629 0.022127
0.865674 -0.089350 0.492571
0.958046 -0.033950 0.284596
0.875254 -0.073344 0.478071
0.875254 -0.073344 0.478071
0.958046 -0.033950 0.284596
0.957008 -0.039291 0.287388
0.968379 -0.247793 -0.028992
-0.068076 -0.145567 0.987004
-0.085022 -0.943445 0.320442
-0.068076 -0.145567 0.987004
0.968379 -0.247793 -0.028992
0.969302 0.077215 0.233433
-0.003828 -0.122108 -0.992509
0.480880 -0.061058 -0.874658
0.646217 -0.109848 -0.755207
0.480880 -0.061058 -0.874658
-0.003828 -0.122108 -0.992509
-0.035898 -0.015256 -0.999239
0.915669 -0.124353 -0.382212
0.646217 -0.109848 -0.755207
0.809240 -0.275470 -0.518890
0.809240 -0.275470 -0.518890
0.646217 -0.109848 -0.755207
0.480880 -0.061058 -0.874658
0.992651 -0.119790 0.017167
0.915669 -0.124353 -0.382212
0.960651 -0.275507 -0.035297
0.960651 -0.275507 -0.035297
0.915669 -0.124353 -0.382212
0.809240 -0.275470 -0.518890
0.951966 -0.041581 0.303367
0.992651 -0.119790 0.017167
0.959794 0.079355 0.269254
0.959794 0.079355 0.269254
0.992651 -0.119790 0.017167
0.960651 -0.275507 -0.035297
0.860826 -0.069016 0.504197
0.951966 -0.041581 0.303367
0.854444 0.076418 0.513892
0.959794 0.079355 0.269254
0.854444 0.076418 0.513892
0.951966 -0.041581 0.303367
0.972863 -0.225835 0.050355
-0.073555 0.122195 0.989777
-0.079304 -0.857607 0.508155
-0.073555 0.122195 0.989777
0.972863 -0.225835 0.050355
0.965758 0.087744 0.244158
-0.035898 -0.015256 -0.999239
0.465964 0.025172 -0.884445
0.480880 -0.061058 -0.874658
0.465964 0.025172 -0.884445
-0.035898 -0.015256 -0.999239
-0.037938 0.037366 -0.998581
0.813896 0.048818 -0.578957
0.808448 -0.212127 -0.549012
0.576209 -0.074029 -0.813943
0.813896 0.048818 -0.578957
0.576209 -0.074029 -0.813943
0.465964 0.025172 -0.884445
0.994187 -0.106036 0.018690
0.808448 -0.212127 -0.549012
0.978448 0.204503 0.028615
0.978448 0.204503 0.028615
0.808448 -0.212127 -0.549012
0.813896 0.048818 -0.578957
0.959794 0.079355 0.269254
0.994187 -0.106036 0.018690
0.943044 0.253361 0.215586
0.943044 0.253361 0.215586
0.994187 -0.106036 0.018690
0.877507 0.333525 0.344592
0.854444 0.076418 0.513892
0.959794 0.079355 0.269254
0.806055 0.298348 0.511140
0.806055 0.298348 0.511140
0.959794 0.079355 0.269254
0.958679 0.157983 0.236593
-0.092564 -0.594242 0.798942
0.963857 0.082416 0.253353
-0.048798 0.459457 0.886859
0.963857 0.082416 0.253353
-0.092564 -0.594242 0.798942
0.951302 -0.250222 0.180038
-0.037938 0.037366 -0.998581
0.404408 0.019089 -0.914380
0.465964 0.025172 -0.884445
0.404408 0.019089 -0.914380
-0.037938 0.037366 -0.998581
-0.038475 0.057247 -0.997618
0.465964 0.025172 -0.884445
0.758024 0.018312 -0.651969
0.813896 0.048818 -0.578957
0.758024 0.018312 -0.651969
0.465964 0.025172 -0.884445
0.404408 0.019089 -0.914380
0.981221 0.190751 0.028613
0.978448 0.204503 0.028615
0.813896 0.048818 -0.578957
0.981221 0.190751 0.028613
0.813896 0.048818 -0.578957
0.758024 0.018312 -0.651969
0.962010 0.221217 0.160001
0.943044 0.253361 0.215586
0.877507 0.333525 0.344592
0.962010 0.221217 0.160001
0.877507 0.333525 0.344592
0.874145 0.304415 0.378421
0.806055 0.298348 0.511140
0.958679 0.157983 0.236593
0.810984 0.099954 0.576466
0.810984 0.099954 0.576466
0.958679 0.157983 0.236593
0.985211 0.125881 0.116249
0.810984 0.099954 0.576466
0.003260 0.557643 0.830075
0.806055 0.298348 0.511140
0.003260 0.557643 0.830075
0.810984 0.099954 0.576466
0.086131 0.443585 0.892084
-0.038475 0.057247 -0.997618
0.332794 0.096174 -0.938082
0.404408 0.019089 -0.914380
0.332794 0.096174 -0.938082
-0.038475 0.057247 -0.997618
-0.040463 0.110634 -0.993037
0.404408 0.019089 -0.914380
0.726609 0.098446 -0.679962
0.758024 0.018312 -0.651969
0.726609 0.098446 -0.679962
0.404408 0.019089 -0.914380
0.332794 0.096174 -0.938082
0.981221 0.190751 0.028613
0.758024 0.018312 -0.651969
0.982163 0.177726 0.061403
0.982163 0.177726 0.061403
0.758024 0.018312 -0.651969
0.726609 0.098446 -0.679962
0.966652 0.180800 0.181372
0.962010 0.221217 0.160001
0.874145 0.304415 0.378421
0.966652 0.180800 0.181372
0.874145 0.304415 0.378421
0.878766 0.207464 0.429801
0.754134 0.539512 0.374444
0.954517 0.265525 0.135624
0.648371 0.574465 0.499605
0.936360 0.324330 0.134311
0.648371 0.574465 0.499605
0.954517 0.265525 0.135624
-0.017076 0.759038 0.650822
0.648371 0.574465 0.499605
0.119817 0.661164 0.740612
0.648371 0.574465 0.499605
-0.017076 0.759038 0.650822
0.754134 0.539512 0.374444
0.079816 0.388304 0.918068
0.957641 0.195297 0.211620
0.933913 -0.098538 0.343653
0.079816 0.388304 0.918068
-0.031279 0.576341 0.816611
0.957641 0.195297 0.211620
0.933913 -0.098538 0.343653
0.957641 0.195297 0.211620
0.998764 -0.008577 0.048951
0.933913 -0.098538 0.343653
0.998764 -0.008577 0.048951
0.973527 -0.181817 0.138520
0.973527 -0.181817 0.138520
0.998764 -0.008577 0.048951
0.996412 -0.084472 -0.005182
0.973527 -0.181817 0.138520
0.996412 -0.084472 -0.005182
0.971730 -0.235588 0.015444
0.996412 -0.084472 -0.005182
0.959709 -0.198309 -0.199076
0.971730 -0.235588 0.015444
0.959709 -0.198309 -0.199076
0.996412 -0.084472 -0.005182
0.994671 0.031027 -0.098318
0.994671 0.031027 -0.098318
0.884390 -0.099999 -0.455911
0.959709 -0.198309 -0.199076
0.884390 -0.099999 -0.455911
0.994671 0.031027 -0.098318
0.939408 0.193623 -0.282883
0.939408 0.193623 -0.282883
0.061223 0.314318 -0.947341
0.884390 -0.099999 -0.455911
0.061223 0.314318 -0.947341
0.939408 0.193623 -0.282883
-0.044856 0.525237 -0.849773
-0.031279 0.576341 0.816611
0.978265 0.173958 0.112856
0.957641 0.195297 0.211620
-0.031279 0.576341 0.816611
-0.046944 0.513306 0.856921
0.978265 0.173958 0.112856
0.957641 0.195297 0.211620
0.996158 0.086605 0.013015
0.998764 -0.008577 0.048951
0.957641 0.195297 0.211620
0.978265 0.173958 0.112856
0.996158 0.086605 0.013015
0.998764 -0.008577 0.048951
0.996158 0.086605 0.013015
0.997595 0.068504 -0.010532
0.998764 -0.008577 0.048951
0.997595 0.068504 -0.010532
0.996412 -0.084472 -0.005182
0.997595 0.068504 -0.010532
0.994671 0.031027 -0.098318
0.996412 -0.084472 -0.005182
0.994671 0.031027 -0.098318
0.997595 0.068504 -0.010532
0.995718 0.083456 -0.039760
0.995718 0.083456 -0.039760
0.939408 0.193623 -0.282883
0.994671 0.031027 -0.098318
0.939408 0.193623 -0.282883
0.995718 0.083456 -0.039760
0.972581 0.173061 -0.155361
0.972581 0.173061 -0.155361
-0.044856 0.525237 -0.849773
0.939408 0.193623 -0.282883
-0.044856 0.525237 -0.849773
0.972581 0.173061 -0.155361
-0.053475 0.406696 -0.911997
-0.046944 0.513306 0.856921
0.954296 0.291602 0.065487
0.978265 0.173958 0.112856
-0.046944 0.513306 0.856921
-0.061411 0.250821 0.966084
0.954296 0.291602 0.065487
0.978265 0.173958 0.112856
0.954296 0.291602 0.065487
0.965936 0.258778 0.001648
0.978265 0.173958 0.112856
0.965936 0.258778 0.001648
0.996158 0.086605 0.013015
0.996158 0.086605 0.013015
0.965936 0.258778 0.001648
0.966982 0.254553 -0.012151
0.996158 0.086605 0.013015
0.966982 0.254553 -0.012151
0.997595 0.068504 -0.010532
0.966982 0.254553 -0.012151
0.995718 0.083456 -0.039760
0.997595 0.068504 -0.010532
0.995718 0.083456 -0.039760
0.966982 0.254553 -0.012151
0.966247 0.256224 -0.026776
0.966247 0.256224 -0.026776
0.972581 0.173061 -0.155361
0.995718 0.083456 -0.039760
0.972581 0.173061 -0.155361
0.966247 0.256224 -0.026776
0.958704 0.267593 -0.096334
0.958704 0.267593 -0.096334
-0.053475 0.406696 -0.911997
0.972581 0.173061 -0.155361
-0.053475 0.406696 -0.911997
0.958704 0.267593 -0.096334
-0.012017 0.007630 -0.999899
-0.061411 0.250821 0.966084
0.110297 -0.145405 0.983205
0.846351 0.530312 0.049587
-0.061411 0.250821 0.966084
0.846351 0.530312 0.049587
0.954296 0.291602 0.065487
0.846351 0.530312 0.049587
0.965936 0.258778 0.001648
0.954296 0.291602 0.065487
0.965936 0.258778 0.001648
0.846351 0.530312 0.049587
0.841990 0.539488 -0.002179
0.841990 0.539488 -0.002179
0.842444 0.538604 -0.013901
0.965936 0.258778 0.001648
0.965936 0.258778 0.001648
0.842444 0.538604 -0.013901
0.966982 0.254553 -0.012151
0.966982 0.254553 -0.012151
0.842444 0.538604 -0.013901
0.843980 0.535768 -0.025503
0.966982 0.254553 -0.012151
0.843980 0.535768 -0.025503
0.966247 0.256224 -0.026776
0.966247 0.256224 -0.026776
0.843980 0.535768 -0.025503
0.859764 0.504313 -0.080458
0.966247 0.256224 -0.026776
0.859764 0.504313 -0.080458
0.958704 0.267593 -0.096334
0.958704 0.267593 -0.096334
0.859764 0.504313 -0.080458
0.240561 -0.376627 -0.894585
0.958704 0.267593 -0.096334
0.240561 -0.376627 -0.894585
-0.012017 0.007630 -0.999899
0.537015 -0.430223 0.725619
0.846351 0.530312 0.049587
0.110297 -0.145405 0.983205
0.846351 0.530312 0.049587
0.537015 -0.430223 0.725619
0.691703 0.721446 0.032602
0.691703 0.721446 0.032602
0.841990 0.539488 -0.002179
0.846351 0.530312 0.049587
0.841990 0.539488 -0.002179
0.691703 0.721446 0.032602
0.689297 0.724372 0.012486
0.689297 0.724372 0.012486
0.842444 0.538604 -0.013901
0.841990 0.539488 -0.002179
0.842444 0.538604 -0.013901
0.689297 0.724372 0.012486
0.682573 0.730620 -0.016969
0.842444 0.538604 -0.013901
0.682573 0.730620 -0.016969
0.694957 0.717868 -0.041239
0.842444 0.538604 -0.013901
0.694957 0.717868 -0.041239
0.843980 0.535768 -0.025503
0.843980 0.535768 -0.025503
0.698440 0.712943 -0.062402
0.859764 0.504313 -0.080458
0.843980 0.535768 -0.025503
0.694957 0.717868 -0.041239
0.698440 0.712943 -0.062402
0.859764 0.504313 -0.080458
0.647884 -0.544223 -0.532980
0.240561 -0.376627 -0.894585
0.647884 -0.544223 -0.532980
0.859764 0.504313 -0.080458
0.698440 0.712943 -0.062402
0.682573 0.730620 -0.016969
0.689297 0.724372 0.012486
0.746053 -0.613319 0.259316
0.746053 -0.613319 0.259316
0.768362 -0.637885 -0.052172
0.682573 0.730620 -0.016969
0.682573 0.730620 -0.016969
0.735152 -0.612245 -0.291045
0.694957 0.717868 -0.041239
0.735152 -0.612245 -0.291045
0.682573 0.730620 -0.016969
0.768362 -0.637885 -0.052172
0.694957 0.717868 -0.041239
0.647884 -0.544223 -0.532980
0.698440 0.712943 -0.062402
0.647884 -0.544223 -0.532980
0.694957 0.717868 -0.041239
0.735152 -0.612245 -0.291045
-0.025744 -0.196840 0.980098
0.928391 0.023905 0.370836
0.858909 -0.130756 0.495155
0.928391 0.023905 0.370836
-0.025744 -0.196840 0.980098
0.006831 0.538362 0.842686
0.870544 -0.202434 0.448524
0.928391 0.023905 0.370836
0.940635 -0.155448 0.301732
0.928391 0.023905 0.370836
0.870544 -0.202434 0.448524
0.858909 -0.130756 0.495155
0.870242 -0.239317 0.430588
0.870544 -0.202434 0.448524
0.945962 -0.176959 0.271738
0.940635 -0.155448 0.301732
0.945962 -0.176959 0.271738
0.870544 -0.202434 0.448524
0.861502 -0.268553 0.430923
0.870242 -0.239317 0.430588
0.946552 -0.242844 0.212286
0.945962 -0.176959 0.271738
0.946552 -0.242844 0.212286
0.870242 -0.239317 0.430588
0.946552 -0.242844 0.212286
-0.107148 -0.981991 0.155606
0.861502 -0.268553 0.430923
0.861502 -0.268553 0.430923
-0.107148 -0.981991 0.155606
-0.029853 -0.243018 0.969562
0.988285 0.070951 0.135127
0.928391 0.023905 0.370836
0.006831 0.538362 0.842686
0.988285 0.070951 0.135127
0.006831 0.538362 0.842686
0.023401 0.794995 0.606165
0.940635 -0.155448 0.301732
0.988285 0.070951 0.135127
0.993989 -0.080453 0.074249
0.988285 0.070951 0.135127
0.940635 -0.155448 0.301732
0.928391 0.023905 0.370836
0.945962 -0.176959 0.271738
0.993989 -0.080453 0.074249
0.994744 -0.084364 0.058024
0.993989 -0.080453 0.074249
0.945962 -0.176959 0.271738
0.940635 -0.155448 0.301732
0.994744 -0.084364 0.058024
0.946552 -0.242844 0.212286
0.945962 -0.176959 0.271738
0.946552 -0.242844 0.212286
0.994744 -0.084364 0.058024
0.986647 -0.146935 -0.070263
0.986647 -0.146935 -0.070263
-0.107148 -0.981991 0.155606
0.946552 -0.242844 0.212286
-0.107148 -0.981991 0.155606
0.986647 -0.146935 -0.070263
-0.022627 -0.377313 -0.925810
0.988285 0.070951 0.135127
-0.019513 0.634848 0.772391
0.978176 0.013068 0.207368
-0.019513 0.634848 0.772391
0.988285 0.070951 0.135127
0.023401 0.794995 0.606165
0.993989 -0.080453 0.074249
0.978176 0.013068 0.207368
0.995005 -0.077855 0.062475
0.978176 0.013068 0.207368
0.993989 -0.080453 0.074249
0.988285 0.070951 0.135127
0.994744 -0.084364 0.058024
0.995005 -0.077855 0.062475
0.995046 -0.081770 0.056551
0.995005 -0.077855 0.062475
0.994744 -0.084364 0.058024
0.993989 -0.080453 0.074249
0.986647 -0.146935 -0.070263
0.995046 -0.081770 0.056551
0.987882 -0.151260 0.034792
0.995046 -0.081770 0.056551
0.986647 -0.146935 -0.070263
0.994744 -0.084364 0.058024
0.987882 -0.151260 0.034792
-0.022627 -0.377313 -0.925810
0.986647 -0.146935 -0.070263
-0.022627 -0.377313 -0.925810
0.987882 -0.151260 0.034792
-0.003648 -0.646815 -0.762639
0.978176 0.013068 0.207368
-0.067028 0.529631 0.845575
0.949939 -0.004307 0.312407
-0.067028 0.529631 0.845575
0.978176 0.013068 0.207368
-0.019513 0.634848 0.772391
0.995005 -0.077855 0.062475
0.949939 -0.004307 0.312407
0.991294 -0.091754 0.094431
0.949939 -0.004307 0.312407
0.995005 -0.077855 0.062475
0.978176 0.013068 0.207368
0.995046 -0.081770 0.056551
0.991294 -0.091754 0.094431
0.991184 -0.098251 0.088885
0.991294 -0.091754 0.094431
0.995046 -0.081770 0.056551
0.995005 -0.077855 0.062475
0.987882 -0.151260 0.034792
0.991184 -0.098251 0.088885
0.978927 -0.164600 0.120866
0.991184 -0.098251 0.088885
0.987882 -0.151260 0.034792
0.995046 -0.081770 0.056551
-0.003648 -0.646815 -0.762639
0.978927 -0.164600 0.120866
-0.075455 -0.931730 -0.355227
0.978927 -0.164600 0.120866
-0.003648 -0.646815 -0.762639
0.987882 -0.151260 0.034792
0.949939 -0.004307 0.312407
-0.141470 0.189360 0.971663
0.923168 -0.055861 0.380315
-0.141470 0.189360 0.971663
0.949939 -0.004307 0.312407
-0.067028 0.529631 0.845575
0.991294 -0.091754 0.094431
0.923168 -0.055861 0.380315
0.953768 -0.131953 0.270026
0.923168 -0.055861 0.380315
0.991294 -0.091754 0.094431
0.949939 -0.004307 0.312407
0.991184 -0.098251 0.088885
0.953768 -0.131953 0.270026
0.964364 -0.177077 0.196583
0.953768 -0.131953 0.270026
0.991184 -0.098251 0.088885
0.991294 -0.091754 0.094431
0.978927 -0.164600 0.120866
0.991184 -0.098251 0.088885
0.956305 -0.208831 0.204624
0.956305 -0.208831 0.204624
0.991184 -0.098251 0.088885
0.964364 -0.177077 0.196583
0.978927 -0.164600 0.120866
0.956305 -0.208831 0.204624
-0.155937 -0.942306 0.296213
-0.155937 -0.942306 0.296213
-0.075455 -0.931730 -0.355227
0.978927 -0.164600 0.120866
0.908578 -0.235919 -0.344716
-0.063700 -0.310489 -0.948440
-0.131530 -0.985668 -0.105635
-0.063700 -0.310489 -0.948440
0.908578 -0.235919 -0.344716
0.782172 -0.271507 -0.560796
0.745697 -0.274474 -0.607124
0.908578 -0.235919 -0.344716
0.906413 -0.190728 -0.376879
0.908578 -0.235919 -0.344716
0.745697 -0.274474 -0.607124
0.782172 -0.271507 -0.560796
0.745697 -0.274474 -0.607124
0.895347 -0.193815 -0.400984
0.733468 -0.293254 -0.613210
0.895347 -0.193815 -0.400984
0.745697 -0.274474 -0.607124
0.906413 -0.190728 -0.376879
0.740484 -0.196397 -0.642738
0.733468 -0.293254 -0.613210
0.835364 -0.059696 -0.546447
0.835364 -0.059696 -0.546447
0.733468 -0.293254 -0.613210
0.895347 -0.193815 -0.400984
0.000647 -0.137075 -0.990560
0.835364 -0.059696 -0.546447
-0.070932 0.394981 -0.915947
0.835364 -0.059696 -0.546447
0.000647 -0.137075 -0.990560
0.740484 -0.196397 -0.642738
-0.131530 -0.985668 -0.105635
0.977359 -0.194104 0.084226
0.989979 -0.129824 -0.055557
0.989979 -0.129824 -0.055557
0.908578 -0.235919 -0.344716
-0.131530 -0.985668 -0.105635
0.906413 -0.190728 -0.376879
0.908578 -0.235919 -0.344716
0.991376 -0.081467 -0.102644
0.989979 -0.129824 -0.055557
0.991376 -0.081467 -0.102644
0.908578 -0.235919 -0.344716
0.895347 -0.193815 -0.400984
0.906413 -0.190728 -0.376879
0.990923 -0.072887 -0.112955
0.990923 -0.072887 -0.112955
0.906413 -0.190728 -0.376879
0.991376 -0.081467 -0.102644
0.835364 -0.059696 -0.546447
0.895347 -0.193815 -0.400984
0.973635 0.016225 -0.227533
0.973635 0.016225 -0.227533
0.895347 -0.193815 -0.400984
0.990923 -0.072887 -0.112955
-0.070932 0.394981 -0.915947
0.973635 0.016225 -0.227533
0.879695 0.261299 -0.397315
0.973635 0.016225 -0.227533
-0.070932 0.394981 -0.915947
0.835364 -0.059696 -0.546447
0.986097 -0.133255 -0.099273
0.977359 -0.194104 0.084226
0.976695 -0.210014 -0.044294
0.977359 -0.194104 0.084226
0.986097 -0.133255 -0.099273
0.989979 -0.129824 -0.055557
0.991376 -0.081467 -0.102644
0.989979 -0.129824 -0.055557
0.992087 -0.079774 -0.096951
0.992087 -0.079774 -0.096951
0.989979 -0.129824 -0.055557
0.986097 -0.133255 -0.099273
0.990923 -0.072887 -0.112955
0.991376 -0.081467 -0.102644
0.992085 -0.071753 -0.103050
0.992085 -0.071753 -0.103050
0.991376 -0.081467 -0.102644
0.992087 -0.079774 -0.096951
0.976964 -0.001909 -0.213397
0.990923 -0.072887 -0.112955
0.992085 -0.071753 -0.103050
0.990923 -0.072887 -0.112955
0.976964 -0.001909 -0.213397
0.973635 0.016225 -0.227533
0.973635 0.016225 -0.227533
0.976964 -0.001909 -0.213397
0.887982 0.199227 -0.414484
0.887982 0.199227 -0.414484
0.879695 0.261299 -0.397315
0.973635 0.016225 -0.227533
-0.043908 0.637877 -0.768885
-0.025953 0.721480 -0.691949
0.887982 0.199227 -0.414484
0.879695 0.261299 -0.397315
0.887982 0.199227 -0.414484
-0.025953 0.721480 -0.691949
0.976695 -0.210014 -0.044294
0.951250 -0.268813 -0.151207
0.986097 -0.133255 -0.099273
0.986097 -0.133255 -0.099273
0.951250 -0.268813 -0.151207
0.976632 -0.166475 -0.135929
0.992087 -0.079774 -0.096951
0.976632 -0.166475 -0.135929
0.980045 -0.148526 -0.132108
0.976632 -0.166475 -0.135929
0.992087 -0.079774 -0.096951
0.986097 -0.133255 -0.099273
0.992085 -0.071753 -0.103050
0.980045 -0.148526 -0.132108
0.976896 -0.119517 -0.177175
0.980045 -0.148526 -0.132108
0.992085 -0.071753 -0.103050
0.992087 -0.079774 -0.096951
0.969626 -0.029398 -0.242818
0.976964 -0.001909 -0.213397
0.992085 -0.071753 -0.103050
0.969626 -0.029398 -0.242818
0.992085 -0.071753 -0.103050
0.976896 -0.119517 -0.177175
0.969626 -0.029398 -0.242818
0.887982 0.199227 -0.414484
0.976964 -0.001909 -0.213397
0.887982 0.199227 -0.414484
0.969626 -0.029398 -0.242818
0.882117 0.048833 -0.468491
-0.097764 0.294151 -0.950746
-0.043908 0.637877 -0.768885
0.882117 0.048833 -0.468491
0.887982 0.199227 -0.414484
0.882117 0.048833 -0.468491
-0.043908 0.637877 -0.768885
-0.768200 0.321159 -0.553828
-0.051983 0.538715 -0.840883
-0.737585 0.317450 -0.595982
-0.051983 0.538715 -0.840883
-0.768200 0.321159 -0.553828
-0.052520 0.528684 -0.847192
-0.045092 0.246598 -0.968068
0.246964 0.407820 -0.879029
0.278500 0.239669 -0.930052
0.246964 0.407820 -0.879029
-0.045092 0.246598 -0.968068
-0.049507 0.404648 -0.913131
0.278500 0.239669 -0.930052
0.984538 0.141139 0.103756
0.645936 0.299885 -0.702022
0.984538 0.141139 0.103756
0.278500 0.239669 -0.930052
0.246964 0.407820 -0.879029
0.046190 -0.290122 0.955874
-0.691902 0.182371 0.698579
-0.040970 -0.319167 0.946812
-0.691902 0.182371 0.698579
0.046190 -0.290122 0.955874
0.033149 0.069445 0.997035
-0.049507 0.404648 -0.913131
0.265491 0.508780 -0.818937
0.246964 0.407820 -0.879029
0.265491 0.508780 -0.818937
-0.049507 0.404648 -0.913131
-0.051372 0.493016 -0.868502
0.246964 0.407820 -0.879029
0.982518 0.129718 0.133533
0.984538 0.141139 0.103756
0.982518 0.129718 0.133533
0.246964 0.407820 -0.879029
0.265491 0.508780 -0.818937
0.046190 -0.290122 0.955874
-0.118229 -0.510662 0.851614
0.051233 -0.485426 0.872775
-0.118229 -0.510662 0.851614
0.046190 -0.290122 0.955874
-0.040970 -0.319167 0.946812
-0.051372 0.493016 -0.868502
0.324027 0.690749 -0.646431
0.265491 0.508780 -0.818937
0.324027 0.690749 -0.646431
-0.051372 0.493016 -0.868502
-0.053749 0.649851 -0.758159
0.982518 0.129718 0.133533
0.265491 0.508780 -0.818937
0.896492 0.248928 0.366519
0.896492 0.248928 0.366519
0.265491 0.508780 -0.818937
0.324027 0.690749 -0.646431
0.052692 -0.569689 0.820169
0.051233 -0.485426 0.872775
-0.176848 -0.656352 0.733435
-0.176848 -0.656352 0.733435
0.051233 -0.485426 0.872775
-0.118229 -0.510662 0.851614
-0.052970 0.860508 -0.506676
0.393015 0.856245 -0.335235
-0.053749 0.649851 -0.758159
0.393015 0.856245 -0.335235
0.324027 0.690749 -0.646431
-0.053749 0.649851 -0.758159
0.324027 0.690749 -0.646431
0.713660 0.225627 0.663161
0.896492 0.248928 0.366519
0.713660 0.225627 0.663161
0.324027 0.690749 -0.646431
0.393015 0.856245 -0.335235
0.052136 -0.898636 0.435587
0.052692 -0.569689 0.820169
-0.138415 -0.865256 0.481843
-0.138415 -0.865256 0.481843
0.052692 -0.569689 0.820169
-0.176848 -0.656352 0.733435
0.986735 0.161722 0.014113
0.497069 0.500694 -0.708681
0.972119 0.234209 -0.011443
0.497069 0.500694 -0.708681
0.986735 0.161722 0.014113
0.645936 0.299885 -0.702022
0.941309 0.164834 0.294564
0.874958 0.083929 0.476869
0.885752 0.085447 0.456227
0.885752 0.085447 0.456227
0.874958 0.083929 0.476869
0.862434 0.000000 0.506170
0.729582 0.620287 0.288018
0.477020 0.779906 0.405215
0.847540 0.499675 0.178891
0.477020 0.779906 0.405215
0.580175 0.701150 0.414472
0.847540 0.499675 0.178891
0.580175 0.701150 0.414472
0.477020 0.779906 0.405215
0.175680 0.835451 0.520728
0.580175 0.701150 0.414472
0.175680 0.835451 0.520728
0.126454 0.779880 0.613022
0.972119 0.234209 -0.011443
0.389453 0.634100 -0.668015
0.895198 0.445501 0.012206
0.389453 0.634100 -0.668015
0.972119 0.234209 -0.011443
0.497069 0.500694 -0.708681
0.885752 0.085447 0.456227
0.829567 0.213688 0.515904
0.823292 0.219722 0.523367
0.829567 0.213688 0.515904
0.885752 0.085447 0.456227
0.862434 0.000000 0.506170
0.523521 0.513918 0.679569
0.517878 0.598670 0.611062
0.867015 0.303014 0.395559
0.523521 0.513918 0.679569
0.867015 0.303014 0.395559
0.773523 0.352607 0.526621
0.523521 0.513918 0.679569
0.002290 0.636722 0.771090
0.517878 0.598670 0.611062
0.002290 0.636722 0.771090
-0.006533 0.747004 0.664788
0.517878 0.598670 0.611062
0.895198 0.445501 0.012206
0.250344 0.819446 -0.515593
0.539888 0.840293 0.049272
0.250344 0.819446 -0.515593
0.895198 0.445501 0.012206
0.389453 0.634100 -0.668015
0.823292 0.219722 0.523367
0.539888 0.840293 0.049272
0.488651 0.818978 0.300826
0.539888 0.840293 0.049272
0.823292 0.219722 0.523367
0.829567 0.213688 0.515904
0.773523 0.352607 0.526621
0.488651 0.818978 0.300826
0.264399 0.851649 0.452534
0.264399 0.851649 0.452534
0.523521 0.513918 0.679569
0.773523 0.352607 0.526621
0.523521 0.513918 0.679569
-0.016493 0.863357 0.504324
0.002290 0.636722 0.771090
-0.016493 0.863357 0.504324
0.523521 0.513918 0.679569
0.264399 0.851649 0.452534
0.635256 -0.198780 -0.746282
-0.006901 -0.195745 -0.980631
0.646217 -0.109848 -0.755207
-0.006901 -0.195745 -0.980631
-0.003828 -0.122108 -0.992509
0.646217 -0.109848 -0.755207
0.915669 -0.124353 -0.382212
0.928976 -0.111771 -0.352860
0.635256 -0.198780 -0.746282
0.915669 -0.124353 -0.382212
0.635256 -0.198780 -0.746282
0.646217 -0.109848 -0.755207
0.992651 -0.119790 0.017167
0.997040 -0.073629 0.022127
0.928976 -0.111771 -0.352860
0.992651 -0.119790 0.017167
0.928976 -0.111771 -0.352860
0.915669 -0.124353 -0.382212
0.957008 -0.039291 0.287388
0.997040 -0.073629 0.022127
0.951966 -0.041581 0.303367
0.997040 -0.073629 0.022127
0.992651 -0.119790 0.017167
0.951966 -0.041581 0.303367
0.875254 -0.073344 0.478071
0.951966 -0.041581 0.303367
0.860826 -0.069016 0.504197
0.951966 -0.041581 0.303367
0.875254 -0.073344 0.478071
0.957008 -0.039291 0.287388
-0.038399 0.220567 0.974616
-0.089593 -0.766960 0.635410
0.969852 -0.233602 0.069413
-0.038399 0.220567 0.974616
0.969852 -0.233602 0.069413
0.980869 0.048828 0.188447
0.631208 -0.273924 -0.725632
-0.019195 -0.248054 -0.968556
0.632121 -0.238846 -0.737140
-0.019195 -0.248054 -0.968556
0.631208 -0.273924 -0.725632
-0.037654 -0.294172 -0.955010
0.908236 -0.188056 -0.373822
0.906126 -0.204880 -0.370081
0.631208 -0.273924 -0.725632
0.908236 -0.188056 -0.373822
0.631208 -0.273924 -0.725632
0.632121 -0.238846 -0.737140
0.997411 -0.068669 0.021364
0.997324 -0.069044 0.024032
0.906126 -0.204880 -0.370081
0.997411 -0.068669 0.021364
0.906126 -0.204880 -0.370081
0.908236 -0.188056 -0.373822
0.957665 -0.035476 0.285692
0.997324 -0.069044 0.024032
0.958046 -0.033950 0.284596
0.958046 -0.033950 0.284596
0.997324 -0.069044 0.024032
0.997411 -0.068669 0.021364
0.858551 -0.121683 0.498080
0.958046 -0.033950 0.284596
0.865674 -0.089350 0.492571
0.958046 -0.033950 0.284596
0.858551 -0.121683 0.498080
0.957665 -0.035476 0.285692
0.979023 -0.199696 -0.040435
-0.066390 -0.126484 0.989745
-0.083819 -0.955670 0.282257
-0.066390 -0.126484 0.989745
0.979023 -0.199696 -0.040435
0.976228 0.026508 0.215117
0.656520 -0.283035 -0.699194
-0.044868 -0.346542 -0.936961
0.629096 -0.306918 -0.714171
-0.044868 -0.346542 -0.936961
-0.044084 -0.332746 -0.941986
0.629096 -0.306918 -0.714171
0.920358 -0.167841 -0.353228
0.913677 -0.184051 -0.362381
0.656520 -0.283035 -0.699194
0.920358 -0.167841 -0.353228
0.656520 -0.283035 -0.699194
0.629096 -0.306918 -0.714171
0.997429 -0.068091 0.022316
0.997020 -0.073048 0.024794
0.913677 -0.184051 -0.362381
0.997429 -0.068091 0.022316
0.913677 -0.184051 -0.362381
0.920358 -0.167841 -0.353228
0.950854 -0.044634 0.306405
0.997020 -0.073048 0.024794
0.955694 -0.034714 0.292306
0.955694 -0.034714 0.292306
0.997020 -0.073048 0.024794
0.997429 -0.068091 0.022316
0.881414 -0.089530 0.463782
0.955694 -0.034714 0.292306
0.856935 -0.137537 0.496735
0.955694 -0.034714 0.292306
0.881414 -0.089530 0.463782
0.950854 -0.044634 0.306405
0.986244 -0.157189 -0.051124
-0.089072 -0.559689 0.823902
-0.068546 -0.997133 -0.032055
-0.089072 -0.559689 0.823902
0.986244 -0.157189 -0.051124
0.978973 -0.010301 0.203730
0.860826 -0.069016 0.504197
0.903078 -0.244562 0.353043
-0.030394 -0.071034 0.997011
-0.030394 -0.071034 0.997011
0.903078 -0.244562 0.353043
-0.025264 -0.841992 0.538898
0.854444 0.076418 0.513892
-0.032989 0.322283 0.946068
0.897307 0.235795 0.373150
0.897307 0.235795 0.373150
-0.032989 0.322283 0.946068
-0.011542 0.868824 0.494987
0.860826 -0.069016 0.504197
0.854444 0.076418 0.513892
0.903078 -0.244562 0.353043
0.903078 -0.244562 0.353043
0.854444 0.076418 0.513892
0.897307 0.235795 0.373150
0.903078 -0.244562 0.353043
0.983538 -0.172503 0.053812
-0.025264 -0.841992 0.538898
-0.011542 0.868824 0.494987
0.001950 0.969537 0.244936
0.980926 0.167818 0.098085
0.980926 0.167818 0.098085
0.897307 0.235795 0.373150
-0.011542 0.868824 0.494987
0.897307 0.235795 0.373150
0.980926 0.167818 0.098085
0.983538 -0.172503 0.053812
0.983538 -0.172503 0.053812
0.903078 -0.244562 0.353043
0.897307 0.235795 0.373150
0.983538 -0.172503 0.053812
0.982804 -0.184650 0.000763
-0.001524 -0.875054 -0.484024
-0.001808 0.934150 0.356875
0.980926 0.167818 0.098085
0.001950 0.969537 0.244936
0.980926 0.167818 0.098085
-0.001808 0.934150 0.356875
0.984165 0.139378 0.109512
0.983538 -0.172503 0.053812
0.984165 0.139378 0.109512
0.982804 -0.184650 0.000763
0.984165 0.139378 0.109512
0.983538 -0.172503 0.053812
0.980926 0.167818 0.098085
-0.001524 -0.875054 -0.484024
0.978237 -0.206386 -0.021363
0.002337 -0.848681 -0.528899
0.978237 -0.206386 -0.021363
-0.001524 -0.875054 -0.484024
0.982804 -0.184650 0.000763
0.984165 0.139378 0.109512
-0.009064 0.811761 0.583919
0.973084 0.118623 0.197578
-0.009064 0.811761 0.583919
0.984165 0.139378 0.109512
-0.001808 0.934150 0.356875
0.982804 -0.184650 0.000763
0.973084 0.118623 0.197578
0.978237 -0.206386 -0.021363
0.973084 0.118623 0.197578
0.982804 -0.184650 0.000763
0.984165 0.139378 0.109512
0.972863 -0.225835 0.050355
0.002337 -0.848681 -0.528899
0.978237 -0.206386 -0.021363
-0.079304 -0.857607 0.508155
0.002337 -0.848681 -0.528899
0.972863 -0.225835 0.050355
-0.009064 0.811761 0.583919
0.965758 0.087744 0.244158
0.973084 0.118623 0.197578
-0.009064 0.811761 0.583919
-0.073555 0.122195 0.989777
0.965758 0.087744 0.244158
0.978237 -0.206386 -0.021363
0.965758 0.087744 0.244158
0.972863 -0.225835 0.050355
0.965758 0.087744 0.244158
0.978237 -0.206386 -0.021363
0.973084 0.118623 0.197578
0.890558 -0.063010 0.450484
-0.032989 0.322283 0.946068
0.854444 0.076418 0.513892
-0.032989 0.322283 0.946068
0.890558 -0.063010 0.450484
-0.035467 -0.518897 0.854100
0.806055 0.298348 0.511140
-0.004924 0.888040 0.459739
0.913304 0.210052 0.348933
-0.004924 0.888040 0.459739
0.806055 0.298348 0.511140
0.003260 0.557643 0.830075
0.913304 0.210052 0.348933
0.854444 0.076418 0.513892
0.806055 0.298348 0.511140
0.854444 0.076418 0.513892
0.913304 0.210052 0.348933
0.890558 -0.063010 0.450484
0.985399 -0.132074 0.107453
-0.035467 -0.518897 0.854100
0.890558 -0.063010 0.450484
-0.035467 -0.518897 0.854100
0.985399 -0.132074 0.107453
-0.023548 -0.912079 0.409337
-0.013581 0.840081 0.542291
0.953166 -0.198838 0.227899
0.953569 0.279528 0.112118
-0.013581 0.840081 0.542291
-0.054728 -0.202458 0.977761
0.953166 -0.198838 0.227899
0.988221 0.103321 0.112888
0.890558 -0.063010 0.450484
0.913304 0.210052 0.348933
0.890558 -0.063010 0.450484
0.988221 0.103321 0.112888
0.985399 -0.132074 0.107453
0.984624 -0.164094 0.059913
-0.023548 -0.912079 0.409337
0.985399 -0.132074 0.107453
-0.023548 -0.912079 0.409337
0.984624 -0.164094 0.059913
-0.021369 -0.993124 0.115105
0.002299 0.957499 0.288427
0.015184 0.999874 0.004716
0.990503 0.130128 0.044397
0.990503 0.130128 0.044397
0.988221 0.103321 0.112888
0.002299 0.957499 0.288427
0.990503 0.130128 0.044397
0.985399 -0.132074 0.107453
0.988221 0.103321 0.112888
0.985399 -0.132074 0.107453
0.990503 0.130128 0.044397
0.984624 -0.164094 0.059913
0.981749 -0.184680 0.045407
-0.021369 -0.993124 0.115105
0.984624 -0.164094 0.059913
-0.021369 -0.993124 0.115105
0.981749 -0.184680 0.045407
-0.018496 -0.999659 -0.018411
0.015184 0.999874 0.004716
0.016345 0.998251 0.056808
0.989658 0.131630 0.057014
0.989658 0.131630 0.057014
0.990503 0.130128 0.044397
0.015184 0.999874 0.004716
0.989658 0.131630 0.057014
0.984624 -0.164094 0.059913
0.990503 0.130128 0.044397
0.984624 -0.164094 0.059913
0.989658 0.131630 0.057014
0.981749 -0.184680 0.045407
0.968730 -0.244138 0.044250
-0.018496 -0.999659 -0.018411
0.981749 -0.184680 0.045407
-0.018496 -0.999659 -0.018411
0.968730 -0.244138 0.044250
-0.033363 -0.986030 -0.163194
0.017905 0.944489 0.328054
0.989658 0.131630 0.057014
0.016345 0.998251 0.056808
0.989658 0.131630 0.057014
0.017905 0.944489 0.328054
0.982283 0.125873 0.138841
0.981749 -0.184680 0.045407
0.982283 0.125873 0.138841
0.968730 -0.244138 0.044250
0.982283 0.125873 0.138841
0.981749 -0.184680 0.045407
0.989658 0.131630 0.057014
0.858909 -0.130756 0.495155
0.852631 -0.305641 0.423797
-0.025744 -0.196840 0.980098
-0.025744 -0.196840 0.980098
0.852631 -0.305641 0.423797
-0.088457 -0.806678 0.584334
-0.030394 -0.071034 0.997011
0.893453 0.141291 0.426356
0.860826 -0.069016 0.504197
0.893453 0.141291 0.426356
-0.030394 -0.071034 0.997011
0.012498 0.766689 0.641897
0.875254 -0.073344 0.478071
0.893453 0.141291 0.426356
0.924611 -0.086670 0.370923
0.893453 0.141291 0.426356
0.875254 -0.073344 0.478071
0.860826 -0.069016 0.504197
0.924611 -0.086670 0.370923
0.865674 -0.089350 0.492571
0.875254 -0.073344 0.478071
0.865674 -0.089350 0.492571
0.924611 -0.086670 0.370923
0.924893 -0.097282 0.367573
0.858551 -0.121683 0.498080
0.924893 -0.097282 0.367573
0.927444 -0.106056 0.358608
0.924893 -0.097282 0.367573
0.858551 -0.121683 0.498080
0.865674 -0.089350 0.492571
0.856935 -0.137537 0.496735
0.927444 -0.106056 0.358608
0.928225 -0.122268 0.351352
0.927444 -0.106056 0.358608
0.856935 -0.137537 0.496735
0.858551 -0.121683 0.498080
0.881414 -0.089530 0.463782
0.856935 -0.137537 0.496735
0.920878 -0.148397 0.360502
0.928225 -0.122268 0.351352
0.920878 -0.148397 0.360502
0.856935 -0.137537 0.496735
0.920878 -0.148397 0.360502
0.852631 -0.305641 0.423797
0.881414 -0.089530 0.463782
0.852631 -0.305641 0.423797
0.858909 -0.130756 0.495155
0.881414 -0.089530 0.463782
-0.079991 -0.981534 0.173762
-0.088457 -0.806678 0.584334
0.960542 -0.255019 0.111011
0.960542 -0.255019 0.111011
-0.088457 -0.806678 0.584334
0.852631 -0.305641 0.423797
0.012498 0.766689 0.641897
0.037550 0.937831 0.345055
0.990010 0.079791 0.116250
0.990010 0.079791 0.116250
0.893453 0.141291 0.426356
0.012498 0.766689 0.641897
0.924611 -0.086670 0.370923
0.990010 0.079791 0.116250
0.991098 -0.080489 0.106048
0.990010 0.079791 0.116250
0.924611 -0.086670 0.370923
0.893453 0.141291 0.426356
0.924893 -0.097282 0.367573
0.991098 -0.080489 0.106048
0.991415 -0.083158 0.100896
0.991098 -0.080489 0.106048
0.924893 -0.097282 0.367573
0.924611 -0.086670 0.370923
0.927444 -0.106056 0.358608
0.991415 -0.083158 0.100896
0.991980 -0.084878 0.093652
0.991415 -0.083158 0.100896
0.927444 -0.106056 0.358608
0.924893 -0.097282 0.367573
0.928225 -0.122268 0.351352
0.991980 -0.084878 0.093652
0.991877 -0.088310 0.091553
0.991980 -0.084878 0.093652
0.928225 -0.122268 0.351352
0.927444 -0.106056 0.358608
0.920878 -0.148397 0.360502
0.991877 -0.088310 0.091553
0.986451 -0.143059 0.080304
0.991877 -0.088310 0.091553
0.920878 -0.148397 0.360502
0.928225 -0.122268 0.351352
0.852631 -0.305641 0.423797
0.920878 -0.148397 0.360502
0.960542 -0.255019 0.111011
0.960542 -0.255019 0.111011
0.920878 -0.148397 0.360502
0.986451 -0.143059 0.080304
-0.079798 -0.449370 0.889775
0.978465 -0.204873 0.025180
-0.054861 -0.973747 -0.220924
0.991098 -0.080489 0.106048
0.978465 -0.204873 0.025180
-0.079798 -0.449370 0.889775
0.037550 0.937831 0.345055
0.042576 0.912857 0.406053
0.992947 0.047301 0.108717
0.992947 0.047301 0.108717
0.990010 0.079791 0.116250
0.037550 0.937831 0.345055
0.978465 -0.204873 0.025180
0.991098 -0.080489 0.106048
0.990010 0.079791 0.116250
0.978465 -0.204873 0.025180
0.990010 0.079791 0.116250
0.992947 0.047301 0.108717
0.977704 -0.209804 -0.008774
-0.054861 -0.973747 -0.220924
0.978465 -0.204873 0.025180
-0.054861 -0.973747 -0.220924
0.977704 -0.209804 -0.008774
-0.041241 -0.906258 -0.420708
0.991350 0.055313 0.119019
0.992947 0.047301 0.108717
0.042576 0.912857 0.406053
0.991350 0.055313 0.119019
0.042576 0.912857 0.406053
0.038935 0.894814 0.444737
0.978465 -0.204873 0.025180
0.991350 0.055313 0.119019
0.977704 -0.209804 -0.008774
0.991350 0.055313 0.119019
0.978465 -0.204873 0.025180
0.992947 0.047301 0.108717
-0.041241 -0.906258 -0.420708
0.974274 -0.225078 -0.011445
-0.044119 -0.920738 -0.387679
0.974274 -0.225078 -0.011445
-0.041241 -0.906258 -0.420708
0.977704 -0.209804 -0.008774
0.988320 0.072089 0.134262
0.991350 0.055313 0.119019
0.038935 0.894814 0.444737
0.988320 0.072089 0.134262
0.038935 0.894814 0.444737
0.035789 0.877741 0.477797
0.977704 -0.209804 -0.008774
0.988320 0.072089 0.134262
0.974274 -0.225078 -0.011445
0.988320 0.072089 0.134262
0.977704 -0.209804 -0.008774
0.991350 0.055313 0.119019
-0.089593 -0.766960 0.635410
-0.044119 -0.920738 -0.387679
0.969852 -0.233602 0.069413
0.969852 -0.233602 0.069413
-0.044119 -0.920738 -0.387679
0.974274 -0.225078 -0.011445
0.035789 0.877741 0.477797
-0.038399 0.220567 0.974616
0.980869 0.048828 0.188447
0.980869 0.048828 0.188447
0.988320 0.072089 0.134262
0.035789 0.877741 0.477797
0.974274 -0.225078 -0.011445
0.980869 0.048828 0.188447
0.969852 -0.233602 0.069413
0.980869 0.048828 0.188447
0.974274 -0.225078 -0.011445
0.988320 0.072089 0.134262
0.984200 -0.176637 0.012208
-0.064258 -0.069419 0.995516
0.991415 -0.083158 0.100896
-0.064258 -0.069419 0.995516
0.984200 -0.176637 0.012208
-0.039965 -0.904571 -0.424447
0.987420 0.040053 0.152965
0.991098 -0.080489 0.106048
-0.079798 -0.449370 0.889775
0.987420 0.040053 0.152965
-0.079798 -0.449370 0.889775
0.015908 0.755946 0.654441
0.991415 -0.083158 0.100896
0.987420 0.040053 0.152965
0.984200 -0.176637 0.012208
0.987420 0.040053 0.152965
0.991415 -0.083158 0.100896
0.991098 -0.080489 0.106048
-0.039965 -0.904571 -0.424447
0.980214 -0.194940 -0.034334
-0.024068 -0.803939 -0.594224
0.980214 -0.194940 -0.034334
-0.039965 -0.904571 -0.424447
0.984200 -0.176637 0.012208
0.987420 0.040053 0.152965
0.019146 0.770234 0.637474
0.985124 0.057992 0.161767
0.019146 0.770234 0.637474
0.987420 0.040053 0.152965
0.015908 0.755946 0.654441
0.984200 -0.176637 0.012208
0.985124 0.057992 0.161767
0.980214 -0.194940 -0.034334
0.985124 0.057992 0.161767
0.984200 -0.176637 0.012208
0.987420 0.040053 0.152965
-0.024068 -0.803939 -0.594224
0.972811 -0.222776 -0.063323
-0.022342 -0.790002 -0.612697
0.972811 -0.222776 -0.063323
-0.024068 -0.803939 -0.594224
0.980214 -0.194940 -0.034334
0.019146 0.770234 0.637474
0.977682 0.088035 0.190758
0.985124 0.057992 0.161767
0.977682 0.088035 0.190758
0.019146 0.770234 0.637474
0.017774 0.756142 0.654166
0.980214 -0.194940 -0.034334
0.977682 0.088035 0.190758
0.972811 -0.222776 -0.063323
0.977682 0.088035 0.190758
0.980214 -0.194940 -0.034334
0.985124 0.057992 0.161767
0.968379 -0.247793 -0.028992
-0.022342 -0.790002 -0.612697
0.972811 -0.222776 -0.063323
-0.085022 -0.943445 0.320442
-0.022342 -0.790002 -0.612697
0.968379 -0.247793 -0.028992
0.017774 0.756142 0.654166
0.969302 0.077215 0.233433
0.977682 0.088035 0.190758
0.017774 0.756142 0.654166
-0.068076 -0.145567 0.987004
0.969302 0.077215 0.233433
0.968379 -0.247793 -0.028992
0.972811 -0.222776 -0.063323
0.977682 0.088035 0.190758
0.968379 -0.247793 -0.028992
0.977682 0.088035 0.190758
0.969302 0.077215 0.233433
0.983281 0.031852 0.179289
0.991415 -0.083158 0.100896
-0.064258 -0.069419 0.995516
0.983281 0.031852 0.179289
-0.064258 -0.069419 0.995516
0.001526 0.642807 0.766027
0.991980 -0.084878 0.093652
0.983281 0.031852 0.179289
0.985465 -0.169756 -0.006485
0.983281 0.031852 0.179289
0.991980 -0.084878 0.093652
0.991415 -0.083158 0.100896
0.985465 -0.169756 -0.006485
-0.081468 -0.401866 0.912067
0.991980 -0.084878 0.093652
-0.081468 -0.401866 0.912067
0.985465 -0.169756 -0.006485
-0.020072 -0.777799 -0.628193
0.001526 0.642807 0.766027
0.982244 0.039101 0.183490
0.983281 0.031852 0.179289
0.982244 0.039101 0.183490
0.001526 0.642807 0.766027
0.003457 0.648806 0.760946
0.985465 -0.169756 -0.006485
0.982244 0.039101 0.183490
0.981704 -0.181001 -0.059126
0.982244 0.039101 0.183490
0.985465 -0.169756 -0.006485
0.983281 0.031852 0.179289
-0.020072 -0.777799 -0.628193
0.981704 -0.181001 -0.059126
-0.008025 -0.685884 -0.727667
0.981704 -0.181001 -0.059126
-0.020072 -0.777799 -0.628193
0.985465 -0.169756 -0.006485
0.003457 0.648806 0.760946
0.978678 0.047266 0.199889
0.982244 0.039101 0.183490
0.978678 0.047266 0.199889
0.003457 0.648806 0.760946
0.001192 0.629938 0.776645
0.981704 -0.181001 -0.059126
0.978678 0.047266 0.199889
0.980303 -0.182485 -0.075531
0.978678 0.047266 0.199889
0.981704 -0.181001 -0.059126
0.982244 0.039101 0.183490
-0.008025 -0.685884 -0.727667
0.980303 -0.182485 -0.075531
-0.003457 -0.647370 -0.762168
0.980303 -0.182485 -0.075531
-0.008025 -0.685884 -0.727667
0.981704 -0.181001 -0.059126
0.001192 0.629938 0.776645
0.976228 0.026508 0.215117
0.978678 0.047266 0.199889
0.001192 0.629938 0.776645
-0.066390 -0.126484 0.989745
0.976228 0.026508 0.215117
0.980303 -0.182485 -0.075531
0.976228 0.026508 0.215117
0.979023 -0.199696 -0.040435
0.976228 0.026508 0.215117
0.980303 -0.182485 -0.075531
0.978678 0.047266 0.199889
0.979023 -0.199696 -0.040435
-0.003457 -0.647370 -0.762168
0.980303 -0.182485 -0.075531
-0.083819 -0.955670 0.282257
-0.003457 -0.647370 -0.762168
0.979023 -0.199696 -0.040435
0.991877 -0.088310 0.091553
0.985421 -0.162509 -0.050355
-0.089783 -0.549728 0.830505
0.001091 -0.615510 -0.788128
-0.089783 -0.549728 0.830505
0.985421 -0.162509 -0.050355
0.983232 -0.002289 0.182342
0.991980 -0.084878 0.093652
-0.081468 -0.401866 0.912067
0.983232 -0.002289 0.182342
-0.081468 -0.401866 0.912067
-0.015615 0.483089 0.875432
0.991877 -0.088310 0.091553
0.983232 -0.002289 0.182342
0.985421 -0.162509 -0.050355
0.983232 -0.002289 0.182342
0.991877 -0.088310 0.091553
0.991980 -0.084878 0.093652
0.001091 -0.615510 -0.788128
0.986322 -0.148594 -0.071332
0.010517 -0.525220 -0.850902
0.986322 -0.148594 -0.071332
0.001091 -0.615510 -0.788128
0.985421 -0.162509 -0.050355
-0.015615 0.483089 0.875432
0.980540 0.009698 0.196077
0.983232 -0.002289 0.182342
0.980540 0.009698 0.196077
-0.015615 0.483089 0.875432
-0.013786 0.495388 0.868563
0.985421 -0.162509 -0.050355
0.980540 0.009698 0.196077
0.986322 -0.148594 -0.071332
0.980540 0.009698 0.196077
0.985421 -0.162509 -0.050355
0.983232 -0.002289 0.182342
0.010517 -0.525220 -0.850902
0.983100 -0.158311 -0.091935
0.012343 -0.507431 -0.861604
0.983100 -0.158311 -0.091935
0.010517 -0.525220 -0.850902
0.986322 -0.148594 -0.071332
-0.013786 0.495388 0.868563
0.974964 0.021937 0.221279
0.980540 0.009698 0.196077
0.974964 0.021937 0.221279
-0.013786 0.495388 0.868563
-0.015027 0.483724 0.875092
0.986322 -0.148594 -0.071332
0.974964 0.021937 0.221279
0.983100 -0.158311 -0.091935
0.974964 0.021937 0.221279
0.986322 -0.148594 -0.071332
0.980540 0.009698 0.196077
0.978118 -0.207813 -0.009951
0.012343 -0.507431 -0.861604
0.983100 -0.158311 -0.091935
-0.103005 -0.988238 0.113029
0.012343 -0.507431 -0.861604
0.978118 -0.207813 -0.009951
-0.015027 0.483724 0.875092
0.954079 -0.011483 0.299334
0.974964 0.021937 0.221279
-0.015027 0.483724 0.875092
-0.135616 -0.277736 0.951037
0.954079 -0.011483 0.299334
0.983100 -0.158311 -0.091935
0.954079 -0.011483 0.299334
0.978118 -0.207813 -0.009951
0.954079 -0.011483 0.299334
0.983100 -0.158311 -0.091935
0.974964 0.021937 0.221279
0.979876 -0.005818 0.199521
0.991877 -0.088310 0.091553
-0.089783 -0.549728 0.830505
0.979876 -0.005818 0.199521
-0.089783 -0.549728 0.830505
-0.021439 0.431407 0.901903
0.986451 -0.143059 0.080304
0.979876 -0.005818 0.199521
0.986493 -0.156592 -0.048065
0.979876 -0.005818 0.199521
0.986451 -0.143059 0.080304
0.991877 -0.088310 0.091553
0.986451 -0.143059 0.080304
0.986493 -0.156592 -0.048065
-0.021043 -0.796895 -0.603752
0.006605 -0.566452 -0.824068
-0.021043 -0.796895 -0.603752
0.986493 -0.156592 -0.048065
0.985388 -0.013876 0.169759
-0.021439 0.431407 0.901903
-0.018521 0.448490 0.893596
-0.021439 0.431407 0.901903
0.985388 -0.013876 0.169759
0.979876 -0.005818 0.199521
0.985388 -0.013876 0.169759
0.986493 -0.156592 -0.048065
0.979876 -0.005818 0.199521
0.986493 -0.156592 -0.048065
0.985388 -0.013876 0.169759
0.989516 -0.131247 -0.060271
0.989516 -0.131247 -0.060271
0.006605 -0.566452 -0.824068
0.986493 -0.156592 -0.048065
0.006605 -0.566452 -0.824068
0.989516 -0.131247 -0.060271
0.017384 -0.459086 -0.888222
0.983154 -0.004768 0.182717
-0.018521 0.448490 0.893596
-0.016063 0.465969 0.884655
-0.018521 0.448490 0.893596
0.983154 -0.004768 0.182717
0.985388 -0.013876 0.169759
0.983154 -0.004768 0.182717
0.989516 -0.131247 -0.060271
0.985388 -0.013876 0.169759
0.989516 -0.131247 -0.060271
0.983154 -0.004768 0.182717
0.988629 -0.136567 -0.062943
0.017384 -0.459086 -0.888222
0.988629 -0.136567 -0.062943
0.014065 -0.489379 -0.871957
0.988629 -0.136567 -0.062943
0.017384 -0.459086 -0.888222
0.989516 -0.131247 -0.060271
-0.016063 0.465969 0.884655
-0.089072 -0.559689 0.823902
0.978973 -0.010301 0.203730
-0.016063 0.465969 0.884655
0.978973 -0.010301 0.203730
0.983154 -0.004768 0.182717
0.988629 -0.136567 -0.062943
0.978973 -0.010301 0.203730
0.986244 -0.157189 -0.051124
0.978973 -0.010301 0.203730
0.988629 -0.136567 -0.062943
0.983154 -0.004768 0.182717
0.986244 -0.157189 -0.051124
0.014065 -0.489379 -0.871957
0.988629 -0.136567 -0.062943
-0.068546 -0.997133 -0.032055
0.014065 -0.489379 -0.871957
0.986244 -0.157189 -0.051124
0.016306 0.786985 -0.616757
0.913304 0.210052 0.348933
-0.004924 0.888040 0.459739
0.913304 0.210052 0.348933
0.016306 0.786985 -0.616757
0.980398 0.179958 -0.080215
0.988221 0.103321 0.112888
0.913304 0.210052 0.348933
0.991217 -0.040499 0.125892
0.991217 -0.040499 0.125892
0.913304 0.210052 0.348933
0.980398 0.179958 -0.080215
-0.038985 -0.018054 0.999077
0.988221 0.103321 0.112888
0.991217 -0.040499 0.125892
0.988221 0.103321 0.112888
-0.038985 -0.018054 0.999077
0.002299 0.957499 0.288427
0.018620 0.868465 -0.495400
0.980398 0.179958 -0.080215
0.016306 0.786985 -0.616757
0.980398 0.179958 -0.080215
0.018620 0.868465 -0.495400
0.976760 0.192919 -0.093397
0.976760 0.192919 -0.093397
0.991217 -0.040499 0.125892
0.980398 0.179958 -0.080215
0.991217 -0.040499 0.125892
0.976760 0.192919 -0.093397
0.966252 -0.212316 0.145872
-0.038985 -0.018054 0.999077
0.991217 -0.040499 0.125892
-0.019205 -0.854320 0.519392
-0.019205 -0.854320 0.519392
0.991217 -0.040499 0.125892
0.966252 -0.212316 0.145872
0.019425 0.917096 -0.398192
0.976760 0.192919 -0.093397
0.018620 0.868465 -0.495400
0.976760 0.192919 -0.093397
0.019425 0.917096 -0.398192
0.974716 0.212227 -0.069912
0.974716 0.212227 -0.069912
0.966252 -0.212316 0.145872
0.976760 0.192919 -0.093397
0.966252 -0.212316 0.145872
0.974716 0.212227 -0.069912
0.964321 -0.234452 0.122953
0.964321 -0.234452 0.122953
-0.019205 -0.854320 0.519392
0.966252 -0.212316 0.145872
-0.019205 -0.854320 0.519392
0.964321 -0.234452 0.122953
-0.019270 -0.919440 0.392759
0.023666 0.980607 -0.194552
0.974716 0.212227 -0.069912
0.019425 0.917096 -0.398192
0.974716 0.212227 -0.069912
0.023666 0.980607 -0.194552
0.966560 0.256301 -0.008441
0.966560 0.256301 -0.008441
0.964321 -0.234452 0.122953
0.974716 0.212227 -0.069912
0.964321 -0.234452 0.122953
0.966560 0.256301 -0.008441
0.955329 -0.275678 0.106529
0.955329 -0.275678 0.106529
-0.019270 -0.919440 0.392759
0.964321 -0.234452 0.122953
-0.019270 -0.919440 0.392759
0.955329 -0.275678 0.106529
-0.025631 -0.972402 0.231899
0.023666 0.980607 -0.194552
-0.013581 0.840081 0.542291
0.953569 0.279528 0.112118
0.023666 0.980607 -0.194552
0.953569 0.279528 0.112118
0.966560 0.256301 -0.008441
0.953569 0.279528 0.112118
0.955329 -0.275678 0.106529
0.966560 0.256301 -0.008441
0.955329 -0.275678 0.106529
0.953569 0.279528 0.112118
0.953166 -0.198838 0.227899
0.953166 -0.198838 0.227899
-0.025631 -0.972402 0.231899
0.955329 -0.275678 0.106529
-0.025631 -0.972402 0.231899
0.953166 -0.198838 0.227899
-0.054728 -0.202458 0.977761
-0.033363 -0.986030 -0.163194
0.951302 -0.250222 0.180038
-0.092564 -0.594242 0.798942
0.951302 -0.250222 0.180038
-0.033363 -0.986030 -0.163194
0.968730 -0.244138 0.044250
0.017905 0.944489 0.328054
-0.048798 0.459457 0.886859
0.963857 0.082416 0.253353
0.963857 0.082416 0.253353
0.982283 0.125873 0.138841
0.017905 0.944489 0.328054
0.968730 -0.244138 0.044250
0.963857 0.082416 0.253353
0.951302 -0.250222 0.180038
0.963857 0.082416 0.253353
0.968730 -0.244138 0.044250
0.982283 0.125873 0.138841
0.576209 -0.074029 -0.813943
0.809240 -0.275470 -0.518890
0.480880 -0.061058 -0.874658
0.809240 -0.275470 -0.518890
0.576209 -0.074029 -0.813943
0.808448 -0.212127 -0.549012
0.960651 -0.275507 -0.035297
0.809240 -0.275470 -0.518890
0.994187 -0.106036 0.018690
0.994187 -0.106036 0.018690
0.809240 -0.275470 -0.518890
0.808448 -0.212127 -0.549012
-0.737585 0.317450 -0.595982
-0.049601 0.388227 -0.920228
-0.537862 0.264758 -0.800379
-0.049601 0.388227 -0.920228
-0.737585 0.317450 -0.595982
-0.051983 0.538715 -0.840883
-0.537862 0.264758 -0.800379
-0.045526 0.262522 -0.963852
-0.340020 0.259360 -0.903946
-0.045526 0.262522 -0.963852
-0.537862 0.264758 -0.800379
-0.049601 0.388227 -0.920228
0.773523 0.352607 0.526621
0.867015 0.303014 0.395559
0.885752 0.085447 0.456227
0.773523 0.352607 0.526621
0.885752 0.085447 0.456227
0.823292 0.219722 0.523367
0.867015 0.303014 0.395559
0.937729 0.317538 0.140831
0.941309 0.164834 0.294564
0.941309 0.164834 0.294564
0.885752 0.085447 0.456227
0.867015 0.303014 0.395559
0.966652 0.180800 0.181372
0.937729 0.317538 0.140831
0.981469 0.190725 0.018500
0.937729 0.317538 0.140831
0.966652 0.180800 0.181372
0.941309 0.164834 0.294564
0.985211 0.125881 0.116249
0.943044 0.253361 0.215586
0.962010 0.221217 0.160001
0.985211 0.125881 0.116249
0.958679 0.157983 0.236593
0.943044 0.253361 0.215586
0.972119 0.234209 -0.011443
0.895198 0.445501 0.012206
0.862434 0.000000 0.506170
0.829567 0.213688 0.515904
0.862434 0.000000 0.506170
0.895198 0.445501 0.012206
0.986735 0.161722 0.014113
0.972119 0.234209 -0.011443
0.874958 0.083929 0.476869
0.862434 0.000000 0.506170
0.874958 0.083929 0.476869
0.972119 0.234209 -0.011443
0.874958 0.083929 0.476869
0.878766 0.207464 0.429801
0.982163 0.177726 0.061403
0.982163 0.177726 0.061403
0.986735 0.161722 0.014113
0.874958 0.083929 0.476869
0.874145 0.304415 0.378421
0.877507 0.333525 0.344592
0.978448 0.204503 0.028615
0.874145 0.304415 0.378421
0.978448 0.204503 0.028615
0.981221 0.190751 0.028613
0.505606 0.776696 0.375640
-0.150978 0.872933 0.463889
0.647087 0.469498 0.600708
-0.275194 0.625198 0.730340
0.647087 0.469498 0.600708
-0.150978 0.872933 0.463889
0.002622 0.630860 0.775893
-0.227956 0.630726 0.741769
-0.017076 0.759038 0.650822
0.002622 0.630860 0.775893
-0.017076 0.759038 0.650822
0.119817 0.661164 0.740612
-0.008107 0.772199 0.635329
0.175680 0.835451 0.520728
-0.006533 0.747004 0.664788
-0.008107 0.772199 0.635329
0.126454 0.779880 0.613022
0.175680 0.835451 0.520728
0.517878 0.598670 0.611062
-0.006533 0.747004 0.664788
0.477020 0.779906 0.405215
0.477020 0.779906 0.405215
-0.006533 0.747004 0.664788
0.175680 0.835451 0.520728
0.867015 0.303014 0.395559
0.517878 0.598670 0.611062
0.729582 0.620287 0.288018
0.729582 0.620287 0.288018
0.517878 0.598670 0.611062
0.477020 0.779906 0.405215
0.937729 0.317538 0.140831
0.729582 0.620287 0.288018
0.847540 0.499675 0.178891
0.729582 0.620287 0.288018
0.937729 0.317538 0.140831
0.867015 0.303014 0.395559
0.937729 0.317538 0.140831
0.847540 0.499675 0.178891
0.981469 0.190725 0.018500
0.847540 0.499675 0.178891
0.936360 0.324330 0.134311
0.981469 0.190725 0.018500
0.960413 0.125918 0.248498
0.954517 0.265525 0.135624
0.754134 0.539512 0.374444
0.954517 0.265525 0.135624
0.960413 0.125918 0.248498
0.985211 0.125881 0.116249
0.332794 0.096174 -0.938082
-0.040463 0.110634 -0.993037
0.278500 0.239669 -0.930052
-0.040463 0.110634 -0.993037
-0.045092 0.246598 -0.968068
0.278500 0.239669 -0.930052
0.726609 0.098446 -0.679962
0.332794 0.096174 -0.938082
0.645936 0.299885 -0.702022
0.332794 0.096174 -0.938082
0.278500 0.239669 -0.930052
0.645936 0.299885 -0.702022
0.986735 0.161722 0.014113
0.982163 0.177726 0.061403
0.726609 0.098446 -0.679962
0.986735 0.161722 0.014113
0.726609 0.098446 -0.679962
0.645936 0.299885 -0.702022
0.941309 0.164834 0.294564
0.966652 0.180800 0.181372
0.878766 0.207464 0.429801
0.941309 0.164834 0.294564
0.878766 0.207464 0.429801
0.874958 0.083929 0.476869
0.580175 0.701150 0.414472
0.936360 0.324330 0.134311
0.847540 0.499675 0.178891
0.936360 0.324330 0.134311
0.580175 0.701150 0.414472
0.648371 0.574465 0.499605
0.580175 0.701150 0.414472
0.126454 0.779880 0.613022
0.648371 0.574465 0.499605
0.119817 0.661164 0.740612
0.648371 0.574465 0.499605
0.126454 0.779880 0.613022
0.966652 0.180800 0.181372
0.981469 0.190725 0.018500
0.962010 0.221217 0.160001
0.981469 0.190725 0.018500
0.985211 0.125881 0.116249
0.962010 0.221217 0.160001
0.878766 0.207464 0.429801
0.874145 0.304415 0.378421
0.981221 0.190751 0.028613
0.878766 0.207464 0.429801
0.981221 0.190751 0.028613
0.982163 0.177726 0.061403
0.002622 0.630860 0.775893
0.119817 0.661164 0.740612
0.126454 0.779880 0.613022
0.002622 0.630860 0.775893
0.126454 0.779880 0.613022
-0.008107 0.772199 0.635329
0.981469 0.190725 0.018500
0.954517 0.265525 0.135624
0.985211 0.125881 0.116249
0.981469 0.190725 0.018500
0.936360 0.324330 0.134311
0.954517 0.265525 0.135624
0.647087 0.469498 0.600708
-0.075931 0.292278 0.953314
0.581730 0.159504 0.797589
-0.075931 0.292278 0.953314
0.647087 0.469498 0.600708
-0.275194 0.625198 0.730340
-0.075931 0.292278 0.953314
0.086131 0.443585 0.892084
0.810984 0.099954 0.576466
-0.075931 0.292278 0.953314
0.810984 0.099954 0.576466
0.581730 0.159504 0.797589
-0.227956 0.630726 0.741769
-0.075931 0.292278 0.953314
-0.275194 0.625198 0.730340
-0.075931 0.292278 0.953314
-0.227956 0.630726 0.741769
0.086131 0.443585 0.892084
-0.017076 0.759038 0.650822
-0.227956 0.630726 0.741769
-0.150978 0.872933 0.463889
-0.150978 0.872933 0.463889
-0.227956 0.630726 0.741769
-0.275194 0.625198 0.730340
0.754134 0.539512 0.374444
-0.017076 0.759038 0.650822
0.505606 0.776696 0.375640
0.505606 0.776696 0.375640
-0.017076 0.759038 0.650822
-0.150978 0.872933 0.463889
0.960413 0.125918 0.248498
0.505606 0.776696 0.375640
0.647087 0.469498 0.600708
0.505606 0.776696 0.375640
0.960413 0.125918 0.248498
0.754134 0.539512 0.374444
0.960413 0.125918 0.248498
0.581730 0.159504 0.797589
0.810984 0.099954 0.576466
0.960413 0.125918 0.248498
0.647087 0.469498 0.600708
0.581730 0.159504 0.797589
0.010973 -0.360287 0.932777
-0.563770 0.590471 0.577502
0.984538 0.141139 0.103756
-0.563770 0.590471 0.577502
0.645936 0.299885 -0.702022
0.984538 0.141139 0.103756
-0.563770 0.590471 0.577502
0.497069 0.500694 -0.708681
0.645936 0.299885 -0.702022
0.497069 0.500694 -0.708681
-0.563770 0.590471 0.577502
-0.300532 0.493513 -0.816165
-0.300532 0.493513 -0.816165
0.389453 0.634100 -0.668015
0.497069 0.500694 -0.708681
0.389453 0.634100 -0.668015
-0.300532 0.493513 -0.816165
-0.356174 0.517794 -0.777836
-0.356174 0.517794 -0.777836
0.250344 0.819446 -0.515593
0.389453 0.634100 -0.668015
0.250344 0.819446 -0.515593
-0.356174 0.517794 -0.777836
-0.398730 0.723664 -0.563316
0.539888 0.840293 0.049272
-0.398730 0.723664 -0.563316
-0.310656 0.874905 -0.371530
-0.398730 0.723664 -0.563316
0.539888 0.840293 0.049272
0.250344 0.819446 -0.515593
0.488651 0.818978 0.300826
-0.310656 0.874905 -0.371530
-0.250238 0.923486 -0.290784
-0.310656 0.874905 -0.371530
0.488651 0.818978 0.300826
0.539888 0.840293 0.049272
0.264399 0.851649 0.452534
-0.250238 0.923486 -0.290784
-0.232334 0.924009 -0.303690
-0.250238 0.923486 -0.290784
0.264399 0.851649 0.452534
0.488651 0.818978 0.300826
-0.016493 0.863357 0.504324
0.264399 0.851649 0.452534
-0.232334 0.924009 -0.303690
-0.016493 0.863357 0.504324
-0.232334 0.924009 -0.303690
-0.050488 0.935198 -0.350508
0.896492 0.248928 0.366519
0.713660 0.225627 0.663161
-0.060736 -0.609655 0.790336
-0.088340 -0.803968 0.588074
-0.060736 -0.609655 0.790336
0.713660 0.225627 0.663161
-0.060736 -0.609655 0.790336
-0.017076 -0.509812 0.860116
0.896492 0.248928 0.366519
-0.017076 -0.509812 0.860116
0.982518 0.129718 0.133533
0.896492 0.248928 0.366519
-0.017076 -0.509812 0.860116
0.010973 -0.360287 0.932777
0.982518 0.129718 0.133533
0.010973 -0.360287 0.932777
0.984538 0.141139 0.103756
0.982518 0.129718 0.133533
-0.040970 -0.319167 0.946812
-0.563770 0.590471 0.577502
0.010973 -0.360287 0.932777
-0.563770 0.590471 0.577502
-0.040970 -0.319167 0.946812
-0.691902 0.182371 0.698579
-0.563770 0.590471 0.577502
-0.768312 0.300499 -0.565152
-0.300532 0.493513 -0.816165
-0.563770 0.590471 0.577502
-0.691902 0.182371 0.698579
-0.768312 0.300499 -0.565152
-0.300532 0.493513 -0.816165
-0.782838 0.260120 -0.565245
-0.356174 0.517794 -0.777836
-0.782838 0.260120 -0.565245
-0.300532 0.493513 -0.816165
-0.768312 0.300499 -0.565152
-0.356174 0.517794 -0.777836
-0.827099 0.328131 -0.456330
-0.398730 0.723664 -0.563316
-0.827099 0.328131 -0.456330
-0.356174 0.517794 -0.777836
-0.782838 0.260120 -0.565245
-0.310656 0.874905 -0.371530
-0.398730 0.723664 -0.563316
-0.780497 0.375279 -0.499991
-0.780497 0.375279 -0.499991
-0.398730 0.723664 -0.563316
-0.827099 0.328131 -0.456330
-0.250238 0.923486 -0.290784
-0.310656 0.874905 -0.371530
-0.616669 0.375359 -0.691972
-0.616669 0.375359 -0.691972
-0.310656 0.874905 -0.371530
-0.780497 0.375279 -0.499991
-0.232334 0.924009 -0.303690
-0.616669 0.375359 -0.691972
-0.382547 0.352460 -0.854067
-0.616669 0.375359 -0.691972
-0.232334 0.924009 -0.303690
-0.250238 0.923486 -0.290784
-0.382547 0.352460 -0.854067
-0.048409 0.364763 -0.929841
-0.050488 0.935198 -0.350508
-0.382547 0.352460 -0.854067
-0.050488 0.935198 -0.350508
-0.232334 0.924009 -0.303690
-0.060736 -0.609655 0.790336
-0.088340 -0.803968 0.588074
-0.176848 -0.656352 0.733435
-0.138415 -0.865256 0.481843
-0.176848 -0.656352 0.733435
-0.088340 -0.803968 0.588074
-0.176848 -0.656352 0.733435
-0.118229 -0.510662 0.851614
-0.060736 -0.609655 0.790336
-0.118229 -0.510662 0.851614
-0.017076 -0.509812 0.860116
-0.060736 -0.609655 0.790336
-0.118229 -0.510662 0.851614
-0.040970 -0.319167 0.946812
-0.017076 -0.509812 0.860116
-0.040970 -0.319167 0.946812
0.010973 -0.360287 0.932777
-0.017076 -0.509812 0.860116
-0.691902 0.182371 0.698579
-0.758670 0.385986 -0.524819
-0.768312 0.300499 -0.565152
-0.758670 0.385986 -0.524819
-0.691902 0.182371 0.698579
-0.646539 0.659816 0.382922
-0.782838 0.260120 -0.565245
-0.768312 0.300499 -0.565152
-0.713137 0.276976 -0.643988
-0.768312 0.300499 -0.565152
-0.758670 0.385986 -0.524819
-0.713137 0.276976 -0.643988
-0.782838 0.260120 -0.565245
-0.713137 0.276976 -0.643988
-0.768200 0.321159 -0.553828
-0.768200 0.321159 -0.553828
-0.827099 0.328131 -0.456330
-0.782838 0.260120 -0.565245
-0.737585 0.317450 -0.595982
-0.780497 0.375279 -0.499991
-0.827099 0.328131 -0.456330
-0.737585 0.317450 -0.595982
-0.827099 0.328131 -0.456330
-0.768200 0.321159 -0.553828
-0.780497 0.375279 -0.499991
-0.737585 0.317450 -0.595982
-0.537862 0.264758 -0.800379
-0.537862 0.264758 -0.800379
-0.616669 0.375359 -0.691972
-0.780497 0.375279 -0.499991
-0.340020 0.259360 -0.903946
-0.382547 0.352460 -0.854067
-0.616669 0.375359 -0.691972
-0.340020 0.259360 -0.903946
-0.616669 0.375359 -0.691972
-0.537862 0.264758 -0.800379
-0.045526 0.262522 -0.963852
-0.048409 0.364763 -0.929841
-0.340020 0.259360 -0.903946
-0.340020 0.259360 -0.903946
-0.048409 0.364763 -0.929841
-0.382547 0.352460 -0.854067
0.393015 0.856245 -0.335235
0.506335 0.294086 0.810641
0.713660 0.225627 0.663161
0.506335 0.294086 0.810641
0.393015 0.856245 -0.335235
0.341487 0.927569 0.151666
0.053733 -0.638020 0.768143
0.713660 0.225627 0.663161
0.506335 0.294086 0.810641
0.506335 0.294086 0.810641
0.027815 0.163222 0.986197
0.053733 -0.638020 0.768143
-0.048619 0.435477 0.898886
0.052421 0.736568 0.674329
-0.465042 0.276145 0.841118
-0.461183 0.608556 0.645732
-0.465042 0.276145 0.841118
0.052421 0.736568 0.674329
0.052421 0.736568 0.674329
-0.048619 0.435477 0.898886
0.457998 0.674082 0.579527
-0.048619 0.435477 0.898886
0.289008 0.440139 0.850148
0.457998 0.674082 0.579527
0.457998 0.674082 0.579527
0.289008 0.440139 0.850148
0.627854 0.587688 0.510316
0.627854 0.587688 0.510316
0.289008 0.440139 0.850148
0.440359 0.419571 0.793753
0.627854 0.587688 0.510316
0.440359 0.419571 0.793753
0.728766 0.511013 0.455813
0.544398 0.386839 0.744303
0.728766 0.511013 0.455813
0.440359 0.419571 0.793753
0.728766 0.511013 0.455813
0.544398 0.386839 0.744303
0.795411 0.442531 0.414110
0.610485 0.351572 0.709722
0.795411 0.442531 0.414110
0.544398 0.386839 0.744303
0.663540 0.312074 0.679945
0.838168 0.382312 0.388989
0.610485 0.351572 0.709722
0.610485 0.351572 0.709722
0.838168 0.382312 0.388989
0.795411 0.442531 0.414110
0.699239 0.271608 0.661282
0.867517 0.326559 0.375199
0.663540 0.312074 0.679945
0.663540 0.312074 0.679945
0.867517 0.326559 0.375199
0.838168 0.382312 0.388989
0.720376 0.226584 0.655529
0.888026 0.270891 0.371521
0.699239 0.271608 0.661282
0.699239 0.271608 0.661282
0.888026 0.270891 0.371521
0.867517 0.326559 0.375199
0.726815 0.179225 0.663037
0.901141 0.213649 0.377224
0.720376 0.226584 0.655529
0.720376 0.226584 0.655529
0.901141 0.213649 0.377224
0.888026 0.270891 0.371521
0.719157 0.125121 0.683490
0.901141 0.213649 0.377224
0.726815 0.179225 0.663037
0.901141 0.213649 0.377224
0.719157 0.125121 0.683490
0.906817 0.151804 0.393240
0.695595 0.065611 0.715431
0.906817 0.151804 0.393240
0.719157 0.125121 0.683490
0.906817 0.151804 0.393240
0.695595 0.065611 0.715431
0.903587 0.079336 0.420994
0.659490 0.000000 0.751714
0.903587 0.079336 0.420994
0.695595 0.065611 0.715431
0.903587 0.079336 0.420994
0.659490 0.000000 0.751714
0.884672 -0.012969 0.466033
0.589588 -0.083164 0.803411
0.884672 -0.012969 0.466033
0.659490 0.000000 0.751714
0.884672 -0.012969 0.466033
0.589588 -0.083164 0.803411
0.841703 -0.131224 0.523752
0.473490 -0.180050 0.862200
0.841703 -0.131224 0.523752
0.589588 -0.083164 0.803411
0.841703 -0.131224 0.523752
0.473490 -0.180050 0.862200
0.745768 -0.292967 0.598331
0.745768 -0.292967 0.598331
0.187749 -0.359289 0.914145
0.439191 -0.564239 0.699103
0.187749 -0.359289 0.914145
0.745768 -0.292967 0.598331
0.473490 -0.180050 0.862200
-0.247699 -0.454179 0.855784
0.439191 -0.564239 0.699103
0.187749 -0.359289 0.914145
0.439191 -0.564239 0.699103
-0.247699 -0.454179 0.855784
-0.060867 -0.738033 0.672014
0.052421 0.736568 0.674329
0.135281 0.924258 0.356996
-0.461183 0.608556 0.645732
-0.461183 0.608556 0.645732
0.135281 0.924258 0.356996
-0.440866 0.829327 0.343298
0.457998 0.674082 0.579527
0.544532 0.779975 0.308422
0.052421 0.736568 0.674329
0.052421 0.736568 0.674329
0.544532 0.779975 0.308422
0.135281 0.924258 0.356996
0.627854 0.587688 0.510316
0.711221 0.649322 0.269343
0.457998 0.674082 0.579527
0.457998 0.674082 0.579527
0.711221 0.649322 0.269343
0.544532 0.779975 0.308422
0.728766 0.511013 0.455813
0.802073 0.547310 0.239019
0.627854 0.587688 0.510316
0.627854 0.587688 0.510316
0.802073 0.547310 0.239019
0.711221 0.649322 0.269343
0.795411 0.442531 0.414110
0.855546 0.468395 0.220561
0.728766 0.511013 0.455813
0.728766 0.511013 0.455813
0.855546 0.468395 0.220561
0.802073 0.547310 0.239019
0.838168 0.382312 0.388989
0.891738 0.401244 0.209299
0.795411 0.442531 0.414110
0.795411 0.442531 0.414110
0.891738 0.401244 0.209299
0.855546 0.468395 0.220561
0.867517 0.326559 0.375199
0.917746 0.340972 0.203668
0.838168 0.382312 0.388989
0.838168 0.382312 0.388989
0.917746 0.340972 0.203668
0.891738 0.401244 0.209299
0.888026 0.270891 0.371521
0.937290 0.283704 0.202482
0.867517 0.326559 0.375199
0.867517 0.326559 0.375199
0.937290 0.283704 0.202482
0.917746 0.340972 0.203668
0.901141 0.213649 0.377224
0.952682 0.223532 0.205985
0.888026 0.270891 0.371521
0.888026 0.270891 0.371521
0.952682 0.223532 0.205985
0.937290 0.283704 0.202482
0.906817 0.151804 0.393240
0.952682 0.223532 0.205985
0.901141 0.213649 0.377224
0.952682 0.223532 0.205985
0.906817 0.151804 0.393240
0.963754 0.159449 0.213903
0.903587 0.079336 0.420994
0.963754 0.159449 0.213903
0.906817 0.151804 0.393240
0.963754 0.159449 0.213903
0.903587 0.079336 0.420994
0.970056 0.083921 0.227923
0.884672 -0.012969 0.466033
0.970056 0.083921 0.227923
0.903587 0.079336 0.420994
0.970056 0.083921 0.227923
0.884672 -0.012969 0.466033
0.968292 -0.011443 0.249559
0.841703 -0.131224 0.523752
0.968292 -0.011443 0.249559
0.884672 -0.012969 0.466033
0.968292 -0.011443 0.249559
0.841703 -0.131224 0.523752
0.947695 -0.144948 0.284366
0.745768 -0.292967 0.598331
0.947695 -0.144948 0.284366
0.841703 -0.131224 0.523752
0.947695 -0.144948 0.284366
0.745768 -0.292967 0.598331
0.879301 -0.343477 0.329929
0.439191 -0.564239 0.699103
0.879301 -0.343477 0.329929
0.745768 -0.292967 0.598331
0.879301 -0.343477 0.329929
0.439191 -0.564239 0.699103
0.614480 -0.687227 0.387471
0.079945 -0.922709 0.377116
0.439191 -0.564239 0.699103
-0.060867 -0.738033 0.672014
0.439191 -0.564239 0.699103
0.079945 -0.922709 0.377116
0.614480 -0.687227 0.387471
0.135281 0.924258 0.356996
0.175738 0.984284 0.017345
-0.440866 0.829327 0.343298
-0.440866 0.829327 0.343298
0.175738 0.984284 0.017345
-0.418071 0.907958 -0.028803
0.544532 0.779975 0.308422
0.584687 0.809830 0.048136
0.135281 0.924258 0.356996
0.135281 0.924258 0.356996
0.584687 0.809830 0.048136
0.175738 0.984284 0.017345
0.711221 0.649322 0.269343
0.743920 0.665583 0.059849
0.544532 0.779975 0.308422
0.544532 0.779975 0.308422
0.743920 0.665583 0.059849
0.584687 0.809830 0.048136
0.802073 0.547310 0.239019
0.827419 0.557716 0.065804
0.711221 0.649322 0.269343
0.711221 0.649322 0.269343
0.827419 0.557716 0.065804
0.743920 0.665583 0.059849
0.855546 0.468395 0.220561
0.877824 0.473922 0.069448
0.802073 0.547310 0.239019
0.802073 0.547310 0.239019
0.877824 0.473922 0.069448
0.827419 0.557716 0.065804
0.891738 0.401244 0.209299
0.911427 0.405163 0.071724
0.855546 0.468395 0.220561
0.855546 0.468395 0.220561
0.911427 0.405163 0.071724
0.877824 0.473922 0.069448
0.917746 0.340972 0.203668
0.936309 0.343390 0.073543
0.891738 0.401244 0.209299
0.891738 0.401244 0.209299
0.936309 0.343390 0.073543
0.911427 0.405163 0.071724
0.937290 0.283704 0.202482
0.955279 0.286097 0.074767
0.917746 0.340972 0.203668
0.917746 0.340972 0.203668
0.955279 0.286097 0.074767
0.936309 0.343390 0.073543
0.952682 0.223532 0.205985
0.971219 0.225830 0.075722
0.937290 0.283704 0.202482
0.937290 0.283704 0.202482
0.971219 0.225830 0.075722
0.955279 0.286097 0.074767
0.963754 0.159449 0.213903
0.971219 0.225830 0.075722
0.952682 0.223532 0.205985
0.971219 0.225830 0.075722
0.963754 0.159449 0.213903
0.983741 0.162495 0.076479
0.970056 0.083921 0.227923
0.983741 0.162495 0.076479
0.963754 0.159449 0.213903
0.983741 0.162495 0.076479
0.970056 0.083921 0.227923
0.993437 0.084694 0.076873
0.968292 -0.011443 0.249559
0.993437 0.084694 0.076873
0.970056 0.083921 0.227923
0.993437 0.084694 0.076873
0.968292 -0.011443 0.249559
0.996974 -0.012207 0.076771
0.947695 -0.144948 0.284366
0.996974 -0.012207 0.076771
0.968292 -0.011443 0.249559
0.996974 -0.012207 0.076771
0.947695 -0.144948 0.284366
0.986326 -0.146518 0.075453
0.879301 -0.343477 0.329929
0.986326 -0.146518 0.075453
0.947695 -0.144948 0.284366
0.986326 -0.146518 0.075453
0.879301 -0.343477 0.329929
0.931748 -0.356223 0.070367
0.614480 -0.687227 0.387471
0.931748 -0.356223 0.070367
0.879301 -0.343477 0.329929
0.931748 -0.356223 0.070367
0.614480 -0.687227 0.387471
0.685209 -0.726616 0.050184
0.146545 -0.989176 0.007442
0.614480 -0.687227 0.387471
0.079945 -0.922709 0.377116
0.614480 -0.687227 0.387471
0.146545 -0.989176 0.007442
0.685209 -0.726616 0.050184
0.175738 0.984284 0.017345
-0.383840 0.831924 -0.400711
-0.418071 0.907958 -0.028803
-0.383840 0.831924 -0.400711
0.175738 0.984284 0.017345
0.187827 0.926917 -0.324879
0.584687 0.809830 0.048136
0.187827 0.926917 -0.324879
0.175738 0.984284 0.017345
0.187827 0.926917 -0.324879
0.584687 0.809830 0.048136
0.584673 0.782108 -0.215557
0.743920 0.665583 0.059849
0.584673 0.782108 -0.215557
0.584687 0.809830 0.048136
0.584673 0.782108 -0.215557
0.743920 0.665583 0.059849
0.743359 0.651356 -0.152161
0.827419 0.557716 0.065804
0.743359 0.651356 -0.152161
0.743920 0.665583 0.059849
0.743359 0.651356 -0.152161
0.827419 0.557716 0.065804
0.829184 0.548208 -0.109184
0.877824 0.473922 0.069448
0.829184 0.548208 -0.109184
0.827419 0.557716 0.065804
0.829184 0.548208 -0.109184
0.877824 0.473922 0.069448
0.879127 0.469275 -0.083172
0.911427 0.405163 0.071724
0.879127 0.469275 -0.083172
0.877824 0.473922 0.069448
0.879127 0.469275 -0.083172
0.911427 0.405163 0.071724
0.913160 0.402035 -0.067133
0.936309 0.343390 0.073543
0.913160 0.402035 -0.067133
0.911427 0.405163 0.071724
0.913160 0.402035 -0.067133
0.936309 0.343390 0.073543
0.938000 0.341784 -0.057791
0.955279 0.286097 0.074767
0.938000 0.341784 -0.057791
0.936309 0.343390 0.073543
0.938000 0.341784 -0.057791
0.955279 0.286097 0.074767
0.957342 0.283798 -0.054357
0.971219 0.225830 0.075722
0.972740 0.225065 -0.055885
0.955279 0.286097 0.074767
0.955279 0.286097 0.074767
0.972740 0.225065 -0.055885
0.957342 0.283798 -0.054357
0.983741 0.162495 0.076479
0.984972 0.160983 -0.062562
0.971219 0.225830 0.075722
0.971219 0.225830 0.075722
0.984972 0.160983 -0.062562
0.972740 0.225065 -0.055885
0.993437 0.084694 0.076873
0.993431 0.085456 -0.076110
0.983741 0.162495 0.076479
0.983741 0.162495 0.076479
0.993431 0.085456 -0.076110
0.984972 0.160983 -0.062562
0.996974 -0.012207 0.076771
0.995095 -0.009919 -0.098422
0.993437 0.084694 0.076873
0.993437 0.084694 0.076873
0.995095 -0.009919 -0.098422
0.993431 0.085456 -0.076110
0.986326 -0.146518 0.075453
0.980033 -0.144173 -0.136926
0.996974 -0.012207 0.076771
0.996974 -0.012207 0.076771
0.980033 -0.144173 -0.136926
0.995095 -0.009919 -0.098422
0.931748 -0.356223 0.070367
0.919746 -0.341184 -0.194063
0.986326 -0.146518 0.075453
0.986326 -0.146518 0.075453
0.919746 -0.341184 -0.194063
0.980033 -0.144173 -0.136926
0.685209 -0.726616 0.050184
0.666793 -0.684809 -0.293980
0.931748 -0.356223 0.070367
0.931748 -0.356223 0.070367
0.666793 -0.684809 -0.293980
0.919746 -0.341184 -0.194063
0.146545 -0.989176 0.007442
0.666793 -0.684809 -0.293980
0.685209 -0.726616 0.050184
0.666793 -0.684809 -0.293980
0.146545 -0.989176 0.007442
0.137304 -0.919815 -0.367544
0.187827 0.926917 -0.324879
-0.357058 0.613679 -0.704207
-0.383840 0.831924 -0.400711
-0.357058 0.613679 -0.704207
0.187827 0.926917 -0.324879
0.154682 0.741863 -0.652466
0.584673 0.782108 -0.215557
0.154682 0.741863 -0.652466
0.187827 0.926917 -0.324879
0.154682 0.741863 -0.652466
0.584673 0.782108 -0.215557
0.540844 0.678437 -0.497203
0.743359 0.651356 -0.152161
0.540844 0.678437 -0.497203
0.584673 0.782108 -0.215557
0.540844 0.678437 -0.497203
0.743359 0.651356 -0.152161
0.698052 0.591408 -0.403683
0.829184 0.548208 -0.109184
0.698052 0.591408 -0.403683
0.743359 0.651356 -0.152161
0.698052 0.591408 -0.403683
0.829184 0.548208 -0.109184
0.789681 0.513998 -0.334976
0.879127 0.469275 -0.083172
0.789681 0.513998 -0.334976
0.829184 0.548208 -0.109184
0.789681 0.513998 -0.334976
0.879127 0.469275 -0.083172
0.849385 0.444916 -0.283892
0.913160 0.402035 -0.067133
0.849385 0.444916 -0.283892
0.879127 0.469275 -0.083172
0.849385 0.444916 -0.283892
0.913160 0.402035 -0.067133
0.887552 0.385229 -0.252687
0.938000 0.341784 -0.057791
0.887552 0.385229 -0.252687
0.913160 0.402035 -0.067133
0.887552 0.385229 -0.252687
0.938000 0.341784 -0.057791
0.914358 0.329512 -0.235311
0.957342 0.283798 -0.054357
0.914358 0.329512 -0.235311
0.938000 0.341784 -0.057791
0.914358 0.329512 -0.235311
0.957342 0.283798 -0.054357
0.934318 0.273105 -0.229050
0.972740 0.225065 -0.055885
0.948286 0.215203 -0.233327
0.957342 0.283798 -0.054357
0.957342 0.283798 -0.054357
0.948286 0.215203 -0.233327
0.934318 0.273105 -0.229050
0.984972 0.160983 -0.062562
0.956275 0.154133 -0.248559
0.972740 0.225065 -0.055885
0.972740 0.225065 -0.055885
0.956275 0.154133 -0.248559
0.948286 0.215203 -0.233327
0.993431 0.085456 -0.076110
0.957461 0.080885 -0.276994
0.984972 0.160983 -0.062562
0.984972 0.160983 -0.062562
0.957461 0.080885 -0.276994
0.956275 0.154133 -0.248559
0.995095 -0.009919 -0.098422
0.945710 -0.010682 -0.324837
0.993431 0.085456 -0.076110
0.993431 0.085456 -0.076110
0.945710 -0.010682 -0.324837
0.957461 0.080885 -0.276994
0.980033 -0.144173 -0.136926
0.911941 -0.128152 -0.389796
0.995095 -0.009919 -0.098422
0.995095 -0.009919 -0.098422
0.911941 -0.128152 -0.389796
0.945710 -0.010682 -0.324837
0.919746 -0.341184 -0.194063
0.828855 -0.288430 -0.479382
0.980033 -0.144173 -0.136926
0.980033 -0.144173 -0.136926
0.828855 -0.288430 -0.479382
0.911941 -0.128152 -0.389796
0.666793 -0.684809 -0.293980
0.541442 -0.558982 -0.627997
0.919746 -0.341184 -0.194063
0.919746 -0.341184 -0.194063
0.541442 -0.558982 -0.627997
0.828855 -0.288430 -0.479382
0.137304 -0.919815 -0.367544
0.541442 -0.558982 -0.627997
0.666793 -0.684809 -0.293980
0.541442 -0.558982 -0.627997
0.137304 -0.919815 -0.367544
0.043297 -0.733192 -0.678642
-0.330666 0.282311 -0.900533
0.154682 0.741863 -0.652466
0.089522 0.442365 -0.892356
0.154682 0.741863 -0.652466
-0.330666 0.282311 -0.900533
-0.357058 0.613679 -0.704207
0.089522 0.442365 -0.892356
0.540844 0.678437 -0.497203
0.415408 0.446864 -0.792306
0.540844 0.678437 -0.497203
0.089522 0.442365 -0.892356
0.154682 0.741863 -0.652466
0.698052 0.591408 -0.403683
0.415408 0.446864 -0.792306
0.540844 0.678437 -0.497203
0.415408 0.446864 -0.792306
0.698052 0.591408 -0.403683
0.556430 0.425472 -0.713694
0.789681 0.513998 -0.334976
0.556430 0.425472 -0.713694
0.698052 0.591408 -0.403683
0.556430 0.425472 -0.713694
0.789681 0.513998 -0.334976
0.651522 0.392134 -0.649424
0.849385 0.444916 -0.283892
0.651522 0.392134 -0.649424
0.789681 0.513998 -0.334976
0.651522 0.392134 -0.649424
0.849385 0.444916 -0.283892
0.712044 0.356213 -0.605066
0.887552 0.385229 -0.252687
0.712044 0.356213 -0.605066
0.849385 0.444916 -0.283892
0.712044 0.356213 -0.605066
0.887552 0.385229 -0.252687
0.759691 0.316697 -0.567955
0.914358 0.329512 -0.235311
0.759691 0.316697 -0.567955
0.887552 0.385229 -0.252687
0.759691 0.316697 -0.567955
0.914358 0.329512 -0.235311
0.792229 0.275492 -0.544497
0.934318 0.273105 -0.229050
0.792229 0.275492 -0.544497
0.914358 0.329512 -0.235311
0.792229 0.275492 -0.544497
0.934318 0.273105 -0.229050
0.811858 0.231878 -0.535836
0.948286 0.215203 -0.233327
0.819569 0.183822 -0.542693
0.934318 0.273105 -0.229050
0.934318 0.273105 -0.229050
0.819569 0.183822 -0.542693
0.811858 0.231878 -0.535836
0.956275 0.154133 -0.248559
0.815392 0.129700 -0.564194
0.948286 0.215203 -0.233327
0.948286 0.215203 -0.233327
0.815392 0.129700 -0.564194
0.819569 0.183822 -0.542693
0.957461 0.080885 -0.276994
0.797090 0.070954 -0.599677
0.956275 0.154133 -0.248559
0.956275 0.154133 -0.248559
0.797090 0.070954 -0.599677
0.815392 0.129700 -0.564194
0.945710 -0.010682 -0.324837
0.766877 0.006103 -0.641766
0.957461 0.080885 -0.276994
0.957461 0.080885 -0.276994
0.766877 0.006103 -0.641766
0.797090 0.070954 -0.599677
0.766877 0.006103 -0.641766
0.945710 -0.010682 -0.324837
0.705761 -0.076288 -0.704331
0.911941 -0.128152 -0.389796
0.705761 -0.076288 -0.704331
0.945710 -0.010682 -0.324837
0.705761 -0.076288 -0.704331
0.911941 -0.128152 -0.389796
0.599878 -0.173928 -0.780958
0.828855 -0.288430 -0.479382
0.599878 -0.173928 -0.780958
0.911941 -0.128152 -0.389796
0.541442 -0.558982 -0.627997
0.325608 -0.352401 -0.877379
0.828855 -0.288430 -0.479382
0.599878 -0.173928 -0.780958
0.828855 -0.288430 -0.479382
0.325608 -0.352401 -0.877379
0.043297 -0.733192 -0.678642
-0.113522 -0.447982 -0.886806
0.541442 -0.558982 -0.627997
0.325608 -0.352401 -0.877379
0.541442 -0.558982 -0.627997
-0.113522 -0.447982 -0.886806
-0.657768 0.155633 0.736967
-0.010013 0.016020 0.999822
-0.465042 0.276145 0.841118
-0.010013 0.016020 0.999822
-0.657768 0.155633 0.736967
-0.569322 -0.154108 0.807541
-0.569322 -0.154108 0.807541
-0.473976 -0.463104 0.748920
-0.010013 0.016020 0.999822
-0.473976 -0.463104 0.748920
-0.247699 -0.454179 0.855784
-0.010013 0.016020 0.999822
-0.473976 -0.463104 0.748920
-0.377353 -0.730286 0.569463
-0.247699 -0.454179 0.855784
-0.377353 -0.730286 0.569463
-0.060867 -0.738033 0.672014
-0.247699 -0.454179 0.855784
-0.377353 -0.730286 0.569463
0.079945 -0.922709 0.377116
-0.060867 -0.738033 0.672014
0.079945 -0.922709 0.377116
-0.377353 -0.730286 0.569463
-0.297822 -0.906630 0.298871
-0.297822 -0.906630 0.298871
0.146545 -0.989176 0.007442
0.079945 -0.922709 0.377116
0.146545 -0.989176 0.007442
-0.297822 -0.906630 0.298871
-0.252323 -0.967366 -0.023155
-0.252323 -0.967366 -0.023155
-0.247709 -0.904297 -0.347689
0.146545 -0.989176 0.007442
0.146545 -0.989176 0.007442
-0.247709 -0.904297 -0.347689
0.137304 -0.919815 -0.367544
-0.285258 -0.725592 -0.626214
0.137304 -0.919815 -0.367544
-0.247709 -0.904297 -0.347689
0.137304 -0.919815 -0.367544
-0.285258 -0.725592 -0.626214
0.043297 -0.733192 -0.678642
-0.285258 -0.725592 -0.626214
-0.113522 -0.447982 -0.886806
0.043297 -0.733192 -0.678642
-0.113522 -0.447982 -0.886806
-0.285258 -0.725592 -0.626214
-0.353232 -0.456990 -0.816325
-0.353232 -0.456990 -0.816325
0.143224 0.023648 -0.989408
-0.113522 -0.447982 -0.886806
0.143224 0.023648 -0.989408
-0.353232 -0.456990 -0.816325
-0.438979 -0.147248 -0.886350
0.143224 0.023648 -0.989408
-0.537409 0.160250 -0.827956
-0.330666 0.282311 -0.900533
-0.537409 0.160250 -0.827956
0.143224 0.023648 -0.989408
-0.438979 -0.147248 -0.886350
-0.330666 0.282311 -0.900533
-0.628964 0.429481 -0.648035
-0.357058 0.613679 -0.704207
-0.628964 0.429481 -0.648035
-0.330666 0.282311 -0.900533
-0.537409 0.160250 -0.827956
-0.357058 0.613679 -0.704207
-0.697823 0.609231 -0.376671
-0.383840 0.831924 -0.400711
-0.697823 0.609231 -0.376671
-0.357058 0.613679 -0.704207
-0.628964 0.429481 -0.648035
-0.418071 0.907958 -0.028803
-0.697823 0.609231 -0.376671
-0.740208 0.670175 -0.054385
-0.697823 0.609231 -0.376671
-0.418071 0.907958 -0.028803
-0.383840 0.831924 -0.400711
-0.440866 0.829327 0.343298
-0.418071 0.907958 -0.028803
-0.747186 0.607467 0.269625
-0.747186 0.607467 0.269625
-0.418071 0.907958 -0.028803
-0.740208 0.670175 -0.054385
-0.461183 0.608556 0.645732
-0.747186 0.607467 0.269625
-0.720966 0.424894 0.547423
-0.747186 0.607467 0.269625
-0.461183 0.608556 0.645732
-0.440866 0.829327 0.343298
-0.720966 0.424894 0.547423
-0.465042 0.276145 0.841118
-0.461183 0.608556 0.645732
-0.465042 0.276145 0.841118
-0.720966 0.424894 0.547423
-0.657768 0.155633 0.736967
-0.712845 0.122820 0.690483
-0.569322 -0.154108 0.807541
-0.657768 0.155633 0.736967
-0.569322 -0.154108 0.807541
-0.712845 0.122820 0.690483
-0.630032 -0.173184 0.757012
-0.630032 -0.173184 0.757012
-0.537053 -0.468313 0.701611
-0.569322 -0.154108 0.807541
-0.537053 -0.468313 0.701611
-0.473976 -0.463104 0.748920
-0.569322 -0.154108 0.807541
-0.537053 -0.468313 0.701611
-0.448871 -0.717431 0.532736
-0.473976 -0.463104 0.748920
-0.448871 -0.717431 0.532736
-0.377353 -0.730286 0.569463
-0.473976 -0.463104 0.748920
-0.448871 -0.717431 0.532736
-0.297822 -0.906630 0.298871
-0.377353 -0.730286 0.569463
-0.297822 -0.906630 0.298871
-0.448871 -0.717431 0.532736
-0.380037 -0.882717 0.276374
-0.380037 -0.882717 0.276374
-0.252323 -0.967366 -0.023155
-0.297822 -0.906630 0.298871
-0.252323 -0.967366 -0.023155
-0.380037 -0.882717 0.276374
-0.339485 -0.940141 -0.029761
-0.252323 -0.967366 -0.023155
-0.339485 -0.940141 -0.029761
-0.332634 -0.880413 -0.337975
-0.252323 -0.967366 -0.023155
-0.332634 -0.880413 -0.337975
-0.247709 -0.904297 -0.347689
-0.247709 -0.904297 -0.347689
-0.332634 -0.880413 -0.337975
-0.361479 -0.713045 -0.600750
-0.247709 -0.904297 -0.347689
-0.361479 -0.713045 -0.600750
-0.285258 -0.725592 -0.626214
-0.361479 -0.713045 -0.600750
-0.353232 -0.456990 -0.816325
-0.285258 -0.725592 -0.626214
-0.353232 -0.456990 -0.816325
-0.361479 -0.713045 -0.600750
-0.423035 -0.462879 -0.778964
-0.423035 -0.462879 -0.778964
-0.438979 -0.147248 -0.886350
-0.353232 -0.456990 -0.816325
-0.438979 -0.147248 -0.886350
-0.423035 -0.462879 -0.778964
-0.506563 -0.167074 -0.845861
-0.438979 -0.147248 -0.886350
-0.598678 0.128928 -0.790545
-0.537409 0.160250 -0.827956
-0.598678 0.128928 -0.790545
-0.438979 -0.147248 -0.886350
-0.506563 -0.167074 -0.845861
-0.537409 0.160250 -0.827956
-0.686085 0.377583 -0.621867
-0.628964 0.429481 -0.648035
-0.686085 0.377583 -0.621867
-0.537409 0.160250 -0.827956
-0.598678 0.128928 -0.790545
-0.628964 0.429481 -0.648035
-0.756155 0.543134 -0.365014
-0.697823 0.609231 -0.376671
-0.756155 0.543134 -0.365014
-0.628964 0.429481 -0.648035
-0.686085 0.377583 -0.621867
-0.740208 0.670175 -0.054385
-0.697823 0.609231 -0.376671
-0.797216 0.600795 -0.059088
-0.797216 0.600795 -0.059088
-0.697823 0.609231 -0.376671
-0.756155 0.543134 -0.365014
-0.747186 0.607467 0.269625
-0.740208 0.670175 -0.054385
-0.803803 0.540256 0.249048
-0.803803 0.540256 0.249048
-0.740208 0.670175 -0.054385
-0.797216 0.600795 -0.059088
-0.720966 0.424894 0.547423
-0.803803 0.540256 0.249048
-0.773490 0.373060 0.512386
-0.803803 0.540256 0.249048
-0.720966 0.424894 0.547423
-0.747186 0.607467 0.269625
-0.773490 0.373060 0.512386
-0.657768 0.155633 0.736967
-0.720966 0.424894 0.547423
-0.657768 0.155633 0.736967
-0.773490 0.373060 0.512386
-0.712845 0.122820 0.690483
0.771729 0.631267 -0.077049
0.931067 -0.045395 0.362013
0.357765 0.384948 -0.850776
0.931067 -0.045395 0.362013
0.915779 -0.069806 0.395569
0.357765 0.384948 -0.850776
-0.348011 0.745806 -0.568033
0.357765 0.384948 -0.850776
-0.890081 0.048450 -0.453219
0.357765 0.384948 -0.850776
-0.894369 0.060270 -0.443251
-0.890081 0.048450 -0.453219
0.547860 -0.130474 0.826333
-0.948214 -0.083930 0.306343
0.348813 -0.163654 0.922793
-0.948214 -0.083930 0.306343
0.547860 -0.130474 0.826333
-0.990135 -0.130463 0.051117
0.915779 -0.069806 0.395569
0.348813 -0.163654 0.922793
0.906035 -0.057980 0.419212
-0.379929 -0.572135 0.726853
0.906035 -0.057980 0.419212
0.348813 -0.163654 0.922793
-0.894369 0.060270 -0.443251
0.357765 0.384948 -0.850776
0.409981 0.418850 -0.810235
0.409981 0.418850 -0.810235
-0.898203 0.052269 -0.436463
-0.894369 0.060270 -0.443251
0.906035 -0.057980 0.419212
-0.379929 -0.572135 0.726853
0.902116 -0.055304 0.427935
-0.408864 -0.426939 0.806568
0.902116 -0.055304 0.427935
-0.379929 -0.572135 0.726853
0.409981 0.418850 -0.810235
0.394959 0.506250 -0.766628
-0.898203 0.052269 -0.436463
0.394959 0.506250 -0.766628
-0.902035 0.055513 -0.428078
-0.898203 0.052269 -0.436463
0.902116 -0.055304 0.427935
-0.408864 -0.426939 0.806568
0.902435 -0.055878 0.427188
-0.415580 -0.377670 0.827441
0.902435 -0.055878 0.427188
-0.408864 -0.426939 0.806568
0.394959 0.506250 -0.766628
0.418438 0.353814 -0.836496
-0.902035 0.055513 -0.428078
0.418438 0.353814 -0.836496
-0.901788 0.054544 -0.428723
-0.902035 0.055513 -0.428078
0.902435 -0.055878 0.427188
-0.415580 -0.377670 0.827441
0.903000 -0.057701 0.425749
-0.403824 -0.457878 0.792006
0.903000 -0.057701 0.425749
-0.415580 -0.377670 0.827441
-0.901464 0.052938 -0.429605
-0.901788 0.054544 -0.428723
0.429880 0.186523 -0.883410
0.429880 0.186523 -0.883410
-0.901788 0.054544 -0.428723
0.418438 0.353814 -0.836496
-0.301212 -0.790550 0.533199
0.904298 -0.064757 0.421961
-0.403824 -0.457878 0.792006
0.904298 -0.064757 0.421961
0.903000 -0.057701 0.425749
-0.403824 -0.457878 0.792006
-0.900062 0.045865 -0.433342
-0.901464 0.052938 -0.429605
0.426223 -0.043357 -0.903578
0.426223 -0.043357 -0.903578
-0.901464 0.052938 -0.429605
0.429880 0.186523 -0.883410
0.137420 -0.903197 -0.406634
0.904298 -0.064757 0.421961
-0.148859 -0.970590 0.189197
-0.148859 -0.970590 0.189197
0.904298 -0.064757 0.421961
-0.301212 -0.790550 0.533199
0.137420 -0.903197 -0.406634
-0.900062 0.045865 -0.433342
0.387251 -0.336123 -0.858521
0.387251 -0.336123 -0.858521
-0.900062 0.045865 -0.433342
0.426223 -0.043357 -0.903578
0.931067 -0.045395 0.362013
0.547860 -0.130474 0.826333
0.915779 -0.069806 0.395569
0.547860 -0.130474 0.826333
0.348813 -0.163654 0.922793
0.915779 -0.069806 0.395569
-0.990135 -0.130463 0.051117
-0.890081 0.048450 -0.453219
-0.894369 0.060270 -0.443251
-0.894369 0.060270 -0.443251
-0.948214 -0.083930 0.306343
-0.990135 -0.130463 0.051117
0.357765 0.384948 -0.850776
0.915779 -0.069806 0.395569
0.409981 0.418850 -0.810235
0.906035 -0.057980 0.419212
0.409981 0.418850 -0.810235
0.915779 -0.069806 0.395569
-0.894369 0.060270 -0.443251
-0.898203 0.052269 -0.436463
-0.948214 -0.083930 0.306343
-0.898203 0.052269 -0.436463
-0.379929 -0.572135 0.726853
-0.948214 -0.083930 0.306343
0.409981 0.418850 -0.810235
0.906035 -0.057980 0.419212
0.394959 0.506250 -0.766628
0.902116 -0.055304 0.427935
0.394959 0.506250 -0.766628
0.906035 -0.057980 0.419212
-0.898203 0.052269 -0.436463
-0.902035 0.055513 -0.428078
-0.379929 -0.572135 0.726853
-0.902035 0.055513 -0.428078
-0.408864 -0.426939 0.806568
-0.379929 -0.572135 0.726853
0.394959 0.506250 -0.766628
0.902116 -0.055304 0.427935
0.418438 0.353814 -0.836496
0.902435 -0.055878 0.427188
0.418438 0.353814 -0.836496
0.902116 -0.055304 0.427935
-0.902035 0.055513 -0.428078
-0.901788 0.054544 -0.428723
-0.408864 -0.426939 0.806568
-0.901788 0.054544 -0.428723
-0.415580 -0.377670 0.827441
-0.408864 -0.426939 0.806568
0.903000 -0.057701 0.425749
0.429880 0.186523 -0.883410
0.902435 -0.055878 0.427188
0.429880 0.186523 -0.883410
0.418438 0.353814 -0.836496
0.902435 -0.055878 0.427188
-0.901464 0.052938 -0.429605
-0.403824 -0.457878 0.792006
-0.415580 -0.377670 0.827441
-0.901464 0.052938 -0.429605
-0.415580 -0.377670 0.827441
-0.901788 0.054544 -0.428723
0.904298 -0.064757 0.421961
0.426223 -0.043357 -0.903578
0.903000 -0.057701 0.425749
0.426223 -0.043357 -0.903578
0.429880 0.186523 -0.883410
0.903000 -0.057701 0.425749
-0.301212 -0.790550 0.533199
-0.403824 -0.457878 0.792006
-0.900062 0.045865 -0.433342
-0.900062 0.045865 -0.433342
-0.403824 -0.457878 0.792006
-0.901464 0.052938 -0.429605
0.137420 -0.903197 -0.406634
0.387251 -0.336123 -0.858521
0.904298 -0.064757 0.421961
0.387251 -0.336123 -0.858521
0.426223 -0.043357 -0.903578
0.904298 -0.064757 0.421961
-0.148859 -0.970590 0.189197
-0.301212 -0.790550 0.533199
-0.900062 0.045865 -0.433342
-0.148859 -0.970590 0.189197
-0.900062 0.045865 -0.433342
0.137420 -0.903197 -0.406634
0.070915 0.927545 0.366922
0.193840 0.811230 0.551663
0.766657 0.634316 0.099399
0.800738 0.592136 0.090518
0.766657 0.634316 0.099399
0.193840 0.811230 0.551663
-0.921086 0.127482 0.367898
-0.833630 0.033574 0.551302
0.070915 0.927545 0.366922
0.193840 0.811230 0.551663
0.070915 0.927545 0.366922
-0.833630 0.033574 0.551302
0.021352 0.992743 -0.118348
0.076718 0.996958 0.013741
-0.972898 0.197261 -0.120655
0.076718 0.996958 0.013741
-0.978702 0.204828 0.013731
-0.972898 0.197261 -0.120655
-0.833630 0.033574 0.551302
-0.782789 -0.614200 0.100004
-0.786408 -0.610973 0.090959
-0.782789 -0.614200 0.100004
-0.833630 0.033574 0.551302
-0.921086 0.127482 0.367898
0.708144 0.699335 -0.097279
0.766783 0.638223 -0.068667
0.076718 0.996958 0.013741
0.708144 0.699335 -0.097279
0.076718 0.996958 0.013741
0.021352 0.992743 -0.118348
0.779427 0.619942 -0.090368
0.766783 0.638223 -0.068667
0.708144 0.699335 -0.097279
0.766783 0.638223 -0.068667
0.779427 0.619942 -0.090368
0.798776 0.596959 -0.074811
0.794482 0.601199 -0.085776
0.798776 0.596959 -0.074811
0.779427 0.619942 -0.090368
0.798776 0.596959 -0.074811
0.794482 0.601199 -0.085776
0.810617 0.581355 -0.070190
0.810617 0.581355 -0.070190
0.794482 0.601199 -0.085776
0.820980 0.566904 -0.067906
0.794482 0.601199 -0.085776
0.805880 0.587104 -0.076595
0.820980 0.566904 -0.067906
0.820980 0.566904 -0.067906
0.815746 0.574469 -0.067404
0.828992 0.556478 -0.055724
0.815746 0.574469 -0.067404
0.820980 0.566904 -0.067906
0.805880 0.587104 -0.076595
0.828992 0.556478 -0.055724
0.821744 0.568001 -0.045961
0.833567 0.550879 -0.041201
0.821744 0.568001 -0.045961
0.828992 0.556478 -0.055724
0.815746 0.574469 -0.067404
0.833567 0.550879 -0.041201
0.817704 0.574883 -0.029491
0.831359 0.555130 -0.025944
0.817704 0.574883 -0.029491
0.833567 0.550879 -0.041201
0.821744 0.568001 -0.045961
0.833979 0.551662 -0.012208
0.831359 0.555130 -0.025944
0.821330 0.570145 -0.018762
0.821330 0.570145 -0.018762
0.831359 0.555130 -0.025944
0.817704 0.574883 -0.029491
0.823706 0.567016 0.000000
0.833979 0.551662 -0.012208
0.821330 0.570145 -0.018762
0.833979 0.551662 -0.012208
0.823706 0.567016 0.000000
0.836713 0.547639 0.001907
0.823101 0.567511 0.020884
0.836713 0.547639 0.001907
0.823706 0.567016 0.000000
0.836713 0.547639 0.001907
0.823101 0.567511 0.020884
0.835074 0.549852 0.017731
0.816992 0.574920 0.044622
0.835074 0.549852 0.017731
0.823101 0.567511 0.020884
0.835074 0.549852 0.017731
0.816992 0.574920 0.044622
0.830998 0.555143 0.035483
0.816992 0.574920 0.044622
0.822494 0.566133 0.054744
0.830998 0.555143 0.035483
0.822494 0.566133 0.054744
0.816992 0.574920 0.044622
0.806455 0.587697 0.065129
0.798081 0.597029 0.081378
0.815718 0.573445 0.075925
0.806455 0.587697 0.065129
0.822494 0.566133 0.054744
0.806455 0.587697 0.065129
0.815718 0.573445 0.075925
0.815718 0.573445 0.075925
0.798081 0.597029 0.081378
0.800738 0.592136 0.090518
0.798081 0.597029 0.081378
0.766657 0.634316 0.099399
0.800738 0.592136 0.090518
-0.773331 -0.629189 0.077981
-0.786408 -0.610973 0.090959
-0.753244 -0.652562 0.082385
-0.753244 -0.652562 0.082385
-0.786408 -0.610973 0.090959
-0.782789 -0.614200 0.100004
-0.751334 -0.656148 0.070479
-0.773356 -0.630283 0.068293
-0.773331 -0.629189 0.077981
-0.751334 -0.656148 0.070479
-0.773331 -0.629189 0.077981
-0.753244 -0.652562 0.082385
-0.762676 -0.645928 0.033193
-0.751334 -0.656148 0.070479
-0.743268 -0.667830 0.039442
-0.751334 -0.656148 0.070479
-0.762676 -0.645928 0.033193
-0.773356 -0.630283 0.068293
-0.743268 -0.667830 0.039442
-0.753545 -0.657396 -0.000191
-0.762676 -0.645928 0.033193
-0.753545 -0.657396 -0.000191
-0.743268 -0.667830 0.039442
-0.731194 -0.682142 0.006132
-0.731194 -0.682142 0.006132
-0.753520 -0.657424 -0.001144
-0.753545 -0.657396 -0.000191
-0.753520 -0.657424 -0.001144
-0.731194 -0.682142 0.006132
-0.728884 -0.684634 -0.001916
-0.728884 -0.684634 -0.001916
-0.756833 -0.653508 -0.011438
-0.753520 -0.657424 -0.001144
-0.756833 -0.653508 -0.011438
-0.728884 -0.684634 -0.001916
-0.730883 -0.682234 -0.019153
-0.756833 -0.653508 -0.011438
-0.730883 -0.682234 -0.019153
-0.759120 -0.650402 -0.026703
-0.730883 -0.682234 -0.019153
-0.735218 -0.677189 -0.029493
-0.759120 -0.650402 -0.026703
-0.759120 -0.650402 -0.026703
-0.735218 -0.677189 -0.029493
-0.756105 -0.653104 -0.041963
-0.756105 -0.653104 -0.041963
-0.735218 -0.677189 -0.029493
-0.729072 -0.682918 -0.045579
-0.759853 -0.647706 -0.055692
-0.729072 -0.682918 -0.045579
-0.734087 -0.675586 -0.068554
-0.729072 -0.682918 -0.045579
-0.759853 -0.647706 -0.055692
-0.756105 -0.653104 -0.041963
-0.759853 -0.647706 -0.055692
-0.744298 -0.663258 -0.078166
-0.767854 -0.637017 -0.067898
-0.744298 -0.663258 -0.078166
-0.759853 -0.647706 -0.055692
-0.734087 -0.675586 -0.068554
-0.755832 -0.649115 -0.085833
-0.779235 -0.622701 -0.070970
-0.767854 -0.637017 -0.067898
-0.755832 -0.649115 -0.085833
-0.767854 -0.637017 -0.067898
-0.744298 -0.663258 -0.078166
-0.771257 -0.629957 -0.091198
-0.790877 -0.607296 -0.075531
-0.779235 -0.622701 -0.070970
-0.771257 -0.629957 -0.091198
-0.779235 -0.622701 -0.070970
-0.755832 -0.649115 -0.085833
-0.972898 0.197261 -0.120655
-0.978702 0.204828 0.013731
-0.834207 -0.542733 -0.097669
-0.822330 -0.564756 -0.069450
-0.834207 -0.542733 -0.097669
-0.978702 0.204828 0.013731
-0.834207 -0.542733 -0.097669
-0.822330 -0.564756 -0.069450
-0.771257 -0.629957 -0.091198
-0.771257 -0.629957 -0.091198
-0.822330 -0.564756 -0.069450
-0.790877 -0.607296 -0.075531
-0.782789 -0.614200 0.100004
-0.936479 0.034176 0.349055
-0.788310 -0.612820 0.054943
-0.936479 0.034176 0.349055
-0.782789 -0.614200 0.100004
-0.921086 0.127482 0.367898
-0.753244 -0.652562 0.082385
-0.782789 -0.614200 0.100004
-0.753027 -0.657697 0.019604
-0.753027 -0.657697 0.019604
-0.782789 -0.614200 0.100004
-0.788310 -0.612820 0.054943
-0.751334 -0.656148 0.070479
-0.753027 -0.657697 0.019604
-0.752155 -0.658760 0.017295
-0.753027 -0.657697 0.019604
-0.751334 -0.656148 0.070479
-0.753244 -0.652562 0.082385
-0.743268 -0.667830 0.039442
-0.752155 -0.658760 0.017295
-0.750327 -0.660979 0.010760
-0.752155 -0.658760 0.017295
-0.743268 -0.667830 0.039442
-0.751334 -0.656148 0.070479
-0.750327 -0.660979 0.010760
-0.731194 -0.682142 0.006132
-0.743268 -0.667830 0.039442
-0.731194 -0.682142 0.006132
-0.750327 -0.660979 0.010760
-0.747067 -0.664743 0.002690
-0.747067 -0.664743 0.002690
-0.728884 -0.684634 -0.001916
-0.731194 -0.682142 0.006132
-0.728884 -0.684634 -0.001916
-0.747067 -0.664743 0.002690
-0.746263 -0.665651 -0.001153
-0.746263 -0.665651 -0.001153
-0.730883 -0.682234 -0.019153
-0.728884 -0.684634 -0.001916
-0.730883 -0.682234 -0.019153
-0.746263 -0.665651 -0.001153
-0.746054 -0.665849 -0.006916
-0.746054 -0.665849 -0.006916
-0.735218 -0.677189 -0.029493
-0.730883 -0.682234 -0.019153
-0.735218 -0.677189 -0.029493
-0.746054 -0.665849 -0.006916
-0.746456 -0.665395 -0.007299
-0.735218 -0.677189 -0.029493
-0.746456 -0.665395 -0.007299
-0.746211 -0.665646 -0.009218
-0.735218 -0.677189 -0.029493
-0.746211 -0.665646 -0.009218
-0.729072 -0.682918 -0.045579
-0.734087 -0.675586 -0.068554
-0.746211 -0.665646 -0.009218
-0.748606 -0.662779 -0.017684
-0.746211 -0.665646 -0.009218
-0.734087 -0.675586 -0.068554
-0.729072 -0.682918 -0.045579
-0.744298 -0.663258 -0.078166
-0.748606 -0.662779 -0.017684
-0.750607 -0.660373 -0.022294
-0.748606 -0.662779 -0.017684
-0.744298 -0.663258 -0.078166
-0.734087 -0.675586 -0.068554
-0.755832 -0.649115 -0.085833
-0.750607 -0.660373 -0.022294
-0.753628 -0.656782 -0.026133
-0.750607 -0.660373 -0.022294
-0.755832 -0.649115 -0.085833
-0.744298 -0.663258 -0.078166
-0.771257 -0.629957 -0.091198
-0.753628 -0.656782 -0.026133
-0.756997 -0.652696 -0.030733
-0.753628 -0.656782 -0.026133
-0.771257 -0.629957 -0.091198
-0.755832 -0.649115 -0.085833
-0.834207 -0.542733 -0.097669
-0.756997 -0.652696 -0.030733
-0.846286 -0.521028 -0.111045
-0.756997 -0.652696 -0.030733
-0.834207 -0.542733 -0.097669
-0.771257 -0.629957 -0.091198
-0.846286 -0.521028 -0.111045
-0.972898 0.197261 -0.120655
-0.834207 -0.542733 -0.097669
-0.972898 0.197261 -0.120655
-0.846286 -0.521028 -0.111045
-0.798344 0.272682 -0.536927
-0.798344 0.272682 -0.536927
0.021352 0.992743 -0.118348
-0.972898 0.197261 -0.120655
0.021352 0.992743 -0.118348
-0.798344 0.272682 -0.536927
-0.147141 0.831049 -0.536383
0.021352 0.992743 -0.118348
-0.147141 0.831049 -0.536383
0.644829 0.756272 -0.110674
0.644829 0.756272 -0.110674
0.708144 0.699335 -0.097279
0.021352 0.992743 -0.118348
0.708144 0.699335 -0.097279
0.644829 0.756272 -0.110674
0.760767 0.648296 -0.030761
0.760767 0.648296 -0.030761
0.779427 0.619942 -0.090368
0.708144 0.699335 -0.097279
0.779427 0.619942 -0.090368
0.760767 0.648296 -0.030761
0.764418 0.644206 -0.025753
0.764418 0.644206 -0.025753
0.794482 0.601199 -0.085776
0.779427 0.619942 -0.090368
0.794482 0.601199 -0.085776
0.764418 0.644206 -0.025753
0.767325 0.640910 -0.021133
0.794482 0.601199 -0.085776
0.767325 0.640910 -0.021133
0.805880 0.587104 -0.076595
0.805880 0.587104 -0.076595
0.769753 0.638097 -0.017682
0.815746 0.574469 -0.067404
0.769753 0.638097 -0.017682
0.805880 0.587104 -0.076595
0.767325 0.640910 -0.021133
0.815746 0.574469 -0.067404
0.772366 0.635116 -0.008842
0.821744 0.568001 -0.045961
0.772366 0.635116 -0.008842
0.815746 0.574469 -0.067404
0.769753 0.638097 -0.017682
0.817704 0.574883 -0.029491
0.772366 0.635116 -0.008842
0.771312 0.636419 -0.006918
0.772366 0.635116 -0.008842
0.817704 0.574883 -0.029491
0.821744 0.568001 -0.045961
0.821330 0.570145 -0.018762
0.817704 0.574883 -0.029491
0.771845 0.635773 -0.006919
0.771845 0.635773 -0.006919
0.817704 0.574883 -0.029491
0.771312 0.636419 -0.006918
0.771863 0.635788 -0.001153
0.823706 0.567016 0.000000
0.821330 0.570145 -0.018762
0.771863 0.635788 -0.001153
0.821330 0.570145 -0.018762
0.771845 0.635773 -0.006919
0.770787 0.637071 0.005187
0.823101 0.567511 0.020884
0.823706 0.567016 0.000000
0.770787 0.637071 0.005187
0.823706 0.567016 0.000000
0.771863 0.635788 -0.001153
0.823101 0.567511 0.020884
0.770787 0.637071 0.005187
0.769209 0.638893 0.011532
0.769209 0.638893 0.011532
0.816992 0.574920 0.044622
0.823101 0.567511 0.020884
0.816992 0.574920 0.044622
0.769209 0.638893 0.011532
0.766970 0.641480 0.016143
0.766970 0.641480 0.016143
0.806455 0.587697 0.065129
0.816992 0.574920 0.044622
0.806455 0.587697 0.065129
0.766970 0.641480 0.016143
0.765265 0.643422 0.019410
0.806455 0.587697 0.065129
0.765265 0.643422 0.019410
0.798081 0.597029 0.081378
0.765265 0.643422 0.019410
0.766657 0.634316 0.099399
0.798081 0.597029 0.081378
0.766657 0.634316 0.099399
0.765265 0.643422 0.019410
0.725598 0.685922 0.054951
0.766657 0.634316 0.099399
0.725598 0.685922 0.054951
0.108834 0.930609 0.349459
0.766657 0.634316 0.099399
0.108834 0.930609 0.349459
0.070915 0.927545 0.366922
0.108834 0.930609 0.349459
-0.921086 0.127482 0.367898
0.070915 0.927545 0.366922
-0.921086 0.127482 0.367898
0.108834 0.930609 0.349459
-0.936479 0.034176 0.349055
-0.801281 -0.587022 0.115556
-0.788310 -0.612820 0.054943
-0.936479 0.034176 0.349055
-0.801281 -0.587022 0.115556
-0.936479 0.034176 0.349055
-0.835366 0.127528 0.534696
-0.734703 -0.678247 0.013873
-0.753027 -0.657697 0.019604
-0.788310 -0.612820 0.054943
-0.734703 -0.678247 0.013873
-0.788310 -0.612820 0.054943
-0.801281 -0.587022 0.115556
-0.753027 -0.657697 0.019604
-0.734703 -0.678247 0.013873
-0.733560 -0.679533 0.011171
-0.733560 -0.679533 0.011171
-0.752155 -0.658760 0.017295
-0.753027 -0.657697 0.019604
-0.752155 -0.658760 0.017295
-0.733560 -0.679533 0.011171
-0.732755 -0.680449 0.007706
-0.732755 -0.680449 0.007706
-0.750327 -0.660979 0.010760
-0.752155 -0.658760 0.017295
-0.732755 -0.680449 0.007706
-0.747067 -0.664743 0.002690
-0.750327 -0.660979 0.010760
-0.747067 -0.664743 0.002690
-0.732755 -0.680449 0.007706
-0.731884 -0.681422 0.003082
-0.731884 -0.681422 0.003082
-0.746263 -0.665651 -0.001153
-0.747067 -0.664743 0.002690
-0.746263 -0.665651 -0.001153
-0.731884 -0.681422 0.003082
-0.731145 -0.682222 -0.000770
-0.731145 -0.682222 -0.000770
-0.746054 -0.665849 -0.006916
-0.746263 -0.665651 -0.001153
-0.746054 -0.665849 -0.006916
-0.731145 -0.682222 -0.000770
-0.731094 -0.682264 -0.004238
-0.731094 -0.682264 -0.004238
-0.746456 -0.665395 -0.007299
-0.746054 -0.665849 -0.006916
-0.746456 -0.665395 -0.007299
-0.731094 -0.682264 -0.004238
-0.730576 -0.682821 -0.003851
-0.730576 -0.682821 -0.003851
-0.746211 -0.665646 -0.009218
-0.746456 -0.665395 -0.007299
-0.746211 -0.665646 -0.009218
-0.730576 -0.682821 -0.003851
-0.731222 -0.682115 -0.005777
-0.731222 -0.682115 -0.005777
-0.748606 -0.662779 -0.017684
-0.746211 -0.665646 -0.009218
-0.748606 -0.662779 -0.017684
-0.731222 -0.682115 -0.005777
-0.732452 -0.680733 -0.010787
-0.750607 -0.660373 -0.022294
-0.732452 -0.680733 -0.010787
-0.733438 -0.679598 -0.014640
-0.732452 -0.680733 -0.010787
-0.750607 -0.660373 -0.022294
-0.748606 -0.662779 -0.017684
-0.753628 -0.656782 -0.026133
-0.733438 -0.679598 -0.014640
-0.735564 -0.677160 -0.020030
-0.733438 -0.679598 -0.014640
-0.753628 -0.656782 -0.026133
-0.750607 -0.660373 -0.022294
-0.756997 -0.652696 -0.030733
-0.735564 -0.677160 -0.020030
-0.738122 -0.674216 -0.024657
-0.735564 -0.677160 -0.020030
-0.756997 -0.652696 -0.030733
-0.753628 -0.656782 -0.026133
-0.846286 -0.521028 -0.111045
-0.738122 -0.674216 -0.024657
-0.840195 -0.158290 -0.518668
-0.738122 -0.674216 -0.024657
-0.846286 -0.521028 -0.111045
-0.756997 -0.652696 -0.030733
-0.798344 0.272682 -0.536927
-0.840195 -0.158290 -0.518668
-0.594818 0.350270 -0.723535
-0.840195 -0.158290 -0.518668
-0.798344 0.272682 -0.536927
-0.846286 -0.521028 -0.111045
-0.147141 0.831049 -0.536383
-0.594818 0.350270 -0.723535
-0.294062 0.624162 -0.723844
-0.594818 0.350270 -0.723535
-0.147141 0.831049 -0.536383
-0.798344 0.272682 -0.536927
-0.147141 0.831049 -0.536383
-0.294062 0.624162 -0.723844
0.234131 0.822481 -0.518370
0.234131 0.822481 -0.518370
0.644829 0.756272 -0.110674
-0.147141 0.831049 -0.536383
0.644829 0.756272 -0.110674
0.234131 0.822481 -0.518370
0.739698 0.672488 -0.024650
0.739698 0.672488 -0.024650
0.760767 0.648296 -0.030761
0.644829 0.756272 -0.110674
0.760767 0.648296 -0.030761
0.739698 0.672488 -0.024650
0.742398 0.669671 -0.019651
0.742398 0.669671 -0.019651
0.764418 0.644206 -0.025753
0.760767 0.648296 -0.030761
0.764418 0.644206 -0.025753
0.744219 0.667775 -0.014634
0.767325 0.640910 -0.021133
0.764418 0.644206 -0.025753
0.742398 0.669671 -0.019651
0.744219 0.667775 -0.014634
0.767325 0.640910 -0.021133
0.745529 0.666373 -0.011556
0.769753 0.638097 -0.017682
0.745529 0.666373 -0.011556
0.767325 0.640910 -0.021133
0.744219 0.667775 -0.014634
0.769753 0.638097 -0.017682
0.746759 0.665070 -0.005780
0.772366 0.635116 -0.008842
0.746759 0.665070 -0.005780
0.769753 0.638097 -0.017682
0.745529 0.666373 -0.011556
0.772366 0.635116 -0.008842
0.747064 0.664741 -0.003851
0.771312 0.636419 -0.006918
0.747064 0.664741 -0.003851
0.772366 0.635116 -0.008842
0.746759 0.665070 -0.005780
0.747169 0.664621 -0.004238
0.771845 0.635773 -0.006919
0.771312 0.636419 -0.006918
0.747169 0.664621 -0.004238
0.771312 0.636419 -0.006918
0.747064 0.664741 -0.003851
0.746622 0.665248 -0.000770
0.771863 0.635788 -0.001153
0.771845 0.635773 -0.006919
0.746622 0.665248 -0.000770
0.771845 0.635773 -0.006919
0.747169 0.664621 -0.004238
0.771863 0.635788 -0.001153
0.746622 0.665248 -0.000770
0.745917 0.666032 0.003080
0.745917 0.666032 0.003080
0.770787 0.637071 0.005187
0.771863 0.635788 -0.001153
0.770787 0.637071 0.005187
0.745917 0.666032 0.003080
0.745385 0.666589 0.007706
0.745385 0.666589 0.007706
0.769209 0.638893 0.011532
0.770787 0.637071 0.005187
0.745385 0.666589 0.007706
0.766970 0.641480 0.016143
0.769209 0.638893 0.011532
0.766970 0.641480 0.016143
0.745385 0.666589 0.007706
0.744209 0.667853 0.011169
0.744209 0.667853 0.011169
0.765265 0.643422 0.019410
0.766970 0.641480 0.016143
0.765265 0.643422 0.019410
0.744209 0.667853 0.011169
0.743328 0.668783 0.013869
0.743328 0.668783 0.013869
0.725598 0.685922 0.054951
0.765265 0.643422 0.019410
0.725598 0.685922 0.054951
0.743328 0.668783 0.013869
0.658691 0.743544 0.115191
0.658691 0.743544 0.115191
0.108834 0.930609 0.349459
0.725598 0.685922 0.054951
0.108834 0.930609 0.349459
0.658691 0.743544 0.115191
-0.049857 0.843780 0.534368
-0.049857 0.843780 0.534368
-0.936479 0.034176 0.349055
0.108834 0.930609 0.349459
-0.936479 0.034176 0.349055
-0.049857 0.843780 0.534368
-0.835366 0.127528 0.534696
-0.822330 -0.564756 -0.069450
-0.984585 0.171655 0.033568
-0.804578 -0.593610 -0.016786
-0.984585 0.171655 0.033568
-0.822330 -0.564756 -0.069450
-0.978702 0.204828 0.013731
-0.804578 -0.593610 -0.016786
-0.790877 -0.607296 -0.075531
-0.822330 -0.564756 -0.069450
-0.790877 -0.607296 -0.075531
-0.804578 -0.593610 -0.016786
-0.795458 -0.605754 -0.017558
-0.790877 -0.607296 -0.075531
-0.795458 -0.605754 -0.017558
-0.793108 -0.608850 -0.016785
-0.790877 -0.607296 -0.075531
-0.793108 -0.608850 -0.016785
-0.779235 -0.622701 -0.070970
0.798776 0.596959 -0.074811
0.800711 0.598816 -0.016793
0.798903 0.601204 -0.017548
0.800711 0.598816 -0.016793
0.798776 0.596959 -0.074811
0.810617 0.581355 -0.070190
0.798776 0.596959 -0.074811
0.789323 0.613748 -0.016794
0.766783 0.638223 -0.068667
0.789323 0.613748 -0.016794
0.798776 0.596959 -0.074811
0.798903 0.601204 -0.017548
0.766783 0.638223 -0.068667
0.789323 0.613748 -0.016794
0.105105 0.993894 0.033588
0.766783 0.638223 -0.068667
0.105105 0.993894 0.033588
0.076718 0.996958 0.013741
0.105105 0.993894 0.033588
-0.978702 0.204828 0.013731
0.076718 0.996958 0.013741
-0.978702 0.204828 0.013731
0.105105 0.993894 0.033588
-0.984585 0.171655 0.033568
-0.866848 -0.032035 0.497542
-0.833630 0.033574 0.551302
-0.786408 -0.610973 0.090959
-0.866848 -0.032035 0.497542
-0.786408 -0.610973 0.090959
-0.795210 -0.605947 0.021655
-0.866848 -0.032035 0.497542
0.193840 0.811230 0.551663
-0.833630 0.033574 0.551302
0.193840 0.811230 0.551663
-0.866848 -0.032035 0.497542
0.270765 0.826025 0.494337
0.800738 0.592136 0.090518
0.270765 0.826025 0.494337
0.798808 0.601204 0.021458
0.270765 0.826025 0.494337
0.800738 0.592136 0.090518
0.193840 0.811230 0.551663
0.815718 0.573445 0.075925
0.798808 0.601204 0.021458
0.801855 0.597288 0.016602
0.798808 0.601204 0.021458
0.815718 0.573445 0.075925
0.800738 0.592136 0.090518
0.822494 0.566133 0.054744
0.801855 0.597288 0.016602
0.802253 0.596919 0.008778
0.801855 0.597288 0.016602
0.822494 0.566133 0.054744
0.815718 0.573445 0.075925
0.802253 0.596919 0.008778
0.830998 0.555143 0.035483
0.822494 0.566133 0.054744
0.830998 0.555143 0.035483
0.802253 0.596919 0.008778
0.804991 0.593252 0.006486
0.804991 0.593252 0.006486
0.835074 0.549852 0.017731
0.830998 0.555143 0.035483
0.835074 0.549852 0.017731
0.804991 0.593252 0.006486
0.804505 0.593937 0.003242
0.835074 0.549852 0.017731
0.804505 0.593937 0.003242
0.805190 0.593016 0.001145
0.835074 0.549852 0.017731
0.805190 0.593016 0.001145
0.836713 0.547639 0.001907
0.805190 0.593016 0.001145
0.833979 0.551662 -0.012208
0.836713 0.547639 0.001907
0.833979 0.551662 -0.012208
0.805190 0.593016 0.001145
0.804509 0.593940 -0.000763
0.804509 0.593940 -0.000763
0.831359 0.555130 -0.025944
0.833979 0.551662 -0.012208
0.831359 0.555130 -0.025944
0.804509 0.593940 -0.000763
0.802921 0.596085 -0.000763
0.831359 0.555130 -0.025944
0.802921 0.596085 -0.000763
0.802494 0.596629 -0.006100
0.802494 0.596629 -0.006100
0.833567 0.550879 -0.041201
0.831359 0.555130 -0.025944
0.802494 0.596629 -0.006100
0.828992 0.556478 -0.055724
0.833567 0.550879 -0.041201
0.828992 0.556478 -0.055724
0.802494 0.596629 -0.006100
0.801104 0.598443 -0.009923
0.820980 0.566904 -0.067906
0.801104 0.598443 -0.009923
0.800556 0.599082 -0.014500
0.801104 0.598443 -0.009923
0.820980 0.566904 -0.067906
0.828992 0.556478 -0.055724
-0.767854 -0.637017 -0.067898
-0.793646 -0.608207 -0.014499
-0.793365 -0.608666 -0.009922
-0.793365 -0.608666 -0.009922
-0.759853 -0.647706 -0.055692
-0.767854 -0.637017 -0.067898
-0.759853 -0.647706 -0.055692
-0.793365 -0.608666 -0.009922
-0.791207 -0.611526 -0.005341
-0.791207 -0.611526 -0.005341
-0.756105 -0.653104 -0.041963
-0.759853 -0.647706 -0.055692
-0.791207 -0.611526 -0.005341
-0.759120 -0.650402 -0.026703
-0.756105 -0.653104 -0.041963
-0.759120 -0.650402 -0.026703
-0.791207 -0.611526 -0.005341
-0.791402 -0.611295 -0.000763
-0.789681 -0.613518 0.000000
-0.756833 -0.653508 -0.011438
-0.759120 -0.650402 -0.026703
-0.789681 -0.613518 0.000000
-0.759120 -0.650402 -0.026703
-0.791402 -0.611295 -0.000763
-0.756833 -0.653508 -0.011438
-0.788550 -0.614970 -0.000572
-0.753520 -0.657424 -0.001144
-0.788550 -0.614970 -0.000572
-0.756833 -0.653508 -0.011438
-0.789681 -0.613518 0.000000
-0.753545 -0.657396 -0.000191
-0.788550 -0.614970 -0.000572
-0.786666 -0.617359 -0.004957
-0.788550 -0.614970 -0.000572
-0.753545 -0.657396 -0.000191
-0.753520 -0.657424 -0.001144
-0.753545 -0.657396 -0.000191
-0.786977 -0.616923 0.008579
-0.762676 -0.645928 0.033193
-0.786977 -0.616923 0.008579
-0.753545 -0.657396 -0.000191
-0.786666 -0.617359 -0.004957
-0.762676 -0.645928 0.033193
-0.792547 -0.609476 0.020214
-0.773356 -0.630283 0.068293
-0.792547 -0.609476 0.020214
-0.762676 -0.645928 0.033193
-0.786977 -0.616923 0.008579
-0.773356 -0.630283 0.068293
-0.792547 -0.609476 0.020214
-0.792932 -0.609008 0.019175
-0.773356 -0.630283 0.068293
-0.792932 -0.609008 0.019175
-0.773331 -0.629189 0.077981
-0.773331 -0.629189 0.077981
-0.792932 -0.609008 0.019175
-0.795210 -0.605947 0.021655
-0.773331 -0.629189 0.077981
-0.795210 -0.605947 0.021655
-0.786408 -0.610973 0.090959
-0.779235 -0.622701 -0.070970
-0.793108 -0.608850 -0.016785
-0.793646 -0.608207 -0.014499
-0.779235 -0.622701 -0.070970
-0.793646 -0.608207 -0.014499
-0.767854 -0.637017 -0.067898
0.810617 0.581355 -0.070190
0.800556 0.599082 -0.014500
0.800711 0.598816 -0.016793
0.800556 0.599082 -0.014500
0.810617 0.581355 -0.070190
0.820980 0.566904 -0.067906
-0.804578 -0.593610 -0.016786
-0.527032 0.696864 -0.486433
-0.216289 0.284953 -0.933821
-0.527032 0.696864 -0.486433
-0.804578 -0.593610 -0.016786
-0.984585 0.171655 0.033568
-0.216289 0.284953 -0.933821
-0.795458 -0.605754 -0.017558
-0.804578 -0.593610 -0.016786
-0.795458 -0.605754 -0.017558
-0.216289 0.284953 -0.933821
0.122042 -0.160943 -0.979389
-0.795458 -0.605754 -0.017558
0.122042 -0.160943 -0.979389
0.171276 -0.225825 -0.958993
-0.795458 -0.605754 -0.017558
0.171276 -0.225825 -0.958993
-0.793108 -0.608850 -0.016785
0.171276 -0.225825 -0.958993
-0.793646 -0.608207 -0.014499
-0.793108 -0.608850 -0.016785
-0.793646 -0.608207 -0.014499
0.171276 -0.225825 -0.958993
0.048050 -0.063303 -0.996837
0.048050 -0.063303 -0.996837
-0.795643 -0.605696 -0.009154
-0.793646 -0.608207 -0.014499
-0.795643 -0.605696 -0.009154
-0.793365 -0.608666 -0.009922
-0.793646 -0.608207 -0.014499
-0.795643 -0.605696 -0.009154
-0.794885 -0.606753 -0.003053
-0.793365 -0.608666 -0.009922
-0.794885 -0.606753 -0.003053
-0.791207 -0.611526 -0.005341
-0.793365 -0.608666 -0.009922
-0.791402 -0.611295 -0.000763
-0.794885 -0.606753 -0.003053
-0.796830 -0.604203 -0.000763
-0.794885 -0.606753 -0.003053
-0.791402 -0.611295 -0.000763
-0.791207 -0.611526 -0.005341
-0.798165 -0.602439 0.000000
-0.789681 -0.613518 0.000000
-0.791402 -0.611295 -0.000763
-0.798165 -0.602439 0.000000
-0.791402 -0.611295 -0.000763
-0.796830 -0.604203 -0.000763
-0.789681 -0.613518 0.000000
-0.798395 -0.602134 -0.000763
-0.788550 -0.614970 -0.000572
-0.798395 -0.602134 -0.000763
-0.789681 -0.613518 0.000000
-0.798165 -0.602439 0.000000
-0.786666 -0.617359 -0.004957
-0.798395 -0.602134 -0.000763
-0.797564 -0.603227 -0.003051
-0.798395 -0.602134 -0.000763
-0.786666 -0.617359 -0.004957
-0.788550 -0.614970 -0.000572
-0.786666 -0.617359 -0.004957
-0.797476 -0.603351 -0.000191
-0.786977 -0.616923 0.008579
-0.797476 -0.603351 -0.000191
-0.786666 -0.617359 -0.004957
-0.797564 -0.603227 -0.003051
-0.792547 -0.609476 0.020214
-0.797476 -0.603351 -0.000191
-0.798807 -0.601585 0.001526
-0.797476 -0.603351 -0.000191
-0.792547 -0.609476 0.020214
-0.786977 -0.616923 0.008579
-0.792547 -0.609476 0.020214
-0.798807 -0.601585 0.001526
-0.798481 -0.602008 0.003863
-0.792547 -0.609476 0.020214
-0.798481 -0.602008 0.003863
-0.792932 -0.609008 0.019175
-0.792932 -0.609008 0.019175
-0.798481 -0.602008 0.003863
-0.797825 -0.602852 0.006629
-0.792932 -0.609008 0.019175
-0.797825 -0.602852 0.006629
-0.795210 -0.605947 0.021655
-0.797825 -0.602852 0.006629
-0.866848 -0.032035 0.497542
-0.795210 -0.605947 0.021655
-0.866848 -0.032035 0.497542
-0.797825 -0.602852 0.006629
-0.892586 0.013351 0.450680
-0.892586 0.013351 0.450680
0.270765 0.826025 0.494337
-0.866848 -0.032035 0.497542
0.270765 0.826025 0.494337
-0.892586 0.013351 0.450680
0.249865 0.862131 0.440793
0.270765 0.826025 0.494337
0.796351 0.604799 0.006535
0.798808 0.601204 0.021458
0.796351 0.604799 0.006535
0.270765 0.826025 0.494337
0.249865 0.862131 0.440793
0.801855 0.597288 0.016602
0.796351 0.604799 0.006535
0.795901 0.605419 0.003149
0.796351 0.604799 0.006535
0.801855 0.597288 0.016602
0.798808 0.601204 0.021458
0.802253 0.596919 0.008778
0.795901 0.605419 0.003149
0.795444 0.606025 -0.001717
0.795901 0.605419 0.003149
0.802253 0.596919 0.008778
0.801855 0.597288 0.016602
0.795860 0.605480 -0.000763
0.802253 0.596919 0.008778
0.795444 0.606025 -0.001717
0.802253 0.596919 0.008778
0.795860 0.605480 -0.000763
0.804991 0.593252 0.006486
0.795860 0.605480 -0.000763
0.804505 0.593937 0.003242
0.804991 0.593252 0.006486
0.804505 0.593937 0.003242
0.795860 0.605480 -0.000763
0.795493 0.605963 -0.000763
0.804505 0.593937 0.003242
0.795493 0.605963 -0.000763
0.796044 0.605238 -0.000191
0.804505 0.593937 0.003242
0.796044 0.605238 -0.000191
0.805190 0.593016 0.001145
0.796044 0.605238 -0.000191
0.804509 0.593940 -0.000763
0.805190 0.593016 0.001145
0.804509 0.593940 -0.000763
0.796044 0.605238 -0.000191
0.795861 0.605480 0.000000
0.795861 0.605480 0.000000
0.802921 0.596085 -0.000763
0.804509 0.593940 -0.000763
0.802921 0.596085 -0.000763
0.795861 0.605480 0.000000
0.797245 0.603656 -0.000763
0.797245 0.603656 -0.000763
0.799219 0.601036 -0.002289
0.802921 0.596085 -0.000763
0.799219 0.601036 -0.002289
0.802494 0.596629 -0.006100
0.802921 0.596085 -0.000763
0.799219 0.601036 -0.002289
0.801104 0.598443 -0.009923
0.802494 0.596629 -0.006100
0.801104 0.598443 -0.009923
0.799219 0.601036 -0.002289
0.798545 0.601866 -0.009157
0.800556 0.599082 -0.014500
0.798545 0.601866 -0.009157
0.048050 -0.063303 -0.996837
0.798545 0.601866 -0.009157
0.800556 0.599082 -0.014500
0.801104 0.598443 -0.009923
0.800556 0.599082 -0.014500
0.171276 -0.225825 -0.958993
0.800711 0.598816 -0.016793
0.171276 -0.225825 -0.958993
0.800556 0.599082 -0.014500
0.048050 -0.063303 -0.996837
0.798903 0.601204 -0.017548
0.171276 -0.225825 -0.958993
0.122042 -0.160943 -0.979389
0.171276 -0.225825 -0.958993
0.798903 0.601204 -0.017548
0.800711 0.598816 -0.016793
0.798903 0.601204 -0.017548
-0.216289 0.284953 -0.933821
0.789323 0.613748 -0.016794
-0.216289 0.284953 -0.933821
0.798903 0.601204 -0.017548
0.122042 -0.160943 -0.979389
0.789323 0.613748 -0.016794
-0.216289 0.284953 -0.933821
-0.527032 0.696864 -0.486433
-0.527032 0.696864 -0.486433
0.105105 0.993894 0.033588
0.789323 0.613748 -0.016794
-0.795643 -0.605696 -0.009154
0.176683 -0.232969 -0.956299
0.329122 -0.434761 -0.838249
0.176683 -0.232969 -0.956299
-0.795643 -0.605696 -0.009154
0.048050 -0.063303 -0.996837
0.329122 -0.434761 -0.838249
-0.794885 -0.606753 -0.003053
-0.795643 -0.605696 -0.009154
-0.794885 -0.606753 -0.003053
0.329122 -0.434761 -0.838249
0.332683 -0.438745 -0.834760
-0.796830 -0.604203 -0.000763
0.332683 -0.438745 -0.834760
-0.793009 -0.609163 -0.007632
0.332683 -0.438745 -0.834760
-0.796830 -0.604203 -0.000763
-0.794885 -0.606753 -0.003053
-0.793216 -0.608940 -0.000763
-0.798165 -0.602439 0.000000
-0.796830 -0.604203 -0.000763
-0.793216 -0.608940 -0.000763
-0.796830 -0.604203 -0.000763
-0.793009 -0.609163 -0.007632
-0.798165 -0.602439 0.000000
-0.794011 -0.607903 0.000191
-0.798395 -0.602134 -0.000763
-0.794011 -0.607903 0.000191
-0.798165 -0.602439 0.000000
-0.793216 -0.608940 -0.000763
-0.797564 -0.603227 -0.003051
-0.794011 -0.607903 0.000191
-0.793262 -0.608880 0.000954
-0.794011 -0.607903 0.000191
-0.797564 -0.603227 -0.003051
-0.798395 -0.602134 -0.000763
-0.797564 -0.603227 -0.003051
-0.793820 -0.608150 0.002099
-0.797476 -0.603351 -0.000191
-0.793820 -0.608150 0.002099
-0.797564 -0.603227 -0.003051
-0.793262 -0.608880 0.000954
-0.798807 -0.601585 0.001526
-0.793820 -0.608150 0.002099
-0.794183 -0.607653 0.005650
-0.793820 -0.608150 0.002099
-0.798807 -0.601585 0.001526
-0.797476 -0.603351 -0.000191
-0.797540 -0.603208 0.008391
-0.798807 -0.601585 0.001526
-0.794183 -0.607653 0.005650
-0.798807 -0.601585 0.001526
-0.797540 -0.603208 0.008391
-0.798481 -0.602008 0.003863
-0.189949 0.250977 0.949173
-0.798481 -0.602008 0.003863
-0.797540 -0.603208 0.008391
-0.798481 -0.602008 0.003863
-0.189949 0.250977 0.949173
-0.797825 -0.602852 0.006629
-0.797825 -0.602852 0.006629
-0.189949 0.250977 0.949173
-0.144943 0.191477 0.970736
-0.797825 -0.602852 0.006629
-0.144943 0.191477 0.970736
-0.892586 0.013351 0.450680
0.796351 0.604799 0.006535
-0.144943 0.191477 0.970736
-0.189949 0.250977 0.949173
-0.144943 0.191477 0.970736
0.796351 0.604799 0.006535
0.249865 0.862131 0.440793
0.795901 0.605419 0.003149
-0.189949 0.250977 0.949173
0.796664 0.604366 0.008299
-0.189949 0.250977 0.949173
0.795901 0.605419 0.003149
0.796351 0.604799 0.006535
0.795444 0.606025 -0.001717
0.796664 0.604366 0.008299
0.799716 0.600359 0.004793
0.796664 0.604366 0.008299
0.795444 0.606025 -0.001717
0.795901 0.605419 0.003149
0.799495 0.600670 0.001907
0.795444 0.606025 -0.001717
0.799716 0.600359 0.004793
0.795444 0.606025 -0.001717
0.799495 0.600670 0.001907
0.795860 0.605480 -0.000763
0.799495 0.600670 0.001907
0.795493 0.605963 -0.000763
0.795860 0.605480 -0.000763
0.795493 0.605963 -0.000763
0.799495 0.600670 0.001907
0.800319 0.599572 0.001526
0.795493 0.605963 -0.000763
0.800319 0.599572 0.001526
0.800320 0.599573 0.000381
0.795493 0.605963 -0.000763
0.800320 0.599573 0.000381
0.796044 0.605238 -0.000191
0.800320 0.599573 0.000381
0.795861 0.605480 0.000000
0.796044 0.605238 -0.000191
0.795861 0.605480 0.000000
0.800320 0.599573 0.000381
0.800914 0.598779 -0.000763
0.800914 0.598779 -0.000763
0.797245 0.603656 -0.000763
0.795861 0.605480 0.000000
0.797245 0.603656 -0.000763
0.800914 0.598779 -0.000763
0.801124 0.598459 -0.006867
0.801124 0.598459 -0.006867
0.332683 -0.438745 -0.834760
0.797245 0.603656 -0.000763
0.332683 -0.438745 -0.834760
0.799219 0.601036 -0.002289
0.797245 0.603656 -0.000763
0.332683 -0.438745 -0.834760
0.329122 -0.434761 -0.838249
0.799219 0.601036 -0.002289
0.329122 -0.434761 -0.838249
0.798545 0.601866 -0.009157
0.799219 0.601036 -0.002289
0.329122 -0.434761 -0.838249
0.176683 -0.232969 -0.956299
0.798545 0.601866 -0.009157
0.176683 -0.232969 -0.956299
0.048050 -0.063303 -0.996837
0.798545 0.601866 -0.009157
-0.793009 -0.609163 -0.007632
0.329040 -0.434823 -0.838249
0.524885 -0.692344 -0.495131
0.329040 -0.434823 -0.838249
-0.793009 -0.609163 -0.007632
0.332683 -0.438745 -0.834760
-0.793216 -0.608940 -0.000763
0.524885 -0.692344 -0.495131
0.602390 -0.794551 -0.076252
0.524885 -0.692344 -0.495131
-0.793216 -0.608940 -0.000763
-0.793009 -0.609163 -0.007632
-0.793216 -0.608940 -0.000763
0.601788 -0.793612 0.089620
-0.794011 -0.607903 0.000191
0.601788 -0.793612 0.089620
-0.793216 -0.608940 -0.000763
0.602390 -0.794551 -0.076252
-0.793262 -0.608880 0.000954
0.601788 -0.793612 0.089620
0.584836 -0.770888 0.252387
0.601788 -0.793612 0.089620
-0.793262 -0.608880 0.000954
-0.794011 -0.607903 0.000191
-0.793820 -0.608150 0.002099
0.584836 -0.770888 0.252387
0.553923 -0.731101 0.398323
0.584836 -0.770888 0.252387
-0.793820 -0.608150 0.002099
-0.793262 -0.608880 0.000954
-0.794183 -0.607653 0.005650
0.553923 -0.731101 0.398323
0.476556 -0.627719 0.615519
0.553923 -0.731101 0.398323
-0.794183 -0.607653 0.005650
-0.793820 -0.608150 0.002099
0.235749 -0.310517 0.920870
-0.794183 -0.607653 0.005650
0.476556 -0.627719 0.615519
-0.794183 -0.607653 0.005650
0.235749 -0.310517 0.920870
-0.797540 -0.603208 0.008391
-0.797540 -0.603208 0.008391
0.001144 -0.000953 0.999999
-0.189949 0.250977 0.949173
-0.797540 -0.603208 0.008391
0.235749 -0.310517 0.920870
0.001144 -0.000953 0.999999
0.796664 0.604366 0.008299
0.001144 -0.000953 0.999999
0.235749 -0.310517 0.920870
0.001144 -0.000953 0.999999
0.796664 0.604366 0.008299
-0.189949 0.250977 0.949173
0.799716 0.600359 0.004793
0.235749 -0.310517 0.920870
0.476556 -0.627719 0.615519
0.235749 -0.310517 0.920870
0.799716 0.600359 0.004793
0.796664 0.604366 0.008299
0.799716 0.600359 0.004793
0.553923 -0.731101 0.398323
0.799495 0.600670 0.001907
0.553923 -0.731101 0.398323
0.799716 0.600359 0.004793
0.476556 -0.627719 0.615519
0.584836 -0.770888 0.252387
0.799495 0.600670 0.001907
0.553923 -0.731101 0.398323
0.799495 0.600670 0.001907
0.584836 -0.770888 0.252387
0.800319 0.599572 0.001526
0.800319 0.599572 0.001526
0.584836 -0.770888 0.252387
0.601788 -0.793612 0.089620
0.800319 0.599572 0.001526
0.601788 -0.793612 0.089620
0.800320 0.599573 0.000381
0.601788 -0.793612 0.089620
0.800914 0.598779 -0.000763
0.800320 0.599573 0.000381
0.800914 0.598779 -0.000763
0.601788 -0.793612 0.089620
0.602390 -0.794551 -0.076252
0.800914 0.598779 -0.000763
0.602390 -0.794551 -0.076252
0.524885 -0.692344 -0.495131
0.800914 0.598779 -0.000763
0.524885 -0.692344 -0.495131
0.801124 0.598459 -0.006867
0.801124 0.598459 -0.006867
0.524885 -0.692344 -0.495131
0.329040 -0.434823 -0.838249
0.329040 -0.434823 -0.838249
0.332683 -0.438745 -0.834760
0.801124 0.598459 -0.006867
0.322748 -0.906442 0.272390
-0.793560 -0.608434 0.008397
-0.792294 -0.610117 0.005339
-0.793560 -0.608434 0.008397
0.322748 -0.906442 0.272390
0.357720 -0.910318 0.208225
0.357720 -0.910318 0.208225
0.961738 0.250639 0.110632
0.953889 0.289485 0.079332
0.961738 0.250639 0.110632
0.357720 -0.910318 0.208225
0.322748 -0.906442 0.272390
0.953889 0.289485 0.079332
0.481088 0.869468 -0.112165
0.496199 0.864913 -0.075575
0.481088 0.869468 -0.112165
0.953889 0.289485 0.079332
0.961738 0.250639 0.110632
0.496199 0.864913 -0.075575
-0.793237 0.553692 -0.253378
-0.791491 0.582360 -0.185470
-0.793237 0.553692 -0.253378
0.496199 0.864913 -0.075575
0.481088 0.869468 -0.112165
-0.793237 0.553692 -0.253378
-0.793560 -0.608434 0.008397
-0.791491 0.582360 -0.185470
-0.793560 -0.608434 0.008397
-0.793237 0.553692 -0.253378
-0.792294 -0.610117 0.005339
0.293162 -0.893501 0.340164
-0.792294 -0.610117 0.005339
-0.788206 -0.615381 0.006104
-0.792294 -0.610117 0.005339
0.293162 -0.893501 0.340164
0.322748 -0.906442 0.272390
0.322748 -0.906442 0.272390
0.965352 0.205982 0.160209
0.961738 0.250639 0.110632
0.965352 0.205982 0.160209
0.322748 -0.906442 0.272390
0.293162 -0.893501 0.340164
0.481088 0.869468 -0.112165
0.965352 0.205982 0.160209
0.462327 0.872395 -0.158687
0.965352 0.205982 0.160209
0.481088 0.869468 -0.112165
0.961738 0.250639 0.110632
0.481088 0.869468 -0.112165
-0.788886 0.514358 -0.336296
-0.793237 0.553692 -0.253378
-0.788886 0.514358 -0.336296
0.481088 0.869468 -0.112165
0.462327 0.872395 -0.158687
-0.788206 -0.615381 0.006104
-0.792294 -0.610117 0.005339
-0.788886 0.514358 -0.336296
-0.793237 0.553692 -0.253378
-0.788886 0.514358 -0.336296
-0.792294 -0.610117 0.005339
0.217735 -0.794674 0.566644
-0.788213 -0.615386 0.004578
-0.780437 -0.625188 0.007629
-0.788213 -0.615386 0.004578
0.217735 -0.794674 0.566644
0.261742 -0.859629 0.438781
0.261742 -0.859629 0.438781
0.934172 0.238407 0.265489
0.954163 0.222040 0.200676
0.934172 0.238407 0.265489
0.261742 -0.859629 0.438781
0.217735 -0.794674 0.566644
0.954163 0.222040 0.200676
0.488777 0.824930 -0.283880
0.460456 0.861781 -0.212870
0.488777 0.824930 -0.283880
0.954163 0.222040 0.200676
0.934172 0.238407 0.265489
0.460456 0.861781 -0.212870
-0.714698 0.405237 -0.570079
-0.763872 0.484956 -0.425815
-0.714698 0.405237 -0.570079
0.460456 0.861781 -0.212870
0.488777 0.824930 -0.283880
-0.780437 -0.625188 0.007629
-0.788213 -0.615386 0.004578
-0.714698 0.405237 -0.570079
-0.763872 0.484956 -0.425815
-0.714698 0.405237 -0.570079
-0.788213 -0.615386 0.004578
-0.780437 -0.625188 0.007629
-0.208918 -0.610538 -0.763935
0.209756 -0.765799 0.607910
-0.780437 -0.625188 0.007629
0.209756 -0.765799 0.607910
0.217735 -0.794674 0.566644
0.209756 -0.765799 0.607910
0.934172 0.238407 0.265489
0.217735 -0.794674 0.566644
0.822178 -0.401360 -0.403649
0.934172 0.238407 0.265489
0.209756 -0.765799 0.607910
0.521297 0.732335 -0.438103
0.488777 0.824930 -0.283880
0.934172 0.238407 0.265489
0.934172 0.238407 0.265489
0.822178 -0.401360 -0.403649
0.521297 0.732335 -0.438103
-0.606291 0.285986 -0.742039
-0.714698 0.405237 -0.570079
0.488777 0.824930 -0.283880
0.488777 0.824930 -0.283880
0.521297 0.732335 -0.438103
-0.606291 0.285986 -0.742039
-0.208918 -0.610538 -0.763935
-0.780437 -0.625188 0.007629
-0.606291 0.285986 -0.742039
-0.714698 0.405237 -0.570079
-0.606291 0.285986 -0.742039
-0.780437 -0.625188 0.007629
0.261742 -0.859629 0.438781
-0.788206 -0.615381 0.006104
-0.788213 -0.615386 0.004578
-0.788206 -0.615381 0.006104
0.261742 -0.859629 0.438781
0.293162 -0.893501 0.340164
0.954163 0.222040 0.200676
0.965352 0.205982 0.160209
0.293162 -0.893501 0.340164
0.293162 -0.893501 0.340164
0.261742 -0.859629 0.438781
0.954163 0.222040 0.200676
0.462327 0.872395 -0.158687
0.954163 0.222040 0.200676
0.460456 0.861781 -0.212870
0.954163 0.222040 0.200676
0.462327 0.872395 -0.158687
0.965352 0.205982 0.160209
-0.763872 0.484956 -0.425815
-0.788886 0.514358 -0.336296
0.462327 0.872395 -0.158687
0.462327 0.872395 -0.158687
0.460456 0.861781 -0.212870
-0.763872 0.484956 -0.425815
-0.788213 -0.615386 0.004578
-0.788206 -0.615381 0.006104
-0.763872 0.484956 -0.425815
-0.788886 0.514358 -0.336296
-0.763872 0.484956 -0.425815
-0.788206 -0.615381 0.006104
-0.804136 -0.594428 0.004575
-0.627594 0.378846 0.680148
-0.802587 -0.596529 -0.002670
-0.627594 0.378846 0.680148
-0.804136 -0.594428 0.004575
-0.667837 0.398566 0.628600
-0.627594 0.378846 0.680148
0.547135 0.793995 0.264983
0.584469 0.769882 0.256278
0.547135 0.793995 0.264983
-0.627594 0.378846 0.680148
-0.667837 0.398566 0.628600
0.584469 0.769882 0.256278
0.910759 0.305875 -0.277414
0.894567 0.348523 -0.279790
0.910759 0.305875 -0.277414
0.584469 0.769882 0.256278
0.547135 0.793995 0.264983
0.181132 -0.692879 -0.697932
0.910759 0.305875 -0.277414
0.190751 -0.742785 -0.641782
0.910759 0.305875 -0.277414
0.181132 -0.692879 -0.697932
0.894567 0.348523 -0.279790
0.190751 -0.742785 -0.641782
-0.802587 -0.596529 -0.002670
0.181132 -0.692879 -0.697932
-0.802587 -0.596529 -0.002670
0.190751 -0.742785 -0.641782
-0.804136 -0.594428 0.004575
0.559276 -0.795424 0.233477
0.954812 0.211777 -0.208531
0.484643 0.808629 0.333526
0.484643 0.808629 0.333526
0.157145 -0.113663 0.981013
0.559276 -0.795424 0.233477
-0.721158 0.439945 0.535145
-0.667837 0.398566 0.628600
-0.803529 -0.595207 0.008394
-0.804136 -0.594428 0.004575
-0.803529 -0.595207 0.008394
-0.667837 0.398566 0.628600
-0.721158 0.439945 0.535145
0.547135 0.793995 0.264983
-0.667837 0.398566 0.628600
0.547135 0.793995 0.264983
-0.721158 0.439945 0.535145
0.494247 0.832517 0.250270
0.547135 0.793995 0.264983
0.936540 0.240334 -0.255212
0.910759 0.305875 -0.277414
0.936540 0.240334 -0.255212
0.547135 0.793995 0.264983
0.494247 0.832517 0.250270
0.190751 -0.742785 -0.641782
0.936540 0.240334 -0.255212
0.221249 -0.814425 -0.536433
0.936540 0.240334 -0.255212
0.190751 -0.742785 -0.641782
0.910759 0.305875 -0.277414
-0.803529 -0.595207 0.008394
-0.804136 -0.594428 0.004575
0.221249 -0.814425 -0.536433
0.190751 -0.742785 -0.641782
0.221249 -0.814425 -0.536433
-0.804136 -0.594428 0.004575
-0.738270 0.448685 0.503626
-0.745569 0.463740 0.478614
-0.792184 -0.610252 -0.006103
-0.798348 -0.602195 0.001336
-0.792184 -0.610252 -0.006103
-0.745569 0.463740 0.478614
-0.745569 0.463740 0.478614
-0.738270 0.448685 0.503626
0.477033 0.845199 0.240995
0.477033 0.845199 0.240995
0.474395 0.849981 0.229090
-0.745569 0.463740 0.478614
0.474395 0.849981 0.229090
0.477033 0.845199 0.240995
0.942246 0.233369 -0.240233
0.942246 0.233369 -0.240233
0.946890 0.225941 -0.228803
0.474395 0.849981 0.229090
0.942246 0.233369 -0.240233
0.241943 -0.843748 -0.479116
0.946890 0.225941 -0.228803
0.241943 -0.843748 -0.479116
0.942246 0.233369 -0.240233
0.238525 -0.830257 -0.503765
-0.792184 -0.610252 -0.006103
-0.798348 -0.602195 0.001336
0.238525 -0.830257 -0.503765
0.241943 -0.843748 -0.479116
0.238525 -0.830257 -0.503765
-0.798348 -0.602195 0.001336
-0.707234 0.417321 0.570670
-0.720429 0.423524 0.549189
-0.797932 -0.602740 0.003051
-0.791342 -0.611335 -0.006865
-0.797932 -0.602740 0.003051
-0.720429 0.423524 0.549189
-0.720429 0.423524 0.549189
-0.707234 0.417321 0.570670
0.493470 0.826295 0.271523
0.493470 0.826295 0.271523
0.489509 0.832508 0.259443
-0.720429 0.423524 0.549189
0.489509 0.832508 0.259443
0.930451 0.251012 -0.266933
0.933817 0.243944 -0.261682
0.930451 0.251012 -0.266933
0.489509 0.832508 0.259443
0.493470 0.826295 0.271523
0.223456 -0.806881 -0.546818
0.930451 0.251012 -0.266933
0.210545 -0.798126 -0.564505
0.930451 0.251012 -0.266933
0.223456 -0.806881 -0.546818
0.933817 0.243944 -0.261682
-0.797932 -0.602740 0.003051
-0.791342 -0.611335 -0.006865
0.210545 -0.798126 -0.564505
0.223456 -0.806881 -0.546818
0.210545 -0.798126 -0.564505
-0.791342 -0.611335 -0.006865
-0.801416 -0.598059 0.007625
-0.716552 0.440032 0.541226
-0.804307 -0.594073 0.012973
-0.716552 0.440032 0.541226
-0.801416 -0.598059 0.007625
-0.742238 0.462278 0.485163
-0.716552 0.440032 0.541226
-0.742238 0.462278 0.485163
0.476226 0.847323 0.235060
0.476226 0.847323 0.235060
0.487465 0.833253 0.260897
-0.716552 0.440032 0.541226
0.487465 0.833253 0.260897
0.476226 0.847323 0.235060
0.946893 0.225240 -0.229480
0.946893 0.225240 -0.229480
0.936955 0.240724 -0.253314
0.487465 0.833253 0.260897
0.936955 0.240724 -0.253314
0.946893 0.225240 -0.229480
0.236425 -0.842358 -0.484289
0.236425 -0.842358 -0.484289
0.215233 -0.814948 -0.538083
0.936955 0.240724 -0.253314
0.236425 -0.842358 -0.484289
-0.804307 -0.594073 0.012973
0.215233 -0.814948 -0.538083
-0.804307 -0.594073 0.012973
0.236425 -0.842358 -0.484289
-0.801416 -0.598059 0.007625
-0.795493 -0.605963 0.000000
-0.742238 0.462278 0.485163
-0.801416 -0.598059 0.007625
-0.742238 0.462278 0.485163
-0.795493 -0.605963 0.000000
-0.755886 0.416119 0.505451
-0.742238 0.462278 0.485163
-0.755886 0.416119 0.505451
0.449332 0.854418 0.260903
0.449332 0.854418 0.260903
0.476226 0.847323 0.235060
-0.742238 0.462278 0.485163
0.476226 0.847323 0.235060
0.449332 0.854418 0.260903
0.944795 0.225697 -0.237535
0.944795 0.225697 -0.237535
0.946893 0.225240 -0.229480
0.476226 0.847323 0.235060
0.946893 0.225240 -0.229480
0.944795 0.225697 -0.237535
0.236455 -0.842752 -0.483589
0.236455 -0.842752 -0.483589
0.236425 -0.842358 -0.484289
0.946893 0.225240 -0.229480
0.236455 -0.842752 -0.483589
-0.801416 -0.598059 0.007625
0.236425 -0.842358 -0.484289
-0.801416 -0.598059 0.007625
0.236455 -0.842752 -0.483589
-0.795493 -0.605963 0.000000
-0.786048 -0.618154 0.003816
-0.755886 0.416119 0.505451
-0.795493 -0.605963 0.000000
-0.755886 0.416119 0.505451
-0.786048 -0.618154 0.003816
0.157145 -0.113663 0.981013
-0.755886 0.416119 0.505451
0.157145 -0.113663 0.981013
0.484643 0.808629 0.333526
0.484643 0.808629 0.333526
0.449332 0.854418 0.260903
-0.755886 0.416119 0.505451
0.954812 0.211777 -0.208531
0.944795 0.225697 -0.237535
0.449332 0.854418 0.260903
0.954812 0.211777 -0.208531
0.449332 0.854418 0.260903
0.484643 0.808629 0.333526
0.559276 -0.795424 0.233477
0.236455 -0.842752 -0.483589
0.954812 0.211777 -0.208531
0.954812 0.211777 -0.208531
0.236455 -0.842752 -0.483589
0.944795 0.225697 -0.237535
0.236455 -0.842752 -0.483589
0.559276 -0.795424 0.233477
-0.786048 -0.618154 0.003816
0.236455 -0.842752 -0.483589
-0.786048 -0.618154 0.003816
-0.795493 -0.605963 0.000000
-0.716552 0.440032 0.541226
-0.707234 0.417321 0.570670
-0.804307 -0.594073 0.012973
-0.797932 -0.602740 0.003051
-0.804307 -0.594073 0.012973
-0.707234 0.417321 0.570670
0.487465 0.833253 0.260897
0.493470 0.826295 0.271523
-0.707234 0.417321 0.570670
0.487465 0.833253 0.260897
-0.707234 0.417321 0.570670
-0.716552 0.440032 0.541226
0.936955 0.240724 -0.253314
0.930451 0.251012 -0.266933
0.493470 0.826295 0.271523
0.493470 0.826295 0.271523
0.487465 0.833253 0.260897
0.936955 0.240724 -0.253314
0.210545 -0.798126 -0.564505
0.936955 0.240724 -0.253314
0.215233 -0.814948 -0.538083
0.936955 0.240724 -0.253314
0.210545 -0.798126 -0.564505
0.930451 0.251012 -0.266933
-0.804307 -0.594073 0.012973
-0.797932 -0.602740 0.003051
0.215233 -0.814948 -0.538083
0.210545 -0.798126 -0.564505
0.215233 -0.814948 -0.538083
-0.797932 -0.602740 0.003051
-0.720429 0.423524 0.549189
-0.738270 0.448685 0.503626
-0.791342 -0.611335 -0.006865
-0.792184 -0.610252 -0.006103
-0.791342 -0.611335 -0.006865
-0.738270 0.448685 0.503626
0.489509 0.832508 0.259443
0.477033 0.845199 0.240995
-0.738270 0.448685 0.503626
0.489509 0.832508 0.259443
-0.738270 0.448685 0.503626
-0.720429 0.423524 0.549189
0.933817 0.243944 -0.261682
0.942246 0.233369 -0.240233
0.477033 0.845199 0.240995
0.477033 0.845199 0.240995
0.489509 0.832508 0.259443
0.933817 0.243944 -0.261682
0.238525 -0.830257 -0.503765
0.933817 0.243944 -0.261682
0.223456 -0.806881 -0.546818
0.933817 0.243944 -0.261682
0.238525 -0.830257 -0.503765
0.942246 0.233369 -0.240233
-0.791342 -0.611335 -0.006865
-0.792184 -0.610252 -0.006103
0.223456 -0.806881 -0.546818
0.238525 -0.830257 -0.503765
0.223456 -0.806881 -0.546818
-0.792184 -0.610252 -0.006103
-0.745569 0.463740 0.478614
-0.721158 0.439945 0.535145
-0.798348 -0.602195 0.001336
-0.803529 -0.595207 0.008394
-0.798348 -0.602195 0.001336
-0.721158 0.439945 0.535145
0.474395 0.849981 0.229090
0.494247 0.832517 0.250270
-0.721158 0.439945 0.535145
0.474395 0.849981 0.229090
-0.721158 0.439945 0.535145
-0.745569 0.463740 0.478614
0.946890 0.225941 -0.228803
0.936540 0.240334 -0.255212
0.494247 0.832517 0.250270
0.494247 0.832517 0.250270
0.474395 0.849981 0.229090
0.946890 0.225941 -0.228803
0.221249 -0.814425 -0.536433
0.946890 0.225941 -0.228803
0.241943 -0.843748 -0.479116
0.946890 0.225941 -0.228803
0.221249 -0.814425 -0.536433
0.936540 0.240334 -0.255212
-0.798348 -0.602195 0.001336
-0.803529 -0.595207 0.008394
0.241943 -0.843748 -0.479116
0.221249 -0.814425 -0.536433
0.241943 -0.843748 -0.479116
-0.803529 -0.595207 0.008394
-0.799952 -0.600060 -0.002193
-0.607721 0.317785 0.727797
-0.788140 -0.614725 -0.030793
-0.607721 0.317785 0.727797
-0.799952 -0.600060 -0.002193
-0.607544 0.312931 0.730045
-0.607721 0.317785 0.727797
0.563912 0.763456 0.314863
0.618142 0.744479 0.252291
0.563912 0.763456 0.314863
-0.607721 0.317785 0.727797
-0.607544 0.312931 0.730045
0.618142 0.744479 0.252291
0.883151 0.346012 -0.316733
0.881384 0.339053 -0.328946
0.883151 0.346012 -0.316733
0.618142 0.744479 0.252291
0.563912 0.763456 0.314863
0.177798 -0.627636 -0.757932
0.883151 0.346012 -0.316733
0.129724 -0.660831 -0.739238
0.883151 0.346012 -0.316733
0.177798 -0.627636 -0.757932
0.881384 0.339053 -0.328946
0.129724 -0.660831 -0.739238
-0.788140 -0.614725 -0.030793
0.177798 -0.627636 -0.757932
-0.788140 -0.614725 -0.030793
0.129724 -0.660831 -0.739238
-0.799952 -0.600060 -0.002193
0.608743 -0.788928 0.083807
0.916029 0.230534 -0.328244
0.547469 0.751054 0.369046
0.547469 0.751054 0.369046
0.198385 -0.247218 0.948434
0.608743 -0.788928 0.083807
-0.642092 0.329914 0.692008
-0.607544 0.312931 0.730045
-0.799327 -0.600878 0.004671
-0.799952 -0.600060 -0.002193
-0.799327 -0.600878 0.004671
-0.607544 0.312931 0.730045
0.563912 0.763456 0.314863
-0.642092 0.329914 0.692008
0.531800 0.782642 0.323512
-0.642092 0.329914 0.692008
0.563912 0.763456 0.314863
-0.607544 0.312931 0.730045
0.563912 0.763456 0.314863
0.897642 0.290952 -0.331039
0.883151 0.346012 -0.316733
0.897642 0.290952 -0.331039
0.563912 0.763456 0.314863
0.531800 0.782642 0.323512
0.129724 -0.660831 -0.739238
0.897642 0.290952 -0.331039
0.142291 -0.704972 -0.694815
0.897642 0.290952 -0.331039
0.129724 -0.660831 -0.739238
0.883151 0.346012 -0.316733
-0.799327 -0.600878 0.004671
-0.799952 -0.600060 -0.002193
0.142291 -0.704972 -0.694815
0.129724 -0.660831 -0.739238
0.142291 -0.704972 -0.694815
-0.799952 -0.600060 -0.002193
-0.653845 0.333789 0.679022
-0.666955 0.358074 0.653418
-0.790645 -0.612149 -0.012396
-0.797659 -0.603108 0.000954
-0.790645 -0.612149 -0.012396
-0.666955 0.358074 0.653418
0.512569 0.799746 0.312538
-0.653845 0.333789 0.679022
0.519387 0.790521 0.324522
-0.653845 0.333789 0.679022
0.512569 0.799746 0.312538
-0.666955 0.358074 0.653418
0.512569 0.799746 0.312538
0.901107 0.286820 -0.325177
0.909014 0.275413 -0.312795
0.901107 0.286820 -0.325177
0.512569 0.799746 0.312538
0.519387 0.790521 0.324522
0.163216 -0.738669 -0.654010
0.901107 0.286820 -0.325177
0.155289 -0.715208 -0.681441
0.901107 0.286820 -0.325177
0.163216 -0.738669 -0.654010
0.909014 0.275413 -0.312795
-0.790645 -0.612149 -0.012396
-0.797659 -0.603108 0.000954
0.155289 -0.715208 -0.681441
0.163216 -0.738669 -0.654010
0.155289 -0.715208 -0.681441
-0.797659 -0.603108 0.000954
-0.599976 0.269637 0.753210
-0.614883 0.284746 0.735418
-0.794839 -0.606819 -0.001527
-0.791636 -0.610886 -0.011440
-0.794839 -0.606819 -0.001527
-0.614883 0.284746 0.735418
0.537899 0.767173 0.349443
-0.599976 0.269637 0.753210
0.550074 0.756017 0.354763
-0.599976 0.269637 0.753210
0.537899 0.767173 0.349443
-0.614883 0.284746 0.735418
0.537899 0.767173 0.349443
0.878680 0.317015 -0.356964
0.883672 0.311744 -0.349199
0.878680 0.317015 -0.356964
0.537899 0.767173 0.349443
0.550074 0.756017 0.354763
0.120507 -0.667842 -0.734483
0.878680 0.317015 -0.356964
0.103019 -0.651455 -0.751660
0.878680 0.317015 -0.356964
0.120507 -0.667842 -0.734483
0.883672 0.311744 -0.349199
-0.794839 -0.606819 -0.001527
-0.791636 -0.610886 -0.011440
0.103019 -0.651455 -0.751660
0.120507 -0.667842 -0.734483
0.103019 -0.651455 -0.751660
-0.791636 -0.610886 -0.011440
-0.800601 -0.599115 0.009922
-0.601494 0.282428 0.747288
-0.798605 -0.601817 0.006871
-0.601494 0.282428 0.747288
-0.800601 -0.599115 0.009922
-0.609201 0.295440 0.735927
0.543409 0.761116 0.354132
-0.609201 0.295440 0.735927
0.538227 0.766497 0.350420
-0.609201 0.295440 0.735927
0.543409 0.761116 0.354132
-0.601494 0.282428 0.747288
0.543409 0.761116 0.354132
0.885322 0.311771 -0.344970
0.881967 0.317958 -0.347904
0.885322 0.311771 -0.344970
0.543409 0.761116 0.354132
0.538227 0.766497 0.350420
0.105261 -0.663603 -0.740642
0.885322 0.311771 -0.344970
0.112136 -0.671670 -0.732315
0.885322 0.311771 -0.344970
0.105261 -0.663603 -0.740642
0.881967 0.317958 -0.347904
0.112136 -0.671670 -0.732315
-0.798605 -0.601817 0.006871
0.105261 -0.663603 -0.740642
-0.798605 -0.601817 0.006871
0.112136 -0.671670 -0.732315
-0.800601 -0.599115 0.009922
-0.799757 -0.600199 0.012210
-0.609201 0.295440 0.735927
-0.800601 -0.599115 0.009922
-0.609201 0.295440 0.735927
-0.799757 -0.600199 0.012210
-0.637149 0.302550 0.708876
0.538227 0.766497 0.350420
-0.637149 0.302550 0.708876
0.522031 0.777323 0.351074
-0.637149 0.302550 0.708876
0.538227 0.766497 0.350420
-0.609201 0.295440 0.735927
0.538227 0.766497 0.350420
0.895658 0.271828 -0.352002
0.885322 0.311771 -0.344970
0.895658 0.271828 -0.352002
0.538227 0.766497 0.350420
0.522031 0.777323 0.351074
0.112136 -0.671670 -0.732315
0.895658 0.271828 -0.352002
0.105384 -0.710576 -0.695684
0.895658 0.271828 -0.352002
0.112136 -0.671670 -0.732315
0.885322 0.311771 -0.344970
0.105384 -0.710576 -0.695684
-0.800601 -0.599115 0.009922
0.112136 -0.671670 -0.732315
-0.800601 -0.599115 0.009922
0.105384 -0.710576 -0.695684
-0.799757 -0.600199 0.012210
0.198385 -0.247218 0.948434
-0.637149 0.302550 0.708876
-0.797359 -0.603366 0.012984
-0.797359 -0.603366 0.012984
-0.637149 0.302550 0.708876
-0.799757 -0.600199 0.012210
-0.637149 0.302550 0.708876
0.547469 0.751054 0.369046
0.522031 0.777323 0.351074
-0.637149 0.302550 0.708876
0.198385 -0.247218 0.948434
0.547469 0.751054 0.369046
0.522031 0.777323 0.351074
0.916029 0.230534 -0.328244
0.895658 0.271828 -0.352002
0.916029 0.230534 -0.328244
0.522031 0.777323 0.351074
0.547469 0.751054 0.369046
0.916029 0.230534 -0.328244
0.105384 -0.710576 -0.695684
0.895658 0.271828 -0.352002
0.608743 -0.788928 0.083807
0.105384 -0.710576 -0.695684
0.916029 0.230534 -0.328244
0.105384 -0.710576 -0.695684
0.608743 -0.788928 0.083807
-0.797359 -0.603366 0.012984
0.105384 -0.710576 -0.695684
-0.797359 -0.603366 0.012984
-0.799757 -0.600199 0.012210
-0.601494 0.282428 0.747288
-0.599976 0.269637 0.753210
-0.798605 -0.601817 0.006871
-0.794839 -0.606819 -0.001527
-0.798605 -0.601817 0.006871
-0.599976 0.269637 0.753210
0.550074 0.756017 0.354763
-0.601494 0.282428 0.747288
0.543409 0.761116 0.354132
-0.601494 0.282428 0.747288
0.550074 0.756017 0.354763
-0.599976 0.269637 0.753210
0.881967 0.317958 -0.347904
0.878680 0.317015 -0.356964
0.550074 0.756017 0.354763
0.550074 0.756017 0.354763
0.543409 0.761116 0.354132
0.881967 0.317958 -0.347904
0.103019 -0.651455 -0.751660
0.881967 0.317958 -0.347904
0.105261 -0.663603 -0.740642
0.881967 0.317958 -0.347904
0.103019 -0.651455 -0.751660
0.878680 0.317015 -0.356964
-0.798605 -0.601817 0.006871
-0.794839 -0.606819 -0.001527
0.105261 -0.663603 -0.740642
0.103019 -0.651455 -0.751660
0.105261 -0.663603 -0.740642
-0.794839 -0.606819 -0.001527
-0.614883 0.284746 0.735418
-0.653845 0.333789 0.679022
-0.791636 -0.610886 -0.011440
-0.790645 -0.612149 -0.012396
-0.791636 -0.610886 -0.011440
-0.653845 0.333789 0.679022
0.519387 0.790521 0.324522
-0.614883 0.284746 0.735418
0.537899 0.767173 0.349443
-0.614883 0.284746 0.735418
0.519387 0.790521 0.324522
-0.653845 0.333789 0.679022
0.883672 0.311744 -0.349199
0.901107 0.286820 -0.325177
0.519387 0.790521 0.324522
0.519387 0.790521 0.324522
0.537899 0.767173 0.349443
0.883672 0.311744 -0.349199
0.155289 -0.715208 -0.681441
0.883672 0.311744 -0.349199
0.120507 -0.667842 -0.734483
0.883672 0.311744 -0.349199
0.155289 -0.715208 -0.681441
0.901107 0.286820 -0.325177
-0.791636 -0.610886 -0.011440
-0.790645 -0.612149 -0.012396
0.120507 -0.667842 -0.734483
0.155289 -0.715208 -0.681441
0.120507 -0.667842 -0.734483
-0.790645 -0.612149 -0.012396
-0.666955 0.358074 0.653418
-0.642092 0.329914 0.692008
-0.797659 -0.603108 0.000954
-0.799327 -0.600878 0.004671
-0.797659 -0.603108 0.000954
-0.642092 0.329914 0.692008
0.531800 0.782642 0.323512
-0.666955 0.358074 0.653418
0.512569 0.799746 0.312538
-0.666955 0.358074 0.653418
0.531800 0.782642 0.323512
-0.642092 0.329914 0.692008
0.909014 0.275413 -0.312795
0.897642 0.290952 -0.331039
0.531800 0.782642 0.323512
0.531800 0.782642 0.323512
0.512569 0.799746 0.312538
0.909014 0.275413 -0.312795
0.142291 -0.704972 -0.694815
0.909014 0.275413 -0.312795
0.163216 -0.738669 -0.654010
0.909014 0.275413 -0.312795
0.142291 -0.704972 -0.694815
0.897642 0.290952 -0.331039
-0.797659 -0.603108 0.000954
-0.799327 -0.600878 0.004671
0.163216 -0.738669 -0.654010
0.142291 -0.704972 -0.694815
0.163216 -0.738669 -0.654010
-0.799327 -0.600878 0.004671
-0.800137 -0.599817 -0.000095
-0.515816 0.215178 0.829236
-0.797232 -0.603455 -0.016212
-0.515816 0.215178 0.829236
-0.800137 -0.599817 -0.000095
-0.542396 0.228859 0.808350
0.645120 0.706541 0.290895
-0.542396 0.228859 0.808350
0.600247 0.723423 0.341119
-0.542396 0.228859 0.808350
0.645120 0.706541 0.290895
-0.515816 0.215178 0.829236
0.645120 0.706541 0.290895
0.854930 0.376917 -0.356411
0.844595 0.389490 -0.367364
0.854930 0.376917 -0.356411
0.645120 0.706541 0.290895
0.600247 0.723423 0.341119
0.069796 -0.527472 -0.846701
0.854930 0.376917 -0.356411
0.060663 -0.572291 -0.817804
0.854930 0.376917 -0.356411
0.069796 -0.527472 -0.846701
0.844595 0.389490 -0.367364
0.060663 -0.572291 -0.817804
-0.797232 -0.603455 -0.016212
0.069796 -0.527472 -0.846701
-0.797232 -0.603455 -0.016212
0.060663 -0.572291 -0.817804
-0.800137 -0.599817 -0.000095
0.589317 -0.807639 -0.020611
0.910820 0.236676 -0.338217
0.561276 0.730956 0.388165
0.561276 0.730956 0.388165
0.254187 -0.314872 0.914464
0.589317 -0.807639 -0.020611
-0.569595 0.238444 0.786579
-0.542396 0.228859 0.808350
-0.798983 -0.601336 0.004626
-0.800137 -0.599817 -0.000095
-0.798983 -0.601336 0.004626
-0.542396 0.228859 0.808350
0.600247 0.723423 0.341119
-0.569595 0.238444 0.786579
0.560641 0.740275 0.371044
-0.569595 0.238444 0.786579
0.600247 0.723423 0.341119
-0.542396 0.228859 0.808350
0.600247 0.723423 0.341119
0.864399 0.339504 -0.370879
0.854930 0.376917 -0.356411
0.864399 0.339504 -0.370879
0.600247 0.723423 0.341119
0.560641 0.740275 0.371044
0.060663 -0.572291 -0.817804
0.864399 0.339504 -0.370879
0.069435 -0.614237 -0.786061
0.864399 0.339504 -0.370879
0.060663 -0.572291 -0.817804
0.854930 0.376917 -0.356411
-0.798983 -0.601336 0.004626
-0.800137 -0.599817 -0.000095
0.069435 -0.614237 -0.786061
0.060663 -0.572291 -0.817804
0.069435 -0.614237 -0.786061
-0.800137 -0.599817 -0.000095
-0.573870 0.235042 0.784492
-0.581642 0.244671 0.775777
-0.795578 -0.605837 -0.004195
-0.796275 -0.604933 -0.001335
-0.795578 -0.605837 -0.004195
-0.581642 0.244671 0.775777
0.555088 0.745459 0.369010
-0.573870 0.235042 0.784492
0.556173 0.741469 0.375360
-0.573870 0.235042 0.784492
0.555088 0.745459 0.369010
-0.581642 0.244671 0.775777
0.555088 0.745459 0.369010
0.864474 0.336863 -0.373105
0.867784 0.329521 -0.371976
0.864474 0.336863 -0.373105
0.555088 0.745459 0.369010
0.556173 0.741469 0.375360
0.080118 -0.623966 -0.777334
0.864474 0.336863 -0.373105
0.073237 -0.614890 -0.785205
0.864474 0.336863 -0.373105
0.080118 -0.623966 -0.777334
0.867784 0.329521 -0.371976
-0.795578 -0.605837 -0.004195
-0.796275 -0.604933 -0.001335
0.073237 -0.614890 -0.785205
0.080118 -0.623966 -0.777334
0.073237 -0.614890 -0.785205
-0.796275 -0.604933 -0.001335
-0.550723 0.210239 0.807777
-0.558358 0.213389 0.801686
-0.797241 -0.603653 0.003052
-0.795065 -0.606504 -0.004960
-0.797241 -0.603653 0.003052
-0.558358 0.213389 0.801686
0.565973 0.731302 0.380620
-0.550723 0.210239 0.807777
0.569307 0.726876 0.384111
-0.550723 0.210239 0.807777
0.565973 0.731302 0.380620
-0.558358 0.213389 0.801686
0.565973 0.731302 0.380620
0.856989 0.347222 -0.380799
0.857062 0.345534 -0.382167
0.856989 0.347222 -0.380799
0.565973 0.731302 0.380620
0.569307 0.726876 0.384111
0.059512 -0.594249 -0.802076
0.856989 0.347222 -0.380799
0.054957 -0.593461 -0.802985
0.856989 0.347222 -0.380799
0.059512 -0.594249 -0.802076
0.857062 0.345534 -0.382167
-0.797241 -0.603653 0.003052
-0.795065 -0.606504 -0.004960
0.054957 -0.593461 -0.802985
0.059512 -0.594249 -0.802076
0.054957 -0.593461 -0.802985
-0.795065 -0.606504 -0.004960
-0.799940 -0.599955 0.012213
-0.564587 0.232511 0.791947
-0.798586 -0.601799 0.009916
-0.564587 0.232511 0.791947
-0.799940 -0.599955 0.012213
-0.592366 0.268702 0.759541
0.562968 0.735177 0.377601
-0.592366 0.268702 0.759541
0.545846 0.753878 0.365678
-0.592366 0.268702 0.759541
0.562968 0.735177 0.377601
-0.564587 0.232511 0.791947
0.562968 0.735177 0.377601
0.877184 0.317693 -0.360027
0.865303 0.334581 -0.373238
0.877184 0.317693 -0.360027
0.562968 0.735177 0.377601
0.545846 0.753878 0.365678
0.065597 -0.613252 -0.787159
0.877184 0.317693 -0.360027
0.089301 -0.648003 -0.756385
0.877184 0.317693 -0.360027
0.065597 -0.613252 -0.787159
0.865303 0.334581 -0.373238
0.089301 -0.648003 -0.756385
-0.798586 -0.601799 0.009916
0.065597 -0.613252 -0.787159
-0.798586 -0.601799 0.009916
0.089301 -0.648003 -0.756385
-0.799940 -0.599955 0.012213
-0.797019 -0.603872 0.009925
-0.592366 0.268702 0.759541
-0.799940 -0.599955 0.012213
-0.592366 0.268702 0.759541
-0.797019 -0.603872 0.009925
-0.626335 0.277311 0.728562
0.545846 0.753878 0.365678
-0.626335 0.277311 0.728562
0.524071 0.768943 0.366163
-0.626335 0.277311 0.728562
0.545846 0.753878 0.365678
-0.592366 0.268702 0.759541
0.545846 0.753878 0.365678
0.889990 0.274928 -0.363775
0.877184 0.317693 -0.360027
0.889990 0.274928 -0.363775
0.545846 0.753878 0.365678
0.524071 0.768943 0.366163
0.089301 -0.648003 -0.756385
0.889990 0.274928 -0.363775
0.097677 -0.689077 -0.718075
0.889990 0.274928 -0.363775
0.089301 -0.648003 -0.756385
0.877184 0.317693 -0.360027
0.097677 -0.689077 -0.718075
-0.799940 -0.599955 0.012213
0.089301 -0.648003 -0.756385
-0.799940 -0.599955 0.012213
0.097677 -0.689077 -0.718075
-0.797019 -0.603872 0.009925
0.254187 -0.314872 0.914464
-0.626335 0.277311 0.728562
-0.793677 -0.608231 0.011447
-0.793677 -0.608231 0.011447
-0.626335 0.277311 0.728562
-0.797019 -0.603872 0.009925
-0.626335 0.277311 0.728562
0.561276 0.730956 0.388165
0.524071 0.768943 0.366163
-0.626335 0.277311 0.728562
0.254187 -0.314872 0.914464
0.561276 0.730956 0.388165
0.524071 0.768943 0.366163
0.910820 0.236676 -0.338217
0.889990 0.274928 -0.363775
0.910820 0.236676 -0.338217
0.524071 0.768943 0.366163
0.561276 0.730956 0.388165
0.910820 0.236676 -0.338217
0.097677 -0.689077 -0.718075
0.889990 0.274928 -0.363775
0.589317 -0.807639 -0.020611
0.097677 -0.689077 -0.718075
0.910820 0.236676 -0.338217
0.097677 -0.689077 -0.718075
0.589317 -0.807639 -0.020611
-0.793677 -0.608231 0.011447
0.097677 -0.689077 -0.718075
-0.793677 -0.608231 0.011447
-0.797019 -0.603872 0.009925
-0.564587 0.232511 0.791947
-0.550723 0.210239 0.807777
-0.798586 -0.601799 0.009916
-0.797241 -0.603653 0.003052
-0.798586 -0.601799 0.009916
-0.550723 0.210239 0.807777
0.569307 0.726876 0.384111
-0.564587 0.232511 0.791947
0.562968 0.735177 0.377601
-0.564587 0.232511 0.791947
0.569307 0.726876 0.384111
-0.550723 0.210239 0.807777
0.865303 0.334581 -0.373238
0.856989 0.347222 -0.380799
0.569307 0.726876 0.384111
0.569307 0.726876 0.384111
0.562968 0.735177 0.377601
0.865303 0.334581 -0.373238
0.054957 -0.593461 -0.802985
0.865303 0.334581 -0.373238
0.065597 -0.613252 -0.787159
0.865303 0.334581 -0.373238
0.054957 -0.593461 -0.802985
0.856989 0.347222 -0.380799
-0.798586 -0.601799 0.009916
-0.797241 -0.603653 0.003052
0.065597 -0.613252 -0.787159
0.054957 -0.593461 -0.802985
0.065597 -0.613252 -0.787159
-0.797241 -0.603653 0.003052
-0.558358 0.213389 0.801686
-0.573870 0.235042 0.784492
-0.795065 -0.606504 -0.004960
-0.795578 -0.605837 -0.004195
-0.795065 -0.606504 -0.004960
-0.573870 0.235042 0.784492
0.556173 0.741469 0.375360
-0.558358 0.213389 0.801686
0.565973 0.731302 0.380620
-0.558358 0.213389 0.801686
0.556173 0.741469 0.375360
-0.573870 0.235042 0.784492
0.857062 0.345534 -0.382167
0.864474 0.336863 -0.373105
0.556173 0.741469 0.375360
0.556173 0.741469 0.375360
0.565973 0.731302 0.380620
0.857062 0.345534 -0.382167
0.073237 -0.614890 -0.785205
0.857062 0.345534 -0.382167
0.059512 -0.594249 -0.802076
0.857062 0.345534 -0.382167
0.073237 -0.614890 -0.785205
0.864474 0.336863 -0.373105
-0.795065 -0.606504 -0.004960
-0.795578 -0.605837 -0.004195
0.059512 -0.594249 -0.802076
0.073237 -0.614890 -0.785205
0.059512 -0.594249 -0.802076
-0.795578 -0.605837 -0.004195
-0.581642 0.244671 0.775777
-0.569595 0.238444 0.786579
-0.796275 -0.604933 -0.001335
-0.798983 -0.601336 0.004626
-0.796275 -0.604933 -0.001335
-0.569595 0.238444 0.786579
0.560641 0.740275 0.371044
-0.581642 0.244671 0.775777
0.555088 0.745459 0.369010
-0.581642 0.244671 0.775777
0.560641 0.740275 0.371044
-0.569595 0.238444 0.786579
0.867784 0.329521 -0.371976
0.864399 0.339504 -0.370879
0.560641 0.740275 0.371044
0.560641 0.740275 0.371044
0.555088 0.745459 0.369010
0.867784 0.329521 -0.371976
0.069435 -0.614237 -0.786061
0.867784 0.329521 -0.371976
0.080118 -0.623966 -0.777334
0.867784 0.329521 -0.371976
0.069435 -0.614237 -0.786061
0.864399 0.339504 -0.370879
-0.796275 -0.604933 -0.001335
-0.798983 -0.601336 0.004626
0.080118 -0.623966 -0.777334
0.069435 -0.614237 -0.786061
0.080118 -0.623966 -0.777334
-0.798983 -0.601336 0.004626
-0.474390 0.135377 0.869843
-0.798804 -0.601583 -0.003147
-0.475679 0.137707 0.868773
-0.798804 -0.601583 -0.003147
-0.474390 0.135377 0.869843
-0.793166 -0.608132 -0.032619
0.671142 0.680299 0.294555
-0.475679 0.137707 0.868773
0.624232 0.687150 0.371698
-0.475679 0.137707 0.868773
0.671142 0.680299 0.294555
-0.474390 0.135377 0.869843
0.671142 0.680299 0.294555
0.624232 0.687150 0.371698
0.825664 0.417218 -0.379748
0.671142 0.680299 0.294555
0.825664 0.417218 -0.379748
0.819278 0.408113 -0.402774
0.825664 0.417218 -0.379748
0.029374 -0.452429 -0.891316
0.819278 0.408113 -0.402774
0.029374 -0.452429 -0.891316
0.825664 0.417218 -0.379748
-0.004577 -0.485954 -0.873973
-0.793166 -0.608132 -0.032619
-0.004577 -0.485954 -0.873973
-0.798804 -0.601583 -0.003147
-0.004577 -0.485954 -0.873973
-0.793166 -0.608132 -0.032619
0.029374 -0.452429 -0.891316
0.606571 -0.795028 -0.001526
0.901430 0.252859 -0.351405
0.565015 0.729715 0.385064
0.565015 0.729715 0.385064
0.256358 -0.314344 0.914039
0.606571 -0.795028 -0.001526
-0.798804 -0.601583 -0.003147
-0.798299 -0.602253 0.003147
-0.475679 0.137707 0.868773
-0.475679 0.137707 0.868773
-0.798299 -0.602253 0.003147
-0.494228 0.136141 0.858606
-0.494228 0.136141 0.858606
0.624232 0.687150 0.371698
-0.475679 0.137707 0.868773
0.624232 0.687150 0.371698
-0.494228 0.136141 0.858606
0.596904 0.692446 0.405246
0.624232 0.687150 0.371698
0.828159 0.386042 -0.406355
0.825664 0.417218 -0.379748
0.828159 0.386042 -0.406355
0.624232 0.687150 0.371698
0.596904 0.692446 0.405246
0.828159 0.386042 -0.406355
-0.004577 -0.485954 -0.873973
0.825664 0.417218 -0.379748
-0.004577 -0.485954 -0.873973
0.828159 0.386042 -0.406355
-0.005722 -0.512270 -0.858805
-0.798804 -0.601583 -0.003147
-0.005722 -0.512270 -0.858805
-0.798299 -0.602253 0.003147
-0.004577 -0.485954 -0.873973
-0.005722 -0.512270 -0.858805
-0.798804 -0.601583 -0.003147
-0.510947 0.151211 0.846208
-0.508969 0.150993 0.847439
-0.796703 -0.604365 -0.002573
-0.797244 -0.603655 0.001621
-0.796703 -0.604365 -0.002573
-0.508969 0.150993 0.847439
-0.510947 0.151211 0.846208
0.588768 0.700116 0.403968
-0.508969 0.150993 0.847439
0.588768 0.700116 0.403968
-0.510947 0.151211 0.846208
0.585992 0.701755 0.405159
0.588768 0.700116 0.403968
0.834236 0.375010 -0.404250
0.833683 0.374223 -0.406115
0.834236 0.375010 -0.404250
0.588768 0.700116 0.403968
0.585992 0.701755 0.405159
0.834236 0.375010 -0.404250
0.006103 -0.529382 -0.848361
0.833683 0.374223 -0.406115
0.006103 -0.529382 -0.848361
0.834236 0.375010 -0.404250
0.009155 -0.531938 -0.846734
-0.796703 -0.604365 -0.002573
-0.797244 -0.603655 0.001621
0.009155 -0.531938 -0.846734
0.006103 -0.529382 -0.848361
0.009155 -0.531938 -0.846734
-0.797244 -0.603655 0.001621
-0.796875 -0.604144 -0.000382
-0.798766 -0.601554 0.010299
-0.497506 0.137348 0.856518
-0.497506 0.137348 0.856518
-0.798766 -0.601554 0.010299
-0.502786 0.151256 0.851075
-0.502786 0.151256 0.851075
0.591190 0.694648 0.409828
-0.497506 0.137348 0.856518
0.591190 0.694648 0.409828
-0.502786 0.151256 0.851075
0.588990 0.697709 0.407791
0.591190 0.694648 0.409828
0.834272 0.374201 -0.404924
0.828840 0.382909 -0.407927
0.591190 0.694648 0.409828
0.588990 0.697709 0.407791
0.834272 0.374201 -0.404924
0.834272 0.374201 -0.404924
-0.001526 -0.518430 -0.855119
0.828840 0.382909 -0.407927
-0.001526 -0.518430 -0.855119
0.834272 0.374201 -0.404924
0.003052 -0.530614 -0.847608
-0.001526 -0.518430 -0.855119
0.003052 -0.530614 -0.847608
-0.796875 -0.604144 -0.000382
0.003052 -0.530614 -0.847608
-0.798766 -0.601554 0.010299
-0.796875 -0.604144 -0.000382
-0.802946 -0.595722 0.019845
-0.534714 0.197943 0.821522
-0.801123 -0.598171 0.019837
-0.534714 0.197943 0.821522
-0.802946 -0.595722 0.019845
-0.568872 0.246308 0.784677
0.573494 0.717248 0.395802
-0.568872 0.246308 0.784677
0.555447 0.741614 0.376148
-0.568872 0.246308 0.784677
0.573494 0.717248 0.395802
-0.534714 0.197943 0.821522
0.573494 0.717248 0.395802
0.866661 0.335974 -0.368808
0.850814 0.354379 -0.387983
0.866661 0.335974 -0.368808
0.573494 0.717248 0.395802
0.555447 0.741614 0.376148
0.032044 -0.574498 -0.817878
0.866661 0.335974 -0.368808
0.066369 -0.621735 -0.780411
0.866661 0.335974 -0.368808
0.032044 -0.574498 -0.817878
0.850814 0.354379 -0.387983
0.066369 -0.621735 -0.780411
-0.801123 -0.598171 0.019837
0.032044 -0.574498 -0.817878
-0.801123 -0.598171 0.019837
0.066369 -0.621735 -0.780411
-0.802946 -0.595722 0.019845
-0.800839 -0.598722 0.013729
-0.568872 0.246308 0.784677
-0.802946 -0.595722 0.019845
-0.568872 0.246308 0.784677
-0.800839 -0.598722 0.013729
-0.604386 0.264037 0.751666
0.555447 0.741614 0.376148
-0.604386 0.264037 0.751666
0.534484 0.759730 0.370321
-0.604386 0.264037 0.751666
0.555447 0.741614 0.376148
-0.568872 0.246308 0.784677
0.555447 0.741614 0.376148
0.881156 0.293973 -0.370330
0.866661 0.335974 -0.368808
0.881156 0.293973 -0.370330
0.555447 0.741614 0.376148
0.534484 0.759730 0.370321
0.066369 -0.621735 -0.780411
0.881156 0.293973 -0.370330
0.076307 -0.672267 -0.736365
0.881156 0.293973 -0.370330
0.066369 -0.621735 -0.780411
0.866661 0.335974 -0.368808
0.076307 -0.672267 -0.736365
-0.802946 -0.595722 0.019845
0.066369 -0.621735 -0.780411
-0.802946 -0.595722 0.019845
0.076307 -0.672267 -0.736365
-0.800839 -0.598722 0.013729
0.256358 -0.314344 0.914039
-0.604386 0.264037 0.751666
-0.796455 -0.604575 0.012183
-0.796455 -0.604575 0.012183
-0.604386 0.264037 0.751666
-0.800839 -0.598722 0.013729
-0.604386 0.264037 0.751666
0.565015 0.729715 0.385064
0.534484 0.759730 0.370321
-0.604386 0.264037 0.751666
0.256358 -0.314344 0.914039
0.565015 0.729715 0.385064
0.534484 0.759730 0.370321
0.901430 0.252859 -0.351405
0.881156 0.293973 -0.370330
0.901430 0.252859 -0.351405
0.534484 0.759730 0.370321
0.565015 0.729715 0.385064
0.901430 0.252859 -0.351405
0.076307 -0.672267 -0.736365
0.881156 0.293973 -0.370330
0.606571 -0.795028 -0.001526
0.076307 -0.672267 -0.736365
0.901430 0.252859 -0.351405
0.076307 -0.672267 -0.736365
0.606571 -0.795028 -0.001526
-0.796455 -0.604575 0.012183
0.076307 -0.672267 -0.736365
-0.796455 -0.604575 0.012183
-0.800839 -0.598722 0.013729
-0.534714 0.197943 0.821522
-0.502786 0.151256 0.851075
-0.801123 -0.598171 0.019837
-0.798766 -0.601554 0.010299
-0.801123 -0.598171 0.019837
-0.502786 0.151256 0.851075
-0.534714 0.197943 0.821522
0.588990 0.697709 0.407791
-0.502786 0.151256 0.851075
0.588990 0.697709 0.407791
-0.534714 0.197943 0.821522
0.573494 0.717248 0.395802
0.850814 0.354379 -0.387983
0.834272 0.374201 -0.404924
0.588990 0.697709 0.407791
0.588990 0.697709 0.407791
0.573494 0.717248 0.395802
0.850814 0.354379 -0.387983
0.003052 -0.530614 -0.847608
0.850814 0.354379 -0.387983
0.032044 -0.574498 -0.817878
0.850814 0.354379 -0.387983
0.003052 -0.530614 -0.847608
0.834272 0.374201 -0.404924
-0.801123 -0.598171 0.019837
-0.798766 -0.601554 0.010299
0.032044 -0.574498 -0.817878
0.003052 -0.530614 -0.847608
0.032044 -0.574498 -0.817878
-0.798766 -0.601554 0.010299
-0.796703 -0.604365 -0.002573
-0.796875 -0.604144 -0.000382
-0.510947 0.151211 0.846208
-0.796875 -0.604144 -0.000382
-0.497506 0.137348 0.856518
-0.510947 0.151211 0.846208
-0.497506 0.137348 0.856518
0.585992 0.701755 0.405159
-0.510947 0.151211 0.846208
0.585992 0.701755 0.405159
-0.497506 0.137348 0.856518
0.591190 0.694648 0.409828
0.828840 0.382909 -0.407927
0.834236 0.375010 -0.404250
0.585992 0.701755 0.405159
0.585992 0.701755 0.405159
0.591190 0.694648 0.409828
0.828840 0.382909 -0.407927
0.009155 -0.531938 -0.846734
0.828840 0.382909 -0.407927
-0.001526 -0.518430 -0.855119
0.828840 0.382909 -0.407927
0.009155 -0.531938 -0.846734
0.834236 0.375010 -0.404250
-0.796875 -0.604144 -0.000382
-0.796703 -0.604365 -0.002573
-0.001526 -0.518430 -0.855119
0.009155 -0.531938 -0.846734
-0.001526 -0.518430 -0.855119
-0.796703 -0.604365 -0.002573
-0.798299 -0.602253 0.003147
-0.797244 -0.603655 0.001621
-0.494228 0.136141 0.858606
-0.797244 -0.603655 0.001621
-0.508969 0.150993 0.847439
-0.494228 0.136141 0.858606
-0.508969 0.150993 0.847439
0.596904 0.692446 0.405246
-0.494228 0.136141 0.858606
0.596904 0.692446 0.405246
-0.508969 0.150993 0.847439
0.588768 0.700116 0.403968
0.833683 0.374223 -0.406115
0.828159 0.386042 -0.406355
0.596904 0.692446 0.405246
0.596904 0.692446 0.405246
0.588768 0.700116 0.403968
0.833683 0.374223 -0.406115
-0.005722 -0.512270 -0.858805
0.833683 0.374223 -0.406115
0.006103 -0.529382 -0.848361
0.833683 0.374223 -0.406115
-0.005722 -0.512270 -0.858805
0.828159 0.386042 -0.406355
-0.005722 -0.512270 -0.858805
0.006103 -0.529382 -0.848361
-0.798299 -0.602253 0.003147
0.006103 -0.529382 -0.848361
-0.797244 -0.603655 0.001621
-0.798299 -0.602253 0.003147
-0.428092 0.056468 0.901969
-0.799476 -0.600657 -0.007060
-0.406305 0.042347 0.912756
-0.799476 -0.600657 -0.007060
-0.428092 0.056468 0.901969
-0.792197 -0.608355 -0.048249
-0.406305 0.042347 0.912756
0.694184 0.656042 0.296172
-0.428092 0.056468 0.901969
0.694184 0.656042 0.296172
-0.406305 0.042347 0.912756
0.650434 0.648526 0.395410
0.694184 0.656042 0.296172
0.650434 0.648526 0.395410
0.794407 0.459177 -0.397585
0.694184 0.656042 0.296172
0.794407 0.459177 -0.397585
0.789520 0.433492 -0.434446
0.794407 0.459177 -0.397585
-0.019071 -0.370731 -0.928544
0.789520 0.433492 -0.434446
-0.019071 -0.370731 -0.928544
0.794407 0.459177 -0.397585
-0.073605 -0.395105 -0.915682
-0.792197 -0.608355 -0.048249
-0.073605 -0.395105 -0.915682
-0.799476 -0.600657 -0.007060
-0.073605 -0.395105 -0.915682
-0.792197 -0.608355 -0.048249
-0.019071 -0.370731 -0.928544
-0.799476 -0.600657 -0.007060
-0.797567 -0.603230 0.000381
-0.406305 0.042347 0.912756
-0.406305 0.042347 0.912756
-0.797567 -0.603230 0.000381
-0.410480 0.023652 0.911563
-0.410480 0.023652 0.911563
0.650434 0.648526 0.395410
-0.406305 0.042347 0.912756
0.650434 0.648526 0.395410
-0.410480 0.023652 0.911563
0.635856 0.640624 0.430452
0.650434 0.648526 0.395410
0.635856 0.640624 0.430452
0.787755 0.439273 -0.431835
0.650434 0.648526 0.395410
0.787755 0.439273 -0.431835
0.794407 0.459177 -0.397585
0.787755 0.439273 -0.431835
-0.073605 -0.395105 -0.915682
0.794407 0.459177 -0.397585
-0.073605 -0.395105 -0.915682
0.787755 0.439273 -0.431835
-0.089265 -0.400549 -0.911917
-0.799476 -0.600657 -0.007060
-0.089265 -0.400549 -0.911917
-0.797567 -0.603230 0.000381
-0.073605 -0.395105 -0.915682
-0.089265 -0.400549 -0.911917
-0.799476 -0.600657 -0.007060
-0.797107 -0.603837 0.001335
-0.796688 -0.604384 -0.002719
-0.423412 0.036905 0.905185
-0.423412 0.036905 0.905185
-0.796688 -0.604384 -0.002719
-0.424243 0.037770 0.904760
-0.424243 0.037770 0.904760
0.629915 0.645930 0.431255
-0.423412 0.036905 0.905185
0.629915 0.645930 0.431255
-0.424243 0.037770 0.904760
0.626713 0.647708 0.433250
0.629915 0.645930 0.431255
0.626713 0.647708 0.433250
0.793255 0.429047 -0.432047
0.629915 0.645930 0.431255
0.793255 0.429047 -0.432047
0.791830 0.429226 -0.434476
0.793255 0.429047 -0.432047
-0.080104 -0.415775 -0.905933
0.791830 0.429226 -0.434476
-0.080104 -0.415775 -0.905933
0.793255 0.429047 -0.432047
-0.077057 -0.418284 -0.905042
-0.797107 -0.603837 0.001335
-0.077057 -0.418284 -0.905042
-0.796688 -0.604384 -0.002719
-0.080104 -0.415775 -0.905933
-0.077057 -0.418284 -0.905042
-0.797107 -0.603837 0.001335
-0.797339 -0.603531 -0.000238
-0.797849 -0.602768 0.010383
-0.411175 0.022885 0.911269
-0.411175 0.022885 0.911269
-0.797849 -0.602768 0.010383
-0.416659 0.037392 0.908294
-0.416659 0.037392 0.908294
0.632830 0.639787 0.436119
-0.411175 0.022885 0.911269
0.632830 0.639787 0.436119
-0.416659 0.037392 0.908294
0.630220 0.643572 0.434325
0.632830 0.639787 0.436119
0.630220 0.643572 0.434325
0.793367 0.427960 -0.432919
0.632830 0.639787 0.436119
0.793367 0.427960 -0.432919
0.788246 0.436718 -0.433526
0.793367 0.427960 -0.432919
-0.087745 -0.404200 -0.910452
0.788246 0.436718 -0.433526
-0.087745 -0.404200 -0.910452
0.793367 0.427960 -0.432919
-0.082409 -0.417004 -0.905161
-0.797339 -0.603531 -0.000238
-0.082409 -0.417004 -0.905161
-0.797849 -0.602768 0.010383
-0.087745 -0.404200 -0.910452
-0.082409 -0.417004 -0.905161
-0.797339 -0.603531 -0.000238
-0.798179 -0.602068 0.020603
-0.437508 0.102898 0.893308
-0.437344 0.084721 0.895295
-0.798179 -0.602068 0.020603
0.112883 -0.990011 0.084471
-0.437508 0.102898 0.893308
-0.437508 0.102898 0.893308
0.614616 0.660426 0.431376
-0.437344 0.084721 0.895295
0.723919 -0.257071 0.640199
0.614616 0.660426 0.431376
-0.437508 0.102898 0.893308
0.614616 0.660426 0.431376
0.723919 -0.257071 0.640199
0.867101 0.292350 -0.403321
0.614616 0.660426 0.431376
0.867101 0.292350 -0.403321
0.811358 0.407967 -0.418642
0.867101 0.292350 -0.403321
-0.056461 -0.462754 -0.884687
0.811358 0.407967 -0.418642
-0.056461 -0.462754 -0.884687
0.867101 0.292350 -0.403321
0.048853 -0.566395 -0.822685
0.048853 -0.566395 -0.822685
-0.798179 -0.602068 0.020603
-0.056461 -0.462754 -0.884687
0.112883 -0.990011 0.084471
-0.798179 -0.602068 0.020603
0.048853 -0.566395 -0.822685
-0.416659 0.037392 0.908294
-0.798179 -0.602068 0.020603
-0.437344 0.084721 0.895295
-0.797849 -0.602768 0.010383
-0.798179 -0.602068 0.020603
-0.416659 0.037392 0.908294
-0.437344 0.084721 0.895295
0.630220 0.643572 0.434325
-0.416659 0.037392 0.908294
0.630220 0.643572 0.434325
-0.437344 0.084721 0.895295
0.614616 0.660426 0.431376
0.811358 0.407967 -0.418642
0.793367 0.427960 -0.432919
0.630220 0.643572 0.434325
0.630220 0.643572 0.434325
0.614616 0.660426 0.431376
0.811358 0.407967 -0.418642
-0.082409 -0.417004 -0.905161
0.811358 0.407967 -0.418642
-0.056461 -0.462754 -0.884687
0.811358 0.407967 -0.418642
-0.082409 -0.417004 -0.905161
0.793367 0.427960 -0.432919
-0.797849 -0.602768 0.010383
-0.056461 -0.462754 -0.884687
-0.798179 -0.602068 0.020603
-0.082409 -0.417004 -0.905161
-0.056461 -0.462754 -0.884687
-0.797849 -0.602768 0.010383
-0.424243 0.037770 0.904760
-0.797339 -0.603531 -0.000238
-0.411175 0.022885 0.911269
-0.796688 -0.604384 -0.002719
-0.797339 -0.603531 -0.000238
-0.424243 0.037770 0.904760
-0.411175 0.022885 0.911269
0.626713 0.647708 0.433250
-0.424243 0.037770 0.904760
0.626713 0.647708 0.433250
-0.411175 0.022885 0.911269
0.632830 0.639787 0.436119
0.788246 0.436718 -0.433526
0.793255 0.429047 -0.432047
0.626713 0.647708 0.433250
0.626713 0.647708 0.433250
0.632830 0.639787 0.436119
0.788246 0.436718 -0.433526
-0.077057 -0.418284 -0.905042
0.788246 0.436718 -0.433526
-0.087745 -0.404200 -0.910452
0.788246 0.436718 -0.433526
-0.077057 -0.418284 -0.905042
0.793255 0.429047 -0.432047
-0.796688 -0.604384 -0.002719
-0.087745 -0.404200 -0.910452
-0.797339 -0.603531 -0.000238
-0.077057 -0.418284 -0.905042
-0.087745 -0.404200 -0.910452
-0.796688 -0.604384 -0.002719
-0.797567 -0.603230 0.000381
-0.797107 -0.603837 0.001335
-0.410480 0.023652 0.911563
-0.410480 0.023652 0.911563
-0.797107 -0.603837 0.001335
-0.423412 0.036905 0.905185
-0.423412 0.036905 0.905185
0.635856 0.640624 0.430452
-0.410480 0.023652 0.911563
0.635856 0.640624 0.430452
-0.423412 0.036905 0.905185
0.629915 0.645930 0.431255
0.791830 0.429226 -0.434476
0.787755 0.439273 -0.431835
0.635856 0.640624 0.430452
0.635856 0.640624 0.430452
0.629915 0.645930 0.431255
0.791830 0.429226 -0.434476
-0.089265 -0.400549 -0.911917
0.791830 0.429226 -0.434476
-0.080104 -0.415775 -0.905933
0.791830 0.429226 -0.434476
-0.089265 -0.400549 -0.911917
0.787755 0.439273 -0.431835
-0.797567 -0.603230 0.000381
-0.080104 -0.415775 -0.905933
-0.797107 -0.603837 0.001335
-0.089265 -0.400549 -0.911917
-0.080104 -0.415775 -0.905933
-0.797567 -0.603230 0.000381
0.867101 0.292350 -0.403321
0.112883 -0.990011 0.084471
0.048853 -0.566395 -0.822685
0.112883 -0.990011 0.084471
0.867101 0.292350 -0.403321
0.723919 -0.257071 0.640199
-0.310908 -0.065615 0.948173
-0.799312 -0.600915 0.000763
-0.328837 -0.054170 0.942832
-0.799312 -0.600915 0.000763
-0.310908 -0.065615 0.948173
-0.799935 -0.599665 -0.022507
-0.310908 -0.065615 0.948173
-0.328837 -0.054170 0.942832
0.688682 0.604315 0.400650
0.688682 0.604315 0.400650
0.721374 0.609601 0.328643
-0.310908 -0.065615 0.948173
0.721374 0.609601 0.328643
0.688682 0.604315 0.400650
0.761898 0.500687 -0.410883
0.721374 0.609601 0.328643
0.761898 0.500687 -0.410883
0.750080 0.507811 -0.423684
0.750080 0.507811 -0.423684
0.761898 0.500687 -0.410883
-0.153341 -0.290661 -0.944459
0.750080 0.507811 -0.423684
-0.153341 -0.290661 -0.944459
-0.137354 -0.244185 -0.959952
-0.799935 -0.599665 -0.022507
-0.153341 -0.290661 -0.944459
-0.799312 -0.600915 0.000763
-0.153341 -0.290661 -0.944459
-0.799935 -0.599665 -0.022507
-0.137354 -0.244185 -0.959952
-0.799312 -0.600915 0.000763
-0.797831 -0.602856 0.005533
-0.328837 -0.054170 0.942832
-0.328837 -0.054170 0.942832
-0.797831 -0.602856 0.005533
-0.358547 -0.041195 0.932602
-0.358547 -0.041195 0.932602
0.688682 0.604315 0.400650
-0.328837 -0.054170 0.942832
0.688682 0.604315 0.400650
-0.358547 -0.041195 0.932602
0.660489 0.608626 0.439691
0.688682 0.604315 0.400650
0.660489 0.608626 0.439691
0.764195 0.470802 -0.440852
0.688682 0.604315 0.400650
0.764195 0.470802 -0.440852
0.761898 0.500687 -0.410883
0.764195 0.470802 -0.440852
-0.153341 -0.290661 -0.944459
0.761898 0.500687 -0.410883
-0.153341 -0.290661 -0.944459
0.764195 0.470802 -0.440852
-0.141936 -0.334236 -0.931741
-0.799312 -0.600915 0.000763
-0.141936 -0.334236 -0.931741
-0.797831 -0.602856 0.005533
-0.153341 -0.290661 -0.944459
-0.141936 -0.334236 -0.931741
-0.799312 -0.600915 0.000763
-0.796782 -0.604264 0.001717
-0.796688 -0.604384 -0.002671
-0.377667 -0.022603 0.925666
-0.377667 -0.022603 0.925666
-0.796688 -0.604384 -0.002671
-0.378488 -0.022535 0.925332
-0.378488 -0.022535 0.925332
0.651439 0.617303 0.441094
-0.377667 -0.022603 0.925666
0.651439 0.617303 0.441094
-0.378488 -0.022535 0.925332
0.648695 0.618812 0.443020
0.651439 0.617303 0.441094
0.648695 0.618812 0.443020
0.771373 0.457884 -0.441957
0.651439 0.617303 0.441094
0.771373 0.457884 -0.441957
0.770545 0.457654 -0.443636
0.771373 0.457884 -0.441957
-0.125891 -0.355260 -0.926251
0.770545 0.457654 -0.443636
-0.125891 -0.355260 -0.926251
0.771373 0.457884 -0.441957
-0.123581 -0.357965 -0.925521
-0.796782 -0.604264 0.001717
-0.123581 -0.357965 -0.925521
-0.796688 -0.604384 -0.002671
-0.125891 -0.355260 -0.926251
-0.123581 -0.357965 -0.925521
-0.796782 -0.604264 0.001717
-0.366063 -0.037369 0.929839
-0.797572 -0.603135 0.010341
-0.371537 -0.023269 0.928127
-0.797153 -0.603777 -0.000286
-0.797572 -0.603135 0.010341
-0.366063 -0.037369 0.929839
-0.366063 -0.037369 0.929839
-0.371537 -0.023269 0.928127
0.651831 0.614813 0.443984
-0.366063 -0.037369 0.929839
0.651831 0.614813 0.443984
0.653646 0.611457 0.445945
0.653646 0.611457 0.445945
0.651831 0.614813 0.443984
0.771928 0.456139 -0.442791
0.653646 0.611457 0.445945
0.771928 0.456139 -0.442791
0.765422 0.466357 -0.443441
0.771928 0.456139 -0.442791
-0.134292 -0.343361 -0.929553
0.765422 0.466357 -0.443441
-0.134292 -0.343361 -0.929553
0.771928 0.456139 -0.442791
-0.128162 -0.357022 -0.925262
-0.797153 -0.603777 -0.000286
-0.128162 -0.357022 -0.925262
-0.797572 -0.603135 0.010341
-0.134292 -0.343361 -0.929553
-0.128162 -0.357022 -0.925262
-0.797153 -0.603777 -0.000286
-0.797163 -0.603403 0.020859
-0.389974 0.043500 0.919798
-0.392229 0.025945 0.919502
-0.797163 -0.603403 0.020859
0.114353 -0.993345 0.013770
-0.389974 0.043500 0.919798
-0.389974 0.043500 0.919798
0.637688 0.630823 0.442058
-0.392229 0.025945 0.919502
0.753753 -0.297835 0.585791
0.637688 0.630823 0.442058
-0.389974 0.043500 0.919798
0.637688 0.630823 0.442058
0.753753 -0.297835 0.585791
0.847191 0.319032 -0.424836
0.637688 0.630823 0.442058
0.847191 0.319032 -0.424836
0.789230 0.437358 -0.431085
0.847191 0.319032 -0.424836
-0.099188 -0.404383 -0.909195
0.789230 0.437358 -0.431085
-0.099188 -0.404383 -0.909195
0.847191 0.319032 -0.424836
0.009920 -0.511283 -0.859355
0.009920 -0.511283 -0.859355
-0.797163 -0.603403 0.020859
-0.099188 -0.404383 -0.909195
0.114353 -0.993345 0.013770
-0.797163 -0.603403 0.020859
0.009920 -0.511283 -0.859355
-0.371537 -0.023269 0.928127
-0.797163 -0.603403 0.020859
-0.392229 0.025945 0.919502
-0.797572 -0.603135 0.010341
-0.797163 -0.603403 0.020859
-0.371537 -0.023269 0.928127
0.637688 0.630823 0.442058
-0.371537 -0.023269 0.928127
-0.392229 0.025945 0.919502
-0.371537 -0.023269 0.928127
0.637688 0.630823 0.442058
0.651831 0.614813 0.443984
0.789230 0.437358 -0.431085
0.771928 0.456139 -0.442791
0.651831 0.614813 0.443984
0.651831 0.614813 0.443984
0.637688 0.630823 0.442058
0.789230 0.437358 -0.431085
-0.128162 -0.357022 -0.925262
0.789230 0.437358 -0.431085
-0.099188 -0.404383 -0.909195
0.789230 0.437358 -0.431085
-0.128162 -0.357022 -0.925262
0.771928 0.456139 -0.442791
-0.797572 -0.603135 0.010341
-0.099188 -0.404383 -0.909195
-0.797163 -0.603403 0.020859
-0.128162 -0.357022 -0.925262
-0.099188 -0.404383 -0.909195
-0.797572 -0.603135 0.010341
-0.378488 -0.022535 0.925332
-0.797153 -0.603777 -0.000286
-0.366063 -0.037369 0.929839
-0.796688 -0.604384 -0.002671
-0.797153 -0.603777 -0.000286
-0.378488 -0.022535 0.925332
-0.366063 -0.037369 0.929839
0.648695 0.618812 0.443020
-0.378488 -0.022535 0.925332
0.648695 0.618812 0.443020
-0.366063 -0.037369 0.929839
0.653646 0.611457 0.445945
0.765422 0.466357 -0.443441
0.771373 0.457884 -0.441957
0.648695 0.618812 0.443020
0.648695 0.618812 0.443020
0.653646 0.611457 0.445945
0.765422 0.466357 -0.443441
-0.123581 -0.357965 -0.925521
0.765422 0.466357 -0.443441
-0.134292 -0.343361 -0.929553
0.765422 0.466357 -0.443441
-0.123581 -0.357965 -0.925521
0.771373 0.457884 -0.441957
-0.796688 -0.604384 -0.002671
-0.134292 -0.343361 -0.929553
-0.797153 -0.603777 -0.000286
-0.123581 -0.357965 -0.925521
-0.134292 -0.343361 -0.929553
-0.796688 -0.604384 -0.002671
-0.358547 -0.041195 0.932602
-0.796782 -0.604264 0.001717
-0.377667 -0.022603 0.925666
-0.797831 -0.602856 0.005533
-0.796782 -0.604264 0.001717
-0.358547 -0.041195 0.932602
-0.377667 -0.022603 0.925666
0.660489 0.608626 0.439691
-0.358547 -0.041195 0.932602
0.660489 0.608626 0.439691
-0.377667 -0.022603 0.925666
0.651439 0.617303 0.441094
0.770545 0.457654 -0.443636
0.764195 0.470802 -0.440852
0.660489 0.608626 0.439691
0.660489 0.608626 0.439691
0.651439 0.617303 0.441094
0.770545 0.457654 -0.443636
-0.141936 -0.334236 -0.931741
0.770545 0.457654 -0.443636
-0.125891 -0.355260 -0.926251
0.770545 0.457654 -0.443636
-0.141936 -0.334236 -0.931741
0.764195 0.470802 -0.440852
-0.797831 -0.602856 0.005533
-0.125891 -0.355260 -0.926251
-0.796782 -0.604264 0.001717
-0.141936 -0.334236 -0.931741
-0.125891 -0.355260 -0.926251
-0.797831 -0.602856 0.005533
0.847191 0.319032 -0.424836
0.753753 -0.297835 0.585791
0.009920 -0.511283 -0.859355
0.009920 -0.511283 -0.859355
0.753753 -0.297835 0.585791
0.114353 -0.993345 0.013770
-0.256313 -0.159433 0.953355
-0.799949 -0.600057 -0.003433
-0.248770 -0.162540 0.954827
-0.799949 -0.600057 -0.003433
-0.256313 -0.159433 0.953355
-0.801245 -0.597118 -0.038155
-0.256313 -0.159433 0.953355
-0.248770 -0.162540 0.954827
0.720617 0.558488 0.410855
0.720617 0.558488 0.410855
0.747301 0.582209 0.320272
-0.256313 -0.159433 0.953355
0.747301 0.582209 0.320272
0.720617 0.558488 0.410855
0.726566 0.548071 -0.414391
0.747301 0.582209 0.320272
0.726566 0.548071 -0.414391
0.714581 0.540991 -0.443513
0.714581 0.540991 -0.443513
0.726566 0.548071 -0.414391
-0.232313 -0.185392 -0.954809
-0.232313 -0.185392 -0.954809
-0.193461 -0.151105 -0.969402
0.714581 0.540991 -0.443513
-0.801245 -0.597118 -0.038155
-0.232313 -0.185392 -0.954809
-0.799949 -0.600057 -0.003433
-0.232313 -0.185392 -0.954809
-0.801245 -0.597118 -0.038155
-0.193461 -0.151105 -0.969402
-0.262815 -0.169743 0.949798
-0.799949 -0.600057 -0.003433
-0.797518 -0.603290 0.002480
-0.799949 -0.600057 -0.003433
-0.262815 -0.169743 0.949798
-0.248770 -0.162540 0.954827
-0.248770 -0.162540 0.954827
-0.262815 -0.169743 0.949798
0.705444 0.548827 0.448485
0.705444 0.548827 0.448485
0.720617 0.558488 0.410855
-0.248770 -0.162540 0.954827
0.720617 0.558488 0.410855
0.705444 0.548827 0.448485
0.718601 0.530941 -0.449126
0.720617 0.558488 0.410855
0.718601 0.530941 -0.449126
0.726566 0.548071 -0.414391
0.726566 0.548071 -0.414391
0.718601 0.530941 -0.449126
-0.237180 -0.207247 -0.949102
0.726566 0.548071 -0.414391
-0.237180 -0.207247 -0.949102
-0.232313 -0.185392 -0.954809
-0.799949 -0.600057 -0.003433
-0.237180 -0.207247 -0.949102
-0.797518 -0.603290 0.002480
-0.237180 -0.207247 -0.949102
-0.799949 -0.600057 -0.003433
-0.232313 -0.185392 -0.954809
-0.280684 -0.153166 0.947500
-0.796598 -0.604507 0.001717
-0.797311 -0.603563 -0.002670
-0.796598 -0.604507 0.001717
-0.280684 -0.153166 0.947500
-0.278502 -0.153748 0.948050
-0.278502 -0.153748 0.948050
-0.280684 -0.153166 0.947500
0.696000 0.556390 0.453888
0.696000 0.556390 0.453888
0.698301 0.555207 0.451797
-0.278502 -0.153748 0.948050
0.698301 0.555207 0.451797
0.696000 0.556390 0.453888
0.724078 0.520407 -0.452644
0.698301 0.555207 0.451797
0.724078 0.520407 -0.452644
0.722814 0.520358 -0.454717
0.722814 0.520358 -0.454717
0.724078 0.520407 -0.452644
-0.222700 -0.227372 -0.948001
0.722814 0.520358 -0.454717
-0.222700 -0.227372 -0.948001
-0.225045 -0.224854 -0.948048
-0.796598 -0.604507 0.001717
-0.222700 -0.227372 -0.948001
-0.797311 -0.603563 -0.002670
-0.225045 -0.224854 -0.948048
-0.222700 -0.227372 -0.948001
-0.796598 -0.604507 0.001717
-0.271640 -0.154133 0.949976
-0.796875 -0.604144 -0.000191
-0.795916 -0.605323 0.010101
-0.796875 -0.604144 -0.000191
-0.271640 -0.154133 0.949976
-0.265564 -0.169221 0.949126
-0.265564 -0.169221 0.949126
-0.271640 -0.154133 0.949976
0.699599 0.551974 0.453747
0.699599 0.551974 0.453747
0.701543 0.548486 0.454973
-0.265564 -0.169221 0.949126
0.701543 0.548486 0.454973
0.699599 0.551974 0.453747
0.724657 0.518702 -0.453674
0.701543 0.548486 0.454973
0.724657 0.518702 -0.453674
0.718691 0.528337 -0.452043
0.718691 0.528337 -0.452043
0.724657 0.518702 -0.453674
-0.228076 -0.226169 -0.947011
0.718691 0.528337 -0.452043
-0.228076 -0.226169 -0.947011
-0.232720 -0.212691 -0.949002
-0.796875 -0.604144 -0.000191
-0.228076 -0.226169 -0.947011
-0.795916 -0.605323 0.010101
-0.228076 -0.226169 -0.947011
-0.796875 -0.604144 -0.000191
-0.232720 -0.212691 -0.949002
-0.795141 -0.606076 0.020584
-0.290072 -0.087022 0.953040
-0.293040 -0.105311 0.950283
-0.795141 -0.606076 0.020584
0.107564 -0.984855 -0.135980
-0.290072 -0.087022 0.953040
0.809942 -0.369541 0.455449
0.685375 0.567970 0.455710
-0.290072 -0.087022 0.953040
-0.290072 -0.087022 0.953040
0.685375 0.567970 0.455710
-0.293040 -0.105311 0.950283
0.685375 0.567970 0.455710
0.809942 -0.369541 0.455449
0.799877 0.381221 -0.463539
0.685375 0.567970 0.455710
0.799877 0.381221 -0.463539
0.743123 0.498213 -0.446713
0.743123 0.498213 -0.446713
0.799877 0.381221 -0.463539
-0.086221 -0.386851 -0.918103
0.743123 0.498213 -0.446713
-0.086221 -0.386851 -0.918103
-0.198351 -0.275403 -0.940643
-0.086221 -0.386851 -0.918103
-0.795141 -0.606076 0.020584
-0.198351 -0.275403 -0.940643
0.107564 -0.984855 -0.135980
-0.795141 -0.606076 0.020584
-0.086221 -0.386851 -0.918103
-0.271640 -0.154133 0.949976
-0.795141 -0.606076 0.020584
-0.293040 -0.105311 0.950283
-0.795916 -0.605323 0.010101
-0.795141 -0.606076 0.020584
-0.271640 -0.154133 0.949976
0.685375 0.567970 0.455710
-0.271640 -0.154133 0.949976
-0.293040 -0.105311 0.950283
-0.271640 -0.154133 0.949976
0.685375 0.567970 0.455710
0.699599 0.551974 0.453747
0.743123 0.498213 -0.446713
0.724657 0.518702 -0.453674
0.699599 0.551974 0.453747
0.699599 0.551974 0.453747
0.685375 0.567970 0.455710
0.743123 0.498213 -0.446713
-0.198351 -0.275403 -0.940643
-0.228076 -0.226169 -0.947011
0.724657 0.518702 -0.453674
0.724657 0.518702 -0.453674
0.743123 0.498213 -0.446713
-0.198351 -0.275403 -0.940643
-0.795916 -0.605323 0.010101
-0.198351 -0.275403 -0.940643
-0.795141 -0.606076 0.020584
-0.228076 -0.226169 -0.947011
-0.198351 -0.275403 -0.940643
-0.795916 -0.605323 0.010101
-0.265564 -0.169221 0.949126
-0.797311 -0.603563 -0.002670
-0.796875 -0.604144 -0.000191
-0.797311 -0.603563 -0.002670
-0.265564 -0.169221 0.949126
-0.280684 -0.153166 0.947500
0.701543 0.548486 0.454973
-0.280684 -0.153166 0.947500
-0.265564 -0.169221 0.949126
-0.280684 -0.153166 0.947500
0.701543 0.548486 0.454973
0.696000 0.556390 0.453888
0.696000 0.556390 0.453888
0.701543 0.548486 0.454973
0.718691 0.528337 -0.452043
0.696000 0.556390 0.453888
0.718691 0.528337 -0.452043
0.724078 0.520407 -0.452644
-0.232720 -0.212691 -0.949002
-0.222700 -0.227372 -0.948001
0.724078 0.520407 -0.452644
0.724078 0.520407 -0.452644
0.718691 0.528337 -0.452043
-0.232720 -0.212691 -0.949002
-0.797311 -0.603563 -0.002670
-0.232720 -0.212691 -0.949002
-0.796875 -0.604144 -0.000191
-0.222700 -0.227372 -0.948001
-0.232720 -0.212691 -0.949002
-0.797311 -0.603563 -0.002670
-0.278502 -0.153748 0.948050
-0.797518 -0.603290 0.002480
-0.796598 -0.604507 0.001717
-0.797518 -0.603290 0.002480
-0.278502 -0.153748 0.948050
-0.262815 -0.169743 0.949798
0.698301 0.555207 0.451797
-0.262815 -0.169743 0.949798
-0.278502 -0.153748 0.948050
-0.262815 -0.169743 0.949798
0.698301 0.555207 0.451797
0.705444 0.548827 0.448485
0.705444 0.548827 0.448485
0.698301 0.555207 0.451797
0.722814 0.520358 -0.454717
0.705444 0.548827 0.448485
0.722814 0.520358 -0.454717
0.718601 0.530941 -0.449126
-0.225045 -0.224854 -0.948048
-0.237180 -0.207247 -0.949102
0.718601 0.530941 -0.449126
0.718601 0.530941 -0.449126
0.722814 0.520358 -0.454717
-0.225045 -0.224854 -0.948048
-0.797518 -0.603290 0.002480
-0.225045 -0.224854 -0.948048
-0.796598 -0.604507 0.001717
-0.225045 -0.224854 -0.948048
-0.797518 -0.603290 0.002480
-0.237180 -0.207247 -0.949102
0.107564 -0.984855 -0.135980
-0.086221 -0.386851 -0.918103
0.809942 -0.369541 0.455449
0.799877 0.381221 -0.463539
0.809942 -0.369541 0.455449
-0.086221 -0.386851 -0.918103
-0.799634 -0.600488 0.000000
-0.180415 -0.245639 0.952424
-0.802787 -0.595702 -0.025933
-0.180415 -0.245639 0.952424
-0.799634 -0.600488 0.000000
-0.189862 -0.238662 0.952362
-0.180415 -0.245639 0.952424
-0.189862 -0.238662 0.952362
0.747096 0.525904 0.406536
0.747096 0.525904 0.406536
0.769088 0.548967 0.327320
-0.180415 -0.245639 0.952424
0.769088 0.548967 0.327320
0.747096 0.525904 0.406536
0.701473 0.580872 -0.412945
0.701473 0.580872 -0.412945
0.688422 0.585063 -0.428691
0.769088 0.548967 0.327320
0.688422 0.585063 -0.428691
0.701473 0.580872 -0.412945
-0.291775 -0.107175 -0.950463
-0.291775 -0.107175 -0.950463
-0.269571 -0.064057 -0.960848
0.688422 0.585063 -0.428691
-0.291775 -0.107175 -0.950463
-0.802787 -0.595702 -0.025933
-0.269571 -0.064057 -0.960848
-0.802787 -0.595702 -0.025933
-0.291775 -0.107175 -0.950463
-0.799634 -0.600488 0.000000
-0.215268 -0.230917 0.948861
-0.799634 -0.600488 0.000000
-0.797329 -0.603528 0.004578
-0.799634 -0.600488 0.000000
-0.215268 -0.230917 0.948861
-0.189862 -0.238662 0.952362
-0.189862 -0.238662 0.952362
-0.215268 -0.230917 0.948861
0.727963 0.519074 0.447919
0.727963 0.519074 0.447919
0.747096 0.525904 0.406536
-0.189862 -0.238662 0.952362
0.747096 0.525904 0.406536
0.727963 0.519074 0.447919
0.696249 0.560508 -0.448406
0.696249 0.560508 -0.448406
0.701473 0.580872 -0.412945
0.747096 0.525904 0.406536
0.701473 0.580872 -0.412945
0.696249 0.560508 -0.448406
-0.285278 -0.145309 -0.947366
0.701473 0.580872 -0.412945
-0.285278 -0.145309 -0.947366
-0.291775 -0.107175 -0.950463
-0.799634 -0.600488 0.000000
-0.285278 -0.145309 -0.947366
-0.797329 -0.603528 0.004578
-0.285278 -0.145309 -0.947366
-0.799634 -0.600488 0.000000
-0.291775 -0.107175 -0.950463
-0.235741 -0.212472 0.948305
-0.796969 -0.604018 0.001525
-0.796988 -0.603991 -0.002290
-0.796969 -0.604018 0.001525
-0.235741 -0.212472 0.948305
-0.233376 -0.213070 0.948756
-0.233376 -0.213070 0.948756
-0.235741 -0.212472 0.948305
0.717972 0.527654 0.453978
0.717972 0.527654 0.453978
0.719810 0.526704 0.452169
-0.233376 -0.213070 0.948756
0.719810 0.526704 0.452169
0.717972 0.527654 0.453978
0.702510 0.548812 -0.453084
0.719810 0.526704 0.452169
0.702510 0.548812 -0.453084
0.701821 0.548393 -0.454658
0.701821 0.548393 -0.454658
0.702510 0.548812 -0.453084
-0.266981 -0.168103 -0.948927
0.701821 0.548393 -0.454658
-0.266981 -0.168103 -0.948927
-0.268715 -0.165466 -0.948901
-0.796969 -0.604018 0.001525
-0.266981 -0.168103 -0.948927
-0.796988 -0.603991 -0.002290
-0.266981 -0.168103 -0.948927
-0.796969 -0.604018 0.001525
-0.268715 -0.165466 -0.948901
-0.227223 -0.213879 0.950066
-0.796875 -0.604144 0.000000
-0.795358 -0.606059 0.009923
-0.796875 -0.604144 0.000000
-0.227223 -0.213879 0.950066
-0.220462 -0.228662 0.948214
-0.220462 -0.228662 0.948214
-0.227223 -0.213879 0.950066
0.720905 0.523705 0.453903
0.720905 0.523705 0.453903
0.723623 0.519461 0.454456
-0.220462 -0.228662 0.948214
0.723623 0.519461 0.454456
0.720905 0.523705 0.453903
0.702850 0.547339 -0.454337
0.723623 0.519461 0.454456
0.702850 0.547339 -0.454337
0.697466 0.556294 -0.451750
0.697466 0.556294 -0.451750
0.702850 0.547339 -0.454337
-0.272388 -0.166714 -0.947635
0.697466 0.556294 -0.451750
-0.272388 -0.166714 -0.947635
-0.277721 -0.153166 -0.948373
-0.796875 -0.604144 0.000000
-0.272388 -0.166714 -0.947635
-0.795358 -0.606059 0.009923
-0.272388 -0.166714 -0.947635
-0.796875 -0.604144 0.000000
-0.277721 -0.153166 -0.948373
-0.793377 -0.608383 0.020597
-0.247245 -0.147279 0.957694
-0.248722 -0.164797 0.954452
-0.793377 -0.608383 0.020597
0.100771 -0.974124 -0.202306
-0.247245 -0.147279 0.957694
0.830247 -0.394520 0.393757
0.706854 0.539482 0.457511
-0.247245 -0.147279 0.957694
-0.247245 -0.147279 0.957694
0.706854 0.539482 0.457511
-0.248722 -0.164797 0.954452
0.706854 0.539482 0.457511
0.830247 -0.394520 0.393757
0.778858 0.410366 -0.474319
0.706854 0.539482 0.457511
0.778858 0.410366 -0.474319
0.721751 0.526436 -0.449378
0.721751 0.526436 -0.449378
0.778858 0.410366 -0.474319
-0.128144 -0.330276 -0.935146
0.721751 0.526436 -0.449378
-0.128144 -0.330276 -0.935146
-0.242536 -0.216224 -0.945740
-0.128144 -0.330276 -0.935146
-0.793377 -0.608383 0.020597
-0.242536 -0.216224 -0.945740
0.100771 -0.974124 -0.202306
-0.793377 -0.608383 0.020597
-0.128144 -0.330276 -0.935146
-0.227223 -0.213879 0.950066
-0.793377 -0.608383 0.020597
-0.248722 -0.164797 0.954452
-0.793377 -0.608383 0.020597
-0.227223 -0.213879 0.950066
-0.795358 -0.606059 0.009923
0.706854 0.539482 0.457511
-0.227223 -0.213879 0.950066
-0.248722 -0.164797 0.954452
-0.227223 -0.213879 0.950066
0.706854 0.539482 0.457511
0.720905 0.523705 0.453903
0.721751 0.526436 -0.449378
0.720905 0.523705 0.453903
0.706854 0.539482 0.457511
0.720905 0.523705 0.453903
0.721751 0.526436 -0.449378
0.702850 0.547339 -0.454337
-0.242536 -0.216224 -0.945740
-0.272388 -0.166714 -0.947635
0.702850 0.547339 -0.454337
0.702850 0.547339 -0.454337
0.721751 0.526436 -0.449378
-0.242536 -0.216224 -0.945740
-0.795358 -0.606059 0.009923
-0.242536 -0.216224 -0.945740
-0.793377 -0.608383 0.020597
-0.242536 -0.216224 -0.945740
-0.795358 -0.606059 0.009923
-0.272388 -0.166714 -0.947635
-0.220462 -0.228662 0.948214
-0.796988 -0.603991 -0.002290
-0.796875 -0.604144 0.000000
-0.796988 -0.603991 -0.002290
-0.220462 -0.228662 0.948214
-0.235741 -0.212472 0.948305
0.723623 0.519461 0.454456
-0.235741 -0.212472 0.948305
-0.220462 -0.228662 0.948214
-0.235741 -0.212472 0.948305
0.723623 0.519461 0.454456
0.717972 0.527654 0.453978
0.697466 0.556294 -0.451750
0.717972 0.527654 0.453978
0.723623 0.519461 0.454456
0.717972 0.527654 0.453978
0.697466 0.556294 -0.451750
0.702510 0.548812 -0.453084
-0.277721 -0.153166 -0.948373
-0.266981 -0.168103 -0.948927
0.702510 0.548812 -0.453084
0.702510 0.548812 -0.453084
0.697466 0.556294 -0.451750
-0.277721 -0.153166 -0.948373
-0.796875 -0.604144 0.000000
-0.796988 -0.603991 -0.002290
-0.277721 -0.153166 -0.948373
-0.277721 -0.153166 -0.948373
-0.796988 -0.603991 -0.002290
-0.266981 -0.168103 -0.948927
-0.233376 -0.213070 0.948756
-0.797329 -0.603528 0.004578
-0.796969 -0.604018 0.001525
-0.797329 -0.603528 0.004578
-0.233376 -0.213070 0.948756
-0.215268 -0.230917 0.948861
0.719810 0.526704 0.452169
-0.215268 -0.230917 0.948861
-0.233376 -0.213070 0.948756
-0.215268 -0.230917 0.948861
0.719810 0.526704 0.452169
0.727963 0.519074 0.447919
0.701821 0.548393 -0.454658
0.727963 0.519074 0.447919
0.719810 0.526704 0.452169
0.727963 0.519074 0.447919
0.701821 0.548393 -0.454658
0.696249 0.560508 -0.448406
-0.268715 -0.165466 -0.948901
-0.285278 -0.145309 -0.947366
0.696249 0.560508 -0.448406
0.696249 0.560508 -0.448406
0.701821 0.548393 -0.454658
-0.268715 -0.165466 -0.948901
-0.797329 -0.603528 0.004578
-0.268715 -0.165466 -0.948901
-0.796969 -0.604018 0.001525
-0.268715 -0.165466 -0.948901
-0.797329 -0.603528 0.004578
-0.285278 -0.145309 -0.947366
0.100771 -0.974124 -0.202306
0.778858 0.410366 -0.474319
0.830247 -0.394520 0.393757
0.778858 0.410366 -0.474319
0.100771 -0.974124 -0.202306
-0.128144 -0.330276 -0.935146
-0.803704 -0.594672 -0.020598
-0.798761 -0.601644 0.002288
-0.138124 -0.304484 0.942450
-0.138124 -0.304484 0.942450
-0.120562 -0.316667 0.940844
-0.803704 -0.594672 -0.020598
-0.120562 -0.316667 0.940844
-0.138124 -0.304484 0.942450
0.769466 0.497463 0.400565
0.769466 0.497463 0.400565
0.787625 0.522541 0.326493
-0.120562 -0.316667 0.940844
0.787625 0.522541 0.326493
0.769466 0.497463 0.400565
0.679417 0.609225 -0.408947
0.679417 0.609225 -0.408947
0.666420 0.618001 -0.417084
0.787625 0.522541 0.326493
0.666420 0.618001 -0.417084
0.679417 0.609225 -0.408947
-0.342713 -0.040790 -0.938554
-0.342713 -0.040790 -0.938554
-0.327183 0.006101 -0.944941
0.666420 0.618001 -0.417084
-0.342713 -0.040790 -0.938554
-0.803704 -0.594672 -0.020598
-0.327183 0.006101 -0.944941
-0.803704 -0.594672 -0.020598
-0.342713 -0.040790 -0.938554
-0.798761 -0.601644 0.002288
-0.169402 -0.290921 0.941630
-0.798761 -0.601644 0.002288
-0.796676 -0.604375 0.006105
-0.798761 -0.601644 0.002288
-0.169402 -0.290921 0.941630
-0.138124 -0.304484 0.942450
-0.138124 -0.304484 0.942450
-0.169402 -0.290921 0.941630
0.749796 0.490647 0.443928
0.749796 0.490647 0.443928
0.769466 0.497463 0.400565
-0.138124 -0.304484 0.942450
0.769466 0.497463 0.400565
0.749796 0.490647 0.443928
0.674568 0.589102 -0.444879
0.674568 0.589102 -0.444879
0.679417 0.609225 -0.408947
0.769466 0.497463 0.400565
0.679417 0.609225 -0.408947
0.674568 0.589102 -0.444879
-0.330365 -0.085452 -0.939977
0.679417 0.609225 -0.408947
-0.330365 -0.085452 -0.939977
-0.342713 -0.040790 -0.938554
-0.798761 -0.601644 0.002288
-0.330365 -0.085452 -0.939977
-0.796676 -0.604375 0.006105
-0.330365 -0.085452 -0.939977
-0.798761 -0.601644 0.002288
-0.342713 -0.040790 -0.938554
-0.190678 -0.271097 0.943477
-0.796507 -0.604628 0.001526
-0.797310 -0.603562 -0.003052
-0.796507 -0.604628 0.001526
-0.190678 -0.271097 0.943477
-0.189186 -0.271573 0.943640
-0.189186 -0.271573 0.943640
-0.190678 -0.271097 0.943477
0.739224 0.499586 0.451621
0.739224 0.499586 0.451621
0.741338 0.498611 0.449227
-0.189186 -0.271573 0.943640
0.741338 0.498611 0.449227
0.739224 0.499586 0.451621
0.681037 0.577297 -0.450462
0.681037 0.577297 -0.450462
0.680234 0.577072 -0.451962
0.741338 0.498611 0.449227
0.680234 0.577072 -0.451962
0.681037 0.577297 -0.450462
-0.310661 -0.109485 -0.944194
0.680234 0.577072 -0.451962
-0.310661 -0.109485 -0.944194
-0.314198 -0.106576 -0.943356
-0.796507 -0.604628 0.001526
-0.310661 -0.109485 -0.944194
-0.797310 -0.603562 -0.003052
-0.310661 -0.109485 -0.944194
-0.796507 -0.604628 0.001526
-0.314198 -0.106576 -0.943356
-0.183121 -0.272393 0.944600
-0.797153 -0.603777 0.000000
-0.794995 -0.606546 0.009155
-0.797153 -0.603777 0.000000
-0.183121 -0.272393 0.944600
-0.176994 -0.287043 0.941424
-0.176994 -0.287043 0.941424
-0.183121 -0.272393 0.944600
0.742368 0.495547 0.450914
0.742368 0.495547 0.450914
0.744451 0.492101 0.451252
-0.176994 -0.287043 0.941424
0.744451 0.492101 0.451252
0.742368 0.495547 0.450914
0.681315 0.576028 -0.451667
0.681315 0.576028 -0.451667
0.676136 0.584370 -0.448723
0.744451 0.492101 0.451252
0.676136 0.584370 -0.448723
0.681315 0.576028 -0.451667
-0.317354 -0.107946 -0.942143
0.676136 0.584370 -0.448723
-0.317354 -0.107946 -0.942143
-0.323494 -0.094607 -0.941489
-0.797153 -0.603777 0.000000
-0.317354 -0.107946 -0.942143
-0.794995 -0.606546 0.009155
-0.317354 -0.107946 -0.942143
-0.797153 -0.603777 0.000000
-0.323494 -0.094607 -0.941489
-0.792837 -0.609112 0.019821
0.088552 -0.959569 -0.267183
-0.202869 -0.206682 0.957145
-0.202869 -0.206682 0.957145
-0.205948 -0.223492 0.952700
-0.792837 -0.609112 0.019821
0.846278 -0.419327 0.328600
0.728850 0.510805 0.455912
-0.202869 -0.206682 0.957145
-0.202869 -0.206682 0.957145
0.728850 0.510805 0.455912
-0.205948 -0.223492 0.952700
0.728850 0.510805 0.455912
0.846278 -0.419327 0.328600
0.755412 0.440275 -0.485295
0.755412 0.440275 -0.485295
0.700785 0.553834 -0.449632
0.728850 0.510805 0.455912
0.700785 0.553834 -0.449632
0.755412 0.440275 -0.485295
-0.172465 -0.270907 -0.947030
0.700785 0.553834 -0.449632
-0.172465 -0.270907 -0.947030
-0.288393 -0.157167 -0.944525
0.088552 -0.959569 -0.267183
-0.792837 -0.609112 0.019821
-0.172465 -0.270907 -0.947030
-0.172465 -0.270907 -0.947030
-0.792837 -0.609112 0.019821
-0.288393 -0.157167 -0.944525
-0.205948 -0.223492 0.952700
-0.794995 -0.606546 0.009155
-0.792837 -0.609112 0.019821
-0.794995 -0.606546 0.009155
-0.205948 -0.223492 0.952700
-0.183121 -0.272393 0.944600
0.728850 0.510805 0.455912
-0.183121 -0.272393 0.944600
-0.205948 -0.223492 0.952700
-0.183121 -0.272393 0.944600
0.728850 0.510805 0.455912
0.742368 0.495547 0.450914
0.700785 0.553834 -0.449632
0.742368 0.495547 0.450914
0.728850 0.510805 0.455912
0.742368 0.495547 0.450914
0.700785 0.553834 -0.449632
0.681315 0.576028 -0.451667
-0.288393 -0.157167 -0.944525
-0.317354 -0.107946 -0.942143
0.681315 0.576028 -0.451667
0.681315 0.576028 -0.451667
0.700785 0.553834 -0.449632
-0.288393 -0.157167 -0.944525
-0.792837 -0.609112 0.019821
-0.794995 -0.606546 0.009155
-0.288393 -0.157167 -0.944525
-0.288393 -0.157167 -0.944525
-0.794995 -0.606546 0.009155
-0.317354 -0.107946 -0.942143
-0.176994 -0.287043 0.941424
-0.797310 -0.603562 -0.003052
-0.797153 -0.603777 0.000000
-0.797310 -0.603562 -0.003052
-0.176994 -0.287043 0.941424
-0.190678 -0.271097 0.943477
0.744451 0.492101 0.451252
-0.190678 -0.271097 0.943477
-0.176994 -0.287043 0.941424
-0.190678 -0.271097 0.943477
0.744451 0.492101 0.451252
0.739224 0.499586 0.451621
0.676136 0.584370 -0.448723
0.739224 0.499586 0.451621
0.744451 0.492101 0.451252
0.739224 0.499586 0.451621
0.676136 0.584370 -0.448723
0.681037 0.577297 -0.450462
-0.323494 -0.094607 -0.941489
-0.310661 -0.109485 -0.944194
0.681037 0.577297 -0.450462
0.681037 0.577297 -0.450462
0.676136 0.584370 -0.448723
-0.323494 -0.094607 -0.941489
-0.797153 -0.603777 0.000000
-0.797310 -0.603562 -0.003052
-0.323494 -0.094607 -0.941489
-0.323494 -0.094607 -0.941489
-0.797310 -0.603562 -0.003052
-0.310661 -0.109485 -0.944194
-0.189186 -0.271573 0.943640
-0.796676 -0.604375 0.006105
-0.796507 -0.604628 0.001526
-0.796676 -0.604375 0.006105
-0.189186 -0.271573 0.943640
-0.169402 -0.290921 0.941630
0.741338 0.498611 0.449227
-0.169402 -0.290921 0.941630
-0.189186 -0.271573 0.943640
-0.169402 -0.290921 0.941630
0.741338 0.498611 0.449227
0.749796 0.490647 0.443928
0.680234 0.577072 -0.451962
0.749796 0.490647 0.443928
0.741338 0.498611 0.449227
0.749796 0.490647 0.443928
0.680234 0.577072 -0.451962
0.674568 0.589102 -0.444879
-0.314198 -0.106576 -0.943356
-0.330365 -0.085452 -0.939977
0.674568 0.589102 -0.444879
0.674568 0.589102 -0.444879
0.680234 0.577072 -0.451962
-0.314198 -0.106576 -0.943356
-0.796507 -0.604628 0.001526
-0.796676 -0.604375 0.006105
-0.314198 -0.106576 -0.943356
-0.314198 -0.106576 -0.943356
-0.796676 -0.604375 0.006105
-0.330365 -0.085452 -0.939977
0.088552 -0.959569 -0.267183
0.755412 0.440275 -0.485295
0.846278 -0.419327 0.328600
0.755412 0.440275 -0.485295
0.088552 -0.959569 -0.267183
-0.172465 -0.270907 -0.947030
-0.806598 -0.590742 -0.020594
-0.799633 -0.600487 0.001526
-0.049967 -0.423004 0.904749
-0.049967 -0.423004 0.904749
-0.038137 -0.430953 0.901568
-0.806598 -0.590742 -0.020594
-0.038137 -0.430953 0.901568
-0.049967 -0.423004 0.904749
0.807100 0.447414 0.385241
0.807100 0.447414 0.385241
0.817213 0.484529 0.312082
-0.038137 -0.430953 0.901568
0.817213 0.484529 0.312082
0.807100 0.447414 0.385241
0.640570 0.660779 -0.391205
0.640570 0.660779 -0.391205
0.625179 0.669426 -0.401274
0.817213 0.484529 0.312082
0.625179 0.669426 -0.401274
0.640570 0.660779 -0.391205
-0.431481 0.077064 -0.898824
-0.431481 0.077064 -0.898824
-0.412976 0.124312 -0.902218
0.625179 0.669426 -0.401274
-0.431481 0.077064 -0.898824
-0.806598 -0.590742 -0.020594
-0.412976 0.124312 -0.902218
-0.806598 -0.590742 -0.020594
-0.431481 0.077064 -0.898824
-0.799633 -0.600487 0.001526
-0.076672 -0.413878 0.907098
-0.799633 -0.600487 0.001526
-0.796357 -0.604804 0.005342
-0.799633 -0.600487 0.001526
-0.076672 -0.413878 0.907098
-0.049967 -0.423004 0.904749
-0.049967 -0.423004 0.904749
-0.076672 -0.413878 0.907098
0.793301 0.433074 0.427925
0.793301 0.433074 0.427925
0.807100 0.447414 0.385241
-0.049967 -0.423004 0.904749
0.793301 0.433074 0.427925
0.640570 0.660779 -0.391205
0.807100 0.447414 0.385241
0.640570 0.660779 -0.391205
0.793301 0.433074 0.427925
0.630865 0.646694 -0.428714
0.640570 0.660779 -0.391205
0.630865 0.646694 -0.428714
-0.422635 0.037190 -0.905537
-0.422635 0.037190 -0.905537
-0.431481 0.077064 -0.898824
0.640570 0.660779 -0.391205
-0.799633 -0.600487 0.001526
-0.422635 0.037190 -0.905537
-0.796357 -0.604804 0.005342
-0.422635 0.037190 -0.905537
-0.799633 -0.600487 0.001526
-0.431481 0.077064 -0.898824
-0.096143 -0.395637 0.913361
-0.796507 -0.604628 0.001526
-0.797979 -0.602680 -0.002289
-0.796507 -0.604628 0.001526
-0.096143 -0.395637 0.913361
-0.094624 -0.395856 0.913425
-0.094624 -0.395856 0.913425
-0.096143 -0.395637 0.913361
0.784648 0.439792 0.436933
0.784648 0.439792 0.436933
0.785856 0.439660 0.434891
-0.094624 -0.395856 0.913425
0.785856 0.439660 0.434891
0.784648 0.439792 0.436933
0.636688 0.635926 -0.436150
0.636688 0.635926 -0.436150
0.635036 0.636753 -0.437350
0.785856 0.439660 0.434891
0.635036 0.636753 -0.437350
0.636688 0.635926 -0.436150
-0.405808 0.015256 -0.913831
0.635036 0.636753 -0.437350
-0.405808 0.015256 -0.913831
-0.408272 0.017266 -0.912697
-0.796507 -0.604628 0.001526
-0.405808 0.015256 -0.913831
-0.797979 -0.602680 -0.002289
-0.405808 0.015256 -0.913831
-0.796507 -0.604628 0.001526
-0.408272 0.017266 -0.912697
-0.088535 -0.396881 0.913590
-0.797523 -0.603289 0.000000
-0.793880 -0.608005 0.009160
-0.797523 -0.603289 0.000000
-0.088535 -0.396881 0.913590
-0.083174 -0.410529 0.908046
-0.083174 -0.410529 0.908046
-0.088535 -0.396881 0.913590
0.787425 0.436059 0.435678
0.787425 0.436059 0.435678
0.789596 0.432180 0.435613
-0.083174 -0.410529 0.908046
0.789596 0.432180 0.435613
0.787425 0.436059 0.435678
0.635587 0.635778 -0.437968
0.635587 0.635778 -0.437968
0.631685 0.643319 -0.432567
0.789596 0.432180 0.435613
0.631685 0.643319 -0.432567
0.635587 0.635778 -0.437968
-0.410471 0.016022 -0.911733
0.631685 0.643319 -0.432567
-0.410471 0.016022 -0.911733
-0.416557 0.029087 -0.908644
-0.793880 -0.608005 0.009160
-0.797523 -0.603289 0.000000
-0.410471 0.016022 -0.911733
-0.410471 0.016022 -0.911733
-0.797523 -0.603289 0.000000
-0.416557 0.029087 -0.908644
-0.791555 -0.610824 0.018302
0.053420 -0.915007 -0.399886
-0.103776 -0.333457 0.937036
-0.103776 -0.333457 0.937036
-0.109051 -0.350032 0.930368
-0.791555 -0.610824 0.018302
0.872803 -0.452423 0.183106
0.773760 0.450979 0.444874
-0.103776 -0.333457 0.937036
-0.103776 -0.333457 0.937036
0.773760 0.450979 0.444874
-0.109051 -0.350032 0.930368
0.773760 0.450979 0.444874
0.872803 -0.452423 0.183106
0.705396 0.506144 -0.496220
0.705396 0.506144 -0.496220
0.655357 0.613777 -0.440210
0.773760 0.450979 0.444874
0.655357 0.613777 -0.440210
0.705396 0.506144 -0.496220
-0.270037 -0.144172 -0.951995
0.655357 0.613777 -0.440210
-0.270037 -0.144172 -0.951995
-0.381437 -0.032041 -0.923840
0.053420 -0.915007 -0.399886
-0.791555 -0.610824 0.018302
-0.270037 -0.144172 -0.951995
-0.270037 -0.144172 -0.951995
-0.791555 -0.610824 0.018302
-0.381437 -0.032041 -0.923840
-0.109051 -0.350032 0.930368
-0.793880 -0.608005 0.009160
-0.791555 -0.610824 0.018302
-0.793880 -0.608005 0.009160
-0.109051 -0.350032 0.930368
-0.088535 -0.396881 0.913590
0.773760 0.450979 0.444874
-0.088535 -0.396881 0.913590
-0.109051 -0.350032 0.930368
-0.088535 -0.396881 0.913590
0.773760 0.450979 0.444874
0.787425 0.436059 0.435678
0.655357 0.613777 -0.440210
0.787425 0.436059 0.435678
0.773760 0.450979 0.444874
0.787425 0.436059 0.435678
0.655357 0.613777 -0.440210
0.635587 0.635778 -0.437968
-0.381437 -0.032041 -0.923840
-0.410471 0.016022 -0.911733
0.635587 0.635778 -0.437968
0.635587 0.635778 -0.437968
0.655357 0.613777 -0.440210
-0.381437 -0.032041 -0.923840
-0.791555 -0.610824 0.018302
-0.793880 -0.608005 0.009160
-0.381437 -0.032041 -0.923840
-0.381437 -0.032041 -0.923840
-0.793880 -0.608005 0.009160
-0.410471 0.016022 -0.911733
-0.083174 -0.410529 0.908046
-0.797979 -0.602680 -0.002289
-0.797523 -0.603289 0.000000
-0.797979 -0.602680 -0.002289
-0.083174 -0.410529 0.908046
-0.096143 -0.395637 0.913361
0.789596 0.432180 0.435613
-0.096143 -0.395637 0.913361
-0.083174 -0.410529 0.908046
-0.096143 -0.395637 0.913361
0.789596 0.432180 0.435613
0.784648 0.439792 0.436933
0.789596 0.432180 0.435613
0.636688 0.635926 -0.436150
0.784648 0.439792 0.436933
0.636688 0.635926 -0.436150
0.789596 0.432180 0.435613
0.631685 0.643319 -0.432567
-0.416557 0.029087 -0.908644
-0.405808 0.015256 -0.913831
0.636688 0.635926 -0.436150
0.636688 0.635926 -0.436150
0.631685 0.643319 -0.432567
-0.416557 0.029087 -0.908644
-0.797523 -0.603289 0.000000
-0.797979 -0.602680 -0.002289
-0.416557 0.029087 -0.908644
-0.416557 0.029087 -0.908644
-0.797979 -0.602680 -0.002289
-0.405808 0.015256 -0.913831
-0.094624 -0.395856 0.913425
-0.796357 -0.604804 0.005342
-0.796507 -0.604628 0.001526
-0.796357 -0.604804 0.005342
-0.094624 -0.395856 0.913425
-0.076672 -0.413878 0.907098
0.785856 0.439660 0.434891
-0.076672 -0.413878 0.907098
-0.094624 -0.395856 0.913425
-0.076672 -0.413878 0.907098
0.785856 0.439660 0.434891
0.793301 0.433074 0.427925
0.635036 0.636753 -0.437350
0.793301 0.433074 0.427925
0.785856 0.439660 0.434891
0.793301 0.433074 0.427925
0.635036 0.636753 -0.437350
0.630865 0.646694 -0.428714
-0.408272 0.017266 -0.912697
-0.422635 0.037190 -0.905537
0.630865 0.646694 -0.428714
0.630865 0.646694 -0.428714
0.635036 0.636753 -0.437350
-0.408272 0.017266 -0.912697
-0.796507 -0.604628 0.001526
-0.796357 -0.604804 0.005342
-0.408272 0.017266 -0.912697
-0.408272 0.017266 -0.912697
-0.796357 -0.604804 0.005342
-0.422635 0.037190 -0.905537
0.053420 -0.915007 -0.399886
0.705396 0.506144 -0.496220
0.872803 -0.452423 0.183106
0.705396 0.506144 -0.496220
0.053420 -0.915007 -0.399886
-0.270037 -0.144172 -0.951995
-0.808676 -0.588094 -0.013739
-0.798761 -0.601644 0.002288
0.068277 -0.579016 0.812453
0.068277 -0.579016 0.812453
0.085087 -0.589120 0.803553
-0.808676 -0.588094 -0.013739
0.085087 -0.589120 0.803553
0.068277 -0.579016 0.812453
0.857621 0.381504 0.344879
0.857621 0.381504 0.344879
0.859485 0.427644 0.280010
0.085087 -0.589120 0.803553
0.857621 0.381504 0.344879
0.574563 0.739378 -0.350995
0.859485 0.427644 0.280010
0.574563 0.739378 -0.350995
0.857621 0.381504 0.344879
0.589603 0.728131 -0.349564
0.574563 0.739378 -0.350995
0.589603 0.728131 -0.349564
-0.548809 0.232423 -0.802987
-0.548809 0.232423 -0.802987
-0.534958 0.280634 -0.796909
0.574563 0.739378 -0.350995
-0.548809 0.232423 -0.802987
-0.808676 -0.588094 -0.013739
-0.534958 0.280634 -0.796909
-0.808676 -0.588094 -0.013739
-0.548809 0.232423 -0.802987
-0.798761 -0.601644 0.002288
0.043472 -0.578486 0.814533
-0.798761 -0.601644 0.002288
-0.798438 -0.602069 -0.003050
-0.798761 -0.601644 0.002288
0.043472 -0.578486 0.814533
0.068277 -0.579016 0.812453
0.068277 -0.579016 0.812453
0.043472 -0.578486 0.814533
0.851685 0.357761 0.382934
0.851685 0.357761 0.382934
0.857621 0.381504 0.344879
0.068277 -0.579016 0.812453
0.851685 0.357761 0.382934
0.589603 0.728131 -0.349564
0.857621 0.381504 0.344879
0.589603 0.728131 -0.349564
0.851685 0.357761 0.382934
0.572260 0.723909 -0.385322
0.589603 0.728131 -0.349564
0.572260 0.723909 -0.385322
-0.543512 0.202148 -0.814696
-0.543512 0.202148 -0.814696
-0.548809 0.232423 -0.802987
0.589603 0.728131 -0.349564
-0.798438 -0.602069 -0.003050
-0.798761 -0.601644 0.002288
-0.543512 0.202148 -0.814696
-0.543512 0.202148 -0.814696
-0.798761 -0.601644 0.002288
-0.548809 0.232423 -0.802987
0.083931 -0.628913 0.772932
-0.798990 -0.601339 -0.002287
-0.794273 -0.607531 0.006104
-0.798990 -0.601339 -0.002287
0.083931 -0.628913 0.772932
0.070175 -0.611740 0.787940
0.070175 -0.611740 0.787940
0.083931 -0.628913 0.772932
0.869609 0.329536 0.367677
0.869609 0.329536 0.367677
0.861987 0.333924 0.381410
0.070175 -0.611740 0.787940
0.869609 0.329536 0.367677
0.563149 0.738847 -0.370091
0.861987 0.333924 0.381410
0.563149 0.738847 -0.370091
0.869609 0.329536 0.367677
0.553038 0.746887 -0.369200
0.563149 0.738847 -0.370091
0.553038 0.746887 -0.369200
-0.583744 0.246088 -0.773747
-0.583744 0.246088 -0.773747
-0.567525 0.228459 -0.791026
0.563149 0.738847 -0.370091
-0.794273 -0.607531 0.006104
-0.567525 0.228459 -0.791026
-0.583744 0.246088 -0.773747
-0.567525 0.228459 -0.791026
-0.794273 -0.607531 0.006104
-0.798990 -0.601339 -0.002287
-0.783418 -0.621128 0.021359
-0.036630 -0.823422 -0.566246
0.018308 -0.524345 0.851309
0.018308 -0.524345 0.851309
0.039688 -0.563650 0.825060
-0.783418 -0.621128 0.021359
0.882309 -0.466701 -0.061007
0.849976 0.344420 0.398641
0.018308 -0.524345 0.851309
0.018308 -0.524345 0.851309
0.849976 0.344420 0.398641
0.039688 -0.563650 0.825060
0.849976 0.344420 0.398641
0.882309 -0.466701 -0.061007
0.633899 0.601098 -0.486676
0.633899 0.601098 -0.486676
0.577680 0.709884 -0.402926
0.849976 0.344420 0.398641
0.577680 0.709884 -0.402926
0.633899 0.601098 -0.486676
-0.422140 0.027529 -0.906113
-0.422140 0.027529 -0.906113
-0.538783 0.174374 -0.824201
0.577680 0.709884 -0.402926
-0.036630 -0.823422 -0.566246
-0.783418 -0.621128 0.021359
-0.422140 0.027529 -0.906113
-0.422140 0.027529 -0.906113
-0.783418 -0.621128 0.021359
-0.538783 0.174374 -0.824201
0.039688 -0.563650 0.825060
-0.794273 -0.607531 0.006104
-0.783418 -0.621128 0.021359
-0.794273 -0.607531 0.006104
0.039688 -0.563650 0.825060
0.083931 -0.628913 0.772932
0.849976 0.344420 0.398641
0.869609 0.329536 0.367677
0.083931 -0.628913 0.772932
0.849976 0.344420 0.398641
0.083931 -0.628913 0.772932
0.039688 -0.563650 0.825060
0.553038 0.746887 -0.369200
0.849976 0.344420 0.398641
0.577680 0.709884 -0.402926
0.849976 0.344420 0.398641
0.553038 0.746887 -0.369200
0.869609 0.329536 0.367677
-0.538783 0.174374 -0.824201
-0.583744 0.246088 -0.773747
0.553038 0.746887 -0.369200
-0.538783 0.174374 -0.824201
0.553038 0.746887 -0.369200
0.577680 0.709884 -0.402926
-0.783418 -0.621128 0.021359
-0.583744 0.246088 -0.773747
-0.538783 0.174374 -0.824201
-0.583744 0.246088 -0.773747
-0.783418 -0.621128 0.021359
-0.794273 -0.607531 0.006104
0.070175 -0.611740 0.787940
-0.798438 -0.602069 -0.003050
-0.798990 -0.601339 -0.002287
-0.798438 -0.602069 -0.003050
0.070175 -0.611740 0.787940
0.043472 -0.578486 0.814533
0.861987 0.333924 0.381410
0.851685 0.357761 0.382934
0.043472 -0.578486 0.814533
0.861987 0.333924 0.381410
0.043472 -0.578486 0.814533
0.070175 -0.611740 0.787940
0.572260 0.723909 -0.385322
0.861987 0.333924 0.381410
0.563149 0.738847 -0.370091
0.861987 0.333924 0.381410
0.572260 0.723909 -0.385322
0.851685 0.357761 0.382934
-0.567525 0.228459 -0.791026
-0.543512 0.202148 -0.814696
0.572260 0.723909 -0.385322
0.572260 0.723909 -0.385322
0.563149 0.738847 -0.370091
-0.567525 0.228459 -0.791026
-0.798990 -0.601339 -0.002287
-0.798438 -0.602069 -0.003050
-0.567525 0.228459 -0.791026
-0.567525 0.228459 -0.791026
-0.798438 -0.602069 -0.003050
-0.543512 0.202148 -0.814696
-0.807605 -0.589707 -0.004577
-0.797653 -0.603104 0.003815
0.191107 -0.738871 0.646179
-0.807605 -0.589707 -0.004577
0.191107 -0.738871 0.646179
0.212829 -0.750621 0.625517
0.212829 -0.750621 0.625517
0.191107 -0.738871 0.646179
0.909296 0.314668 0.272331
0.909296 0.314668 0.272331
0.903693 0.366589 0.221250
0.212829 -0.750621 0.625517
0.909296 0.314668 0.272331
0.526215 0.807625 -0.266158
0.903693 0.366589 0.221250
0.526215 0.807625 -0.266158
0.909296 0.314668 0.272331
0.537055 0.796995 -0.276353
0.526215 0.807625 -0.266158
-0.668884 0.390341 -0.632635
-0.659172 0.437159 -0.611870
-0.668884 0.390341 -0.632635
0.526215 0.807625 -0.266158
0.537055 0.796995 -0.276353
-0.668884 0.390341 -0.632635
-0.807605 -0.589707 -0.004577
-0.659172 0.437159 -0.611870
-0.807605 -0.589707 -0.004577
-0.668884 0.390341 -0.632635
-0.797653 -0.603104 0.003815
0.164077 -0.736437 0.656307
-0.797653 -0.603104 0.003815
-0.798624 -0.601828 -0.001526
-0.797653 -0.603104 0.003815
0.164077 -0.736437 0.656307
0.191107 -0.738871 0.646179
0.191107 -0.738871 0.646179
0.164077 -0.736437 0.656307
0.908237 0.283037 0.308213
0.908237 0.283037 0.308213
0.909296 0.314668 0.272331
0.191107 -0.738871 0.646179
0.908237 0.283037 0.308213
0.537055 0.796995 -0.276353
0.909296 0.314668 0.272331
0.537055 0.796995 -0.276353
0.908237 0.283037 0.308213
0.515585 0.798928 -0.309656
-0.664021 0.359487 -0.655625
-0.668884 0.390341 -0.632635
0.537055 0.796995 -0.276353
-0.664021 0.359487 -0.655625
0.537055 0.796995 -0.276353
0.515585 0.798928 -0.309656
-0.798624 -0.601828 -0.001526
-0.797653 -0.603104 0.003815
-0.664021 0.359487 -0.655625
-0.668884 0.390341 -0.632635
-0.664021 0.359487 -0.655625
-0.797653 -0.603104 0.003815
0.172322 -0.748383 0.640491
-0.795583 -0.605841 0.002288
-0.783691 -0.620963 0.015262
-0.795583 -0.605841 0.002288
0.172322 -0.748383 0.640491
0.185033 -0.758447 0.624917
0.185033 -0.758447 0.624917
0.172322 -0.748383 0.640491
0.913855 0.258023 0.313518
0.913855 0.258023 0.313518
0.916440 0.260586 0.303699
0.185033 -0.758447 0.624917
0.913855 0.258023 0.313518
0.511163 0.807179 -0.295254
0.916440 0.260586 0.303699
0.511163 0.807179 -0.295254
0.913855 0.258023 0.313518
0.512043 0.799353 -0.314399
0.511163 0.807179 -0.295254
-0.670731 0.351390 -0.653181
-0.681569 0.373395 -0.629317
-0.670731 0.351390 -0.653181
0.511163 0.807179 -0.295254
0.512043 0.799353 -0.314399
-0.783691 -0.620963 0.015262
-0.681569 0.373395 -0.629317
-0.670731 0.351390 -0.653181
-0.681569 0.373395 -0.629317
-0.783691 -0.620963 0.015262
-0.795583 -0.605841 0.002288
-0.783691 -0.620963 0.015262
-0.135846 -0.666067 -0.733417
0.159594 -0.718171 0.677318
-0.783691 -0.620963 0.015262
0.159594 -0.718171 0.677318
0.172322 -0.748383 0.640491
0.159594 -0.718171 0.677318
0.913855 0.258023 0.313518
0.172322 -0.748383 0.640491
0.857333 -0.407119 -0.315016
0.913855 0.258023 0.313518
0.159594 -0.718171 0.677318
0.913855 0.258023 0.313518
0.857333 -0.407119 -0.315016
0.550669 0.718081 -0.425586
0.913855 0.258023 0.313518
0.550669 0.718081 -0.425586
0.512043 0.799353 -0.314399
-0.580905 0.237305 -0.778611
-0.670731 0.351390 -0.653181
0.512043 0.799353 -0.314399
-0.580905 0.237305 -0.778611
0.512043 0.799353 -0.314399
0.550669 0.718081 -0.425586
-0.135846 -0.666067 -0.733417
-0.783691 -0.620963 0.015262
-0.580905 0.237305 -0.778611
-0.580905 0.237305 -0.778611
-0.783691 -0.620963 0.015262
-0.670731 0.351390 -0.653181
0.185033 -0.758447 0.624917
-0.798624 -0.601828 -0.001526
-0.795583 -0.605841 0.002288
-0.798624 -0.601828 -0.001526
0.185033 -0.758447 0.624917
0.164077 -0.736437 0.656307
0.916440 0.260586 0.303699
0.908237 0.283037 0.308213
0.164077 -0.736437 0.656307
0.916440 0.260586 0.303699
0.164077 -0.736437 0.656307
0.185033 -0.758447 0.624917
0.515585 0.798928 -0.309656
0.916440 0.260586 0.303699
0.511163 0.807179 -0.295254
0.916440 0.260586 0.303699
0.515585 0.798928 -0.309656
0.908237 0.283037 0.308213
-0.681569 0.373395 -0.629317
-0.664021 0.359487 -0.655625
0.515585 0.798928 -0.309656
-0.681569 0.373395 -0.629317
0.515585 0.798928 -0.309656
0.511163 0.807179 -0.295254
-0.795583 -0.605841 0.002288
-0.798624 -0.601828 -0.001526
-0.681569 0.373395 -0.629317
-0.664021 0.359487 -0.655625
-0.681569 0.373395 -0.629317
-0.798624 -0.601828 -0.001526
-0.813025 -0.582204 -0.005341
-0.798481 -0.602008 0.003815
0.262924 -0.836472 0.480818
-0.813025 -0.582204 -0.005341
0.262924 -0.836472 0.480818
0.270694 -0.840295 0.469711
0.270694 -0.840295 0.469711
0.940472 0.270886 0.205263
0.924828 0.342854 0.164753
0.940472 0.270886 0.205263
0.270694 -0.840295 0.469711
0.262924 -0.836472 0.480818
0.924828 0.342854 0.164753
0.506376 0.838113 -0.202855
0.489240 0.848563 -0.201457
0.506376 0.838113 -0.202855
0.924828 0.342854 0.164753
0.940472 0.270886 0.205263
0.489240 0.848563 -0.201457
-0.740005 0.483923 -0.467131
-0.718615 0.527347 -0.453320
-0.740005 0.483923 -0.467131
0.489240 0.848563 -0.201457
0.506376 0.838113 -0.202855
-0.740005 0.483923 -0.467131
-0.813025 -0.582204 -0.005341
-0.718615 0.527347 -0.453320
-0.813025 -0.582204 -0.005341
-0.740005 0.483923 -0.467131
-0.798481 -0.602008 0.003815
0.241534 -0.832206 0.499094
-0.798481 -0.602008 0.003815
-0.793680 -0.608323 0.003814
-0.798481 -0.602008 0.003815
0.241534 -0.832206 0.499094
0.262924 -0.836472 0.480818
0.262924 -0.836472 0.480818
0.943148 0.235024 0.235024
0.940472 0.270886 0.205263
0.943148 0.235024 0.235024
0.262924 -0.836472 0.480818
0.241534 -0.832206 0.499094
0.506376 0.838113 -0.202855
0.943148 0.235024 0.235024
0.481502 0.844345 -0.235028
0.943148 0.235024 0.235024
0.506376 0.838113 -0.202855
0.940472 0.270886 0.205263
0.506376 0.838113 -0.202855
-0.740044 0.454326 -0.495906
-0.740005 0.483923 -0.467131
-0.740044 0.454326 -0.495906
0.506376 0.838113 -0.202855
0.481502 0.844345 -0.235028
-0.793680 -0.608323 0.003814
-0.798481 -0.602008 0.003815
-0.740044 0.454326 -0.495906
-0.740005 0.483923 -0.467131
-0.740044 0.454326 -0.495906
-0.798481 -0.602008 0.003815
0.188874 -0.759313 0.622713
-0.791352 -0.611343 0.004576
-0.786649 -0.617264 0.012971
-0.791352 -0.611343 0.004576
0.188874 -0.759313 0.622713
0.222645 -0.809755 0.542887
0.918542 0.264458 0.293842
0.936266 0.240264 0.256281
0.222645 -0.809755 0.542887
0.918542 0.264458 0.293842
0.222645 -0.809755 0.542887
0.188874 -0.759313 0.622713
0.482913 0.836133 -0.260147
0.918542 0.264458 0.293842
0.499840 0.813099 -0.298378
0.918542 0.264458 0.293842
0.482913 0.836133 -0.260147
0.936266 0.240264 0.256281
0.482913 0.836133 -0.260147
-0.690425 0.381069 -0.614898
-0.725702 0.432674 -0.534929
-0.690425 0.381069 -0.614898
0.482913 0.836133 -0.260147
0.499840 0.813099 -0.298378
-0.786649 -0.617264 0.012971
-0.791352 -0.611343 0.004576
-0.690425 0.381069 -0.614898
-0.725702 0.432674 -0.534929
-0.690425 0.381069 -0.614898
-0.791352 -0.611343 0.004576
-0.780540 -0.624814 0.019084
0.002287 -0.811756 -0.583992
0.073990 -0.608316 0.790239
0.073990 -0.608316 0.790239
0.108674 -0.664054 0.739745
-0.780540 -0.624814 0.019084
0.903967 -0.423758 -0.057213
0.885095 0.303167 0.353123
0.073990 -0.608316 0.790239
0.073990 -0.608316 0.790239
0.885095 0.303167 0.353123
0.108674 -0.664054 0.739745
0.885095 0.303167 0.353123
0.903967 -0.423758 -0.057213
0.623532 0.606741 -0.493025
0.623532 0.606741 -0.493025
0.538388 0.758552 -0.367066
0.885095 0.303167 0.353123
0.538388 0.758552 -0.367066
0.623532 0.606741 -0.493025
-0.419106 0.056873 -0.906154
-0.419106 0.056873 -0.906154
-0.609675 0.269781 -0.745328
0.538388 0.758552 -0.367066
0.002287 -0.811756 -0.583992
-0.780540 -0.624814 0.019084
-0.419106 0.056873 -0.906154
-0.419106 0.056873 -0.906154
-0.780540 -0.624814 0.019084
-0.609675 0.269781 -0.745328
0.108674 -0.664054 0.739745
-0.786649 -0.617264 0.012971
-0.780540 -0.624814 0.019084
-0.786649 -0.617264 0.012971
0.108674 -0.664054 0.739745
0.188874 -0.759313 0.622713
0.885095 0.303167 0.353123
0.918542 0.264458 0.293842
0.188874 -0.759313 0.622713
0.885095 0.303167 0.353123
0.188874 -0.759313 0.622713
0.108674 -0.664054 0.739745
0.499840 0.813099 -0.298378
0.885095 0.303167 0.353123
0.538388 0.758552 -0.367066
0.885095 0.303167 0.353123
0.499840 0.813099 -0.298378
0.918542 0.264458 0.293842
-0.609675 0.269781 -0.745328
-0.690425 0.381069 -0.614898
0.499840 0.813099 -0.298378
-0.609675 0.269781 -0.745328
0.499840 0.813099 -0.298378
0.538388 0.758552 -0.367066
-0.780540 -0.624814 0.019084
-0.690425 0.381069 -0.614898
-0.609675 0.269781 -0.745328
-0.690425 0.381069 -0.614898
-0.780540 -0.624814 0.019084
-0.786649 -0.617264 0.012971
0.222645 -0.809755 0.542887
-0.793680 -0.608323 0.003814
-0.791352 -0.611343 0.004576
-0.793680 -0.608323 0.003814
0.222645 -0.809755 0.542887
0.241534 -0.832206 0.499094
0.936266 0.240264 0.256281
0.943148 0.235024 0.235024
0.241534 -0.832206 0.499094
0.241534 -0.832206 0.499094
0.222645 -0.809755 0.542887
0.936266 0.240264 0.256281
0.481502 0.844345 -0.235028
0.936266 0.240264 0.256281
0.482913 0.836133 -0.260147
0.936266 0.240264 0.256281
0.481502 0.844345 -0.235028
0.943148 0.235024 0.235024
-0.725702 0.432674 -0.534929
-0.740044 0.454326 -0.495906
0.481502 0.844345 -0.235028
0.481502 0.844345 -0.235028
0.482913 0.836133 -0.260147
-0.725702 0.432674 -0.534929
-0.791352 -0.611343 0.004576
-0.793680 -0.608323 0.003814
-0.725702 0.432674 -0.534929
-0.740044 0.454326 -0.495906
-0.725702 0.432674 -0.534929
-0.793680 -0.608323 0.003814
0.340824 -0.940125 -0.002287
-0.798340 -0.602190 0.004579
0.343318 -0.939167 -0.009918
-0.798340 -0.602190 0.004579
0.340824 -0.940125 -0.002287
-0.817303 -0.576157 0.007631
0.974688 0.223549 -0.003052
0.340824 -0.940125 -0.002287
0.343318 -0.939167 -0.009918
0.340824 -0.940125 -0.002287
0.974688 0.223549 -0.003052
0.952058 0.305910 0.002289
0.466003 0.884719 0.010678
0.952058 0.305910 0.002289
0.974688 0.223549 -0.003052
0.952058 0.305910 0.002289
0.466003 0.884719 0.010678
0.435530 0.900069 0.013742
-0.819926 0.572042 0.022119
0.435530 0.900069 0.013742
0.466003 0.884719 0.010678
0.435530 0.900069 0.013742
-0.819926 0.572042 0.022119
-0.802787 0.595702 0.025933
-0.817303 -0.576157 0.007631
-0.819926 0.572042 0.022119
-0.798340 -0.602190 0.004579
-0.819926 0.572042 0.022119
-0.817303 -0.576157 0.007631
-0.802787 0.595702 0.025933
-0.798340 -0.602190 0.004579
-0.789208 -0.614125 0.001526
0.343318 -0.939167 -0.009918
0.343318 -0.939167 -0.009918
-0.789208 -0.614125 0.001526
0.327976 -0.944265 0.028221
0.982266 0.186989 0.013738
0.343318 -0.939167 -0.009918
0.327976 -0.944265 0.028221
0.343318 -0.939167 -0.009918
0.982266 0.186989 0.013738
0.974688 0.223549 -0.003052
0.438924 0.898441 -0.012203
0.974688 0.223549 -0.003052
0.982266 0.186989 0.013738
0.974688 0.223549 -0.003052
0.438924 0.898441 -0.012203
0.466003 0.884719 0.010678
-0.825303 0.564059 -0.026696
0.466003 0.884719 0.010678
0.438924 0.898441 -0.012203
0.466003 0.884719 0.010678
-0.825303 0.564059 -0.026696
-0.819926 0.572042 0.022119
-0.819926 0.572042 0.022119
-0.825303 0.564059 -0.026696
-0.798340 -0.602190 0.004579
-0.798340 -0.602190 0.004579
-0.825303 0.564059 -0.026696
-0.789208 -0.614125 0.001526
0.289987 -0.887895 0.357142
-0.785866 -0.618393 0.002289
-0.779752 -0.626089 0.000000
-0.785866 -0.618393 0.002289
0.289987 -0.887895 0.357142
0.316169 -0.930862 0.183120
0.316169 -0.930862 0.183120
0.964992 0.204060 0.164773
0.976234 0.199823 0.083895
0.964992 0.204060 0.164773
0.316169 -0.930862 0.183120
0.289987 -0.887895 0.357142
0.432384 0.896797 -0.093798
0.964992 0.204060 0.164773
0.460085 0.867143 -0.190749
0.964992 0.204060 0.164773
0.432384 0.896797 -0.093798
0.976234 0.199823 0.083895
0.432384 0.896797 -0.093798
-0.778379 0.492452 -0.389380
-0.812878 0.551078 -0.188527
-0.778379 0.492452 -0.389380
0.432384 0.896797 -0.093798
0.460085 0.867143 -0.190749
-0.779752 -0.626089 0.000000
-0.812878 0.551078 -0.188527
-0.778379 0.492452 -0.389380
-0.812878 0.551078 -0.188527
-0.779752 -0.626089 0.000000
-0.785866 -0.618393 0.002289
-0.779752 -0.626089 0.000000
-0.287325 -0.473533 -0.832593
0.285535 -0.871471 0.398757
-0.779752 -0.626089 0.000000
0.285535 -0.871471 0.398757
0.289987 -0.887895 0.357142
0.285535 -0.871471 0.398757
0.964992 0.204060 0.164773
0.289987 -0.887895 0.357142
0.777636 -0.308307 -0.547932
0.964992 0.204060 0.164773
0.285535 -0.871471 0.398757
0.473750 0.793398 -0.382204
0.460085 0.867143 -0.190749
0.964992 0.204060 0.164773
0.964992 0.204060 0.164773
0.777636 -0.308307 -0.547932
0.473750 0.793398 -0.382204
-0.674147 0.398901 -0.621614
-0.778379 0.492452 -0.389380
0.460085 0.867143 -0.190749
0.460085 0.867143 -0.190749
0.473750 0.793398 -0.382204
-0.674147 0.398901 -0.621614
-0.287325 -0.473533 -0.832593
-0.779752 -0.626089 0.000000
-0.674147 0.398901 -0.621614
-0.778379 0.492452 -0.389380
-0.674147 0.398901 -0.621614
-0.779752 -0.626089 0.000000
-0.789208 -0.614125 0.001526
0.316169 -0.930862 0.183120
0.327976 -0.944265 0.028221
0.316169 -0.930862 0.183120
-0.789208 -0.614125 0.001526
-0.785866 -0.618393 0.002289
0.982266 0.186989 0.013738
0.316169 -0.930862 0.183120
0.976234 0.199823 0.083895
0.316169 -0.930862 0.183120
0.982266 0.186989 0.013738
0.327976 -0.944265 0.028221
0.438924 0.898441 -0.012203
0.976234 0.199823 0.083895
0.432384 0.896797 -0.093798
0.976234 0.199823 0.083895
0.438924 0.898441 -0.012203
0.982266 0.186989 0.013738
-0.825303 0.564059 -0.026696
0.432384 0.896797 -0.093798
-0.812878 0.551078 -0.188527
0.432384 0.896797 -0.093798
-0.825303 0.564059 -0.026696
0.438924 0.898441 -0.012203
-0.785866 -0.618393 0.002289
-0.825303 0.564059 -0.026696
-0.812878 0.551078 -0.188527
-0.825303 0.564059 -0.026696
-0.785866 -0.618393 0.002289
-0.789208 -0.614125 0.001526
0.348433 -0.923690 -0.159349
-0.793408 -0.608678 0.003814
0.339177 -0.932570 -0.123580
-0.793408 -0.608678 0.003814
0.348433 -0.923690 -0.159349
-0.803329 -0.595440 0.010681
0.970640 0.235041 -0.051129
0.348433 -0.923690 -0.159349
0.339177 -0.932570 -0.123580
0.348433 -0.923690 -0.159349
0.970640 0.235041 -0.051129
0.952534 0.299716 -0.053385
0.479065 0.875656 0.061021
0.952534 0.299716 -0.053385
0.970640 0.235041 -0.051129
0.952534 0.299716 -0.053385
0.479065 0.875656 0.061021
0.483018 0.871872 0.080821
-0.806636 0.574506 0.138858
0.483018 0.871872 0.080821
0.479065 0.875656 0.061021
0.483018 0.871872 0.080821
-0.806636 0.574506 0.138858
-0.781641 0.595064 0.186911
-0.803329 -0.595440 0.010681
-0.806636 0.574506 0.138858
-0.793408 -0.608678 0.003814
-0.806636 0.574506 0.138858
-0.803329 -0.595440 0.010681
-0.781641 0.595064 0.186911
-0.793408 -0.608678 0.003814
-0.791545 -0.611111 -0.000763
0.339177 -0.932570 -0.123580
0.339177 -0.932570 -0.123580
-0.791545 -0.611111 -0.000763
0.326039 -0.943626 -0.057166
0.981273 0.190761 -0.026707
0.339177 -0.932570 -0.123580
0.326039 -0.943626 -0.057166
0.339177 -0.932570 -0.123580
0.981273 0.190761 -0.026707
0.970640 0.235041 -0.051129
0.442318 0.896461 0.026703
0.970640 0.235041 -0.051129
0.981273 0.190761 -0.026707
0.970640 0.235041 -0.051129
0.442318 0.896461 0.026703
0.479065 0.875656 0.061021
-0.822380 0.566054 0.057216
0.479065 0.875656 0.061021
0.442318 0.896461 0.026703
0.479065 0.875656 0.061021
-0.822380 0.566054 0.057216
-0.806636 0.574506 0.138858
-0.806636 0.574506 0.138858
-0.822380 0.566054 0.057216
-0.793408 -0.608678 0.003814
-0.793408 -0.608678 0.003814
-0.822380 0.566054 0.057216
-0.791545 -0.611111 -0.000763
-0.789703 -0.613451 -0.006867
-0.501219 -0.195300 -0.842993
0.343852 -0.938185 0.039695
-0.789703 -0.613451 -0.006867
0.343852 -0.938185 0.039695
0.331428 -0.943203 0.022893
0.343852 -0.938185 0.039695
0.982921 0.183925 0.006105
0.331428 -0.943203 0.022893
0.607878 -0.080898 -0.789898
0.982921 0.183925 0.006105
0.343852 -0.938185 0.039695
0.982921 0.183925 0.006105
0.397993 0.894101 -0.205391
0.436514 0.899345 -0.025173
0.982921 0.183925 0.006105
0.607878 -0.080898 -0.789898
0.397993 0.894101 -0.205391
0.436514 0.899345 -0.025173
-0.788666 0.550826 -0.273124
-0.825807 0.562333 -0.042728
-0.788666 0.550826 -0.273124
0.436514 0.899345 -0.025173
0.397993 0.894101 -0.205391
-0.501219 -0.195300 -0.842993
-0.789703 -0.613451 -0.006867
-0.788666 0.550826 -0.273124
-0.825807 0.562333 -0.042728
-0.788666 0.550826 -0.273124
-0.789703 -0.613451 -0.006867
-0.791545 -0.611111 -0.000763
-0.789703 -0.613451 -0.006867
0.326039 -0.943626 -0.057166
0.326039 -0.943626 -0.057166
-0.789703 -0.613451 -0.006867
0.331428 -0.943203 0.022893
0.982921 0.183925 0.006105
0.981273 0.190761 -0.026707
0.326039 -0.943626 -0.057166
0.326039 -0.943626 -0.057166
0.331428 -0.943203 0.022893
0.982921 0.183925 0.006105
0.436514 0.899345 -0.025173
0.442318 0.896461 0.026703
0.981273 0.190761 -0.026707
0.981273 0.190761 -0.026707
0.982921 0.183925 0.006105
0.436514 0.899345 -0.025173
-0.825807 0.562333 -0.042728
-0.822380 0.566054 0.057216
0.442318 0.896461 0.026703
0.442318 0.896461 0.026703
0.436514 0.899345 -0.025173
-0.825807 0.562333 -0.042728
-0.822380 0.566054 0.057216
-0.825807 0.562333 -0.042728
-0.791545 -0.611111 -0.000763
-0.791545 -0.611111 -0.000763
-0.825807 0.562333 -0.042728
-0.789703 -0.613451 -0.006867
-0.036630 -0.823422 -0.566246
0.633899 0.601098 -0.486676
0.882309 -0.466701 -0.061007
0.633899 0.601098 -0.486676
-0.036630 -0.823422 -0.566246
-0.422140 0.027529 -0.906113
-0.135846 -0.666067 -0.733417
0.550669 0.718081 -0.425586
0.857333 -0.407119 -0.315016
0.550669 0.718081 -0.425586
-0.135846 -0.666067 -0.733417
-0.580905 0.237305 -0.778611
0.002287 -0.811756 -0.583992
0.623532 0.606741 -0.493025
0.903967 -0.423758 -0.057213
0.623532 0.606741 -0.493025
0.002287 -0.811756 -0.583992
-0.419106 0.056873 -0.906154
0.521297 0.732335 -0.438103
0.822178 -0.401360 -0.403649
-0.208918 -0.610538 -0.763935
0.521297 0.732335 -0.438103
-0.208918 -0.610538 -0.763935
-0.606291 0.285986 -0.742039
-0.287325 -0.473533 -0.832593
0.473750 0.793398 -0.382204
0.777636 -0.308307 -0.547932
0.473750 0.793398 -0.382204
-0.287325 -0.473533 -0.832593
-0.674147 0.398901 -0.621614
0.397993 0.894101 -0.205391
-0.501219 -0.195300 -0.842993
-0.788666 0.550826 -0.273124
-0.501219 -0.195300 -0.842993
0.397993 0.894101 -0.205391
0.607878 -0.080898 -0.789898
0.341487 0.927569 0.151666
0.027815 0.163222 0.986197
0.506335 0.294086 0.810641
0.027815 0.163222 0.986197
0.341487 0.927569 0.151666
-0.029910 0.970864 0.237755
0.691703 0.721446 0.032602
0.746053 -0.613319 0.259316
0.689297 0.724372 0.012486
0.537015 -0.430223 0.725619
0.746053 -0.613319 0.259316
0.691703 0.721446 0.032602
0.929693 -0.303145 -0.209223
-0.115310 -0.974968 -0.190107
-0.109649 -0.888652 -0.445281
-0.115310 -0.974968 -0.190107
0.929693 -0.303145 -0.209223
0.951250 -0.268813 -0.151207
0.890462 -0.241934 -0.385415
-0.109649 -0.888652 -0.445281
-0.133060 -0.424493 -0.895601
-0.109649 -0.888652 -0.445281
0.890462 -0.241934 -0.385415
0.929693 -0.303145 -0.209223
0.890462 -0.241934 -0.385415
-0.097764 0.294151 -0.950746
0.882117 0.048833 -0.468491
-0.097764 0.294151 -0.950746
0.890462 -0.241934 -0.385415
-0.133060 -0.424493 -0.895601
0.976695 -0.210014 -0.044294
0.000114 -0.589695 0.807626
-0.082414 -0.937696 0.337540
0.976695 -0.210014 -0.044294
0.977359 -0.194104 0.084226
0.000114 -0.589695 0.807626
-0.082414 -0.937696 0.337540
0.951250 -0.268813 -0.151207
0.976695 -0.210014 -0.044294
0.951250 -0.268813 -0.151207
-0.082414 -0.937696 0.337540
-0.115310 -0.974968 -0.190107
-0.054155 0.747490 -0.662062
-0.758670 0.385986 -0.524819
-0.023279 0.922601 0.385053
-0.758670 0.385986 -0.524819
-0.646539 0.659816 0.382922
-0.023279 0.922601 0.385053
-0.758670 0.385986 -0.524819
-0.049703 0.416507 -0.907773
-0.713137 0.276976 -0.643988
-0.049703 0.416507 -0.907773
-0.758670 0.385986 -0.524819
-0.054155 0.747490 -0.662062
-0.713137 0.276976 -0.643988
-0.052520 0.528684 -0.847192
-0.768200 0.321159 -0.553828
-0.052520 0.528684 -0.847192
-0.713137 0.276976 -0.643988
-0.049703 0.416507 -0.907773
0.713660 0.225627 0.663161
0.053733 -0.638020 0.768143
-0.088340 -0.803968 0.588074
-0.088340 -0.803968 0.588074
0.053733 -0.638020 0.768143
0.051049 -0.923890 0.379237
-0.088340 -0.803968 0.588074
0.051049 -0.923890 0.379237
-0.138415 -0.865256 0.481843
-0.138415 -0.865256 0.481843
0.051049 -0.923890 0.379237
0.052136 -0.898636 0.435587
0.033149 0.069445 0.997035
-0.646539 0.659816 0.382922
-0.691902 0.182371 0.698579
-0.646539 0.659816 0.382922
0.033149 0.069445 0.997035
-0.023279 0.922601 0.385053
-0.029910 0.970864 0.237755
0.341487 0.927569 0.151666
-0.052970 0.860508 -0.506676
0.341487 0.927569 0.151666
0.393015 0.856245 -0.335235
-0.052970 0.860508 -0.506676
0.003260 0.557643 0.830075
0.004154 0.609272 0.792950
-0.057638 0.440128 0.896083
-0.057638 0.440128 0.896083
0.004154 0.609272 0.792950
0.004560 0.632549 0.774507
-0.070932 0.394981 -0.915947
-0.025953 0.721480 -0.691949
-0.895714 0.407961 -0.176818
-0.934942 -0.353226 0.033377
-0.943457 0.009157 0.331369
-0.978301 -0.186888 0.089439
-0.529005 -0.016016 -0.848467
-0.536246 -0.105303 -0.837467
-0.624932 -0.121287 -0.771200
-0.529284 0.778875 0.336471
-0.798041 0.152607 0.582960
-0.758926 0.292892 0.581589
-0.950215 0.088507 0.298760
-0.942778 0.185389 0.277130
-0.943457 0.009157 0.331369
-0.601622 0.793516 0.091560
-0.924843 0.372149 0.078548
-0.804054 0.151010 0.575060
-0.873915 0.263967 0.408158
-0.987093 0.125127 0.099949
-0.978301 -0.186888 0.089439
0.004560 0.632549 0.774507
0.002622 0.630860 0.775893
0.232562 0.648258 0.725036
-0.981991 0.052658 0.181440
-0.774215 0.044252 0.631374
-0.948649 0.057216 0.311114
0.232562 0.648258 0.725036
-0.057638 0.440128 0.896083
0.004560 0.632549 0.774507
0.081062 0.018311 0.996541
0.500276 0.307451 0.809443
0.077982 0.446157 0.891551
0.081062 0.018311 0.996541
0.077982 0.446157 0.891551
-0.261403 0.417939 0.870055
0.081062 0.018311 0.996541
-0.261403 0.417939 0.870055
-0.415511 0.383842 0.824631
0.081062 0.018311 0.996541
-0.415511 0.383842 0.824631
-0.518585 0.344071 0.782742
0.081062 0.018311 0.996541
-0.518585 0.344071 0.782742
-0.584340 0.302850 0.752881
0.081062 0.018311 0.996541
-0.584340 0.302850 0.752881
-0.635680 0.260146 0.726798
0.081062 0.018311 0.996541
-0.635680 0.260146 0.726798
-0.669432 0.215195 0.711021
0.081062 0.018311 0.996541
-0.669432 0.215195 0.711021
-0.686934 0.170112 0.706529
0.081062 0.018311 0.996541
-0.686934 0.170112 0.706529
-0.688994 0.121284 0.714547
0.081062 0.018311 0.996541
-0.688994 0.121284 0.714547
-0.675320 0.069420 0.734251
0.081062 0.018311 0.996541
-0.675320 0.069420 0.734251
-0.634528 0.003816 0.772890
0.081062 0.018311 0.996541
-0.634528 0.003816 0.772890
-0.606468 -0.051874 0.793414
0.081062 0.018311 0.996541
-0.606468 -0.051874 0.793414
-0.524534 -0.128177 0.841686
0.081062 0.018311 0.996541
-0.524534 -0.128177 0.841686
-0.396560 -0.216687 0.892069
0.081062 0.018311 0.996541
-0.396560 -0.216687 0.892069
-0.100170 -0.374731 0.921706
0.081062 0.018311 0.996541
-0.100170 -0.374731 0.921706
0.343034 -0.428888 0.835693
-0.215871 0.009154 -0.976379
-0.193407 0.438693 -0.877577
0.238380 0.304364 -0.922246
-0.215871 0.009154 -0.976379
-0.507579 0.411860 -0.756792
-0.193407 0.438693 -0.877577
-0.215871 0.009154 -0.976379
-0.640742 0.379105 -0.667630
-0.507579 0.411860 -0.756792
-0.215871 0.009154 -0.976379
-0.729829 0.338106 -0.594167
-0.640742 0.379105 -0.667630
-0.215871 0.009154 -0.976379
-0.771146 0.297622 -0.562810
-0.729829 0.338106 -0.594167
-0.215871 0.009154 -0.976379
-0.821768 0.252617 -0.510767
-0.771146 0.297622 -0.562810
-0.215871 0.009154 -0.976379
-0.848954 0.209807 -0.485035
-0.821768 0.252617 -0.510767
-0.215871 0.009154 -0.976379
-0.864679 0.163248 -0.475058
-0.848954 0.209807 -0.485035
-0.215871 0.009154 -0.976379
-0.868837 0.115947 -0.481331
-0.864679 0.163248 -0.475058
-0.215871 0.009154 -0.976379
-0.862009 0.061041 -0.503204
-0.868837 0.115947 -0.481331
-0.215871 0.009154 -0.976379
-0.841538 0.005341 -0.540171
-0.862009 0.061041 -0.503204
-0.215871 0.009154 -0.976379
-0.809416 -0.057979 -0.584366
-0.841538 0.005341 -0.540171
-0.215871 0.009154 -0.976379
-0.747126 -0.135009 -0.650827
-0.809416 -0.057979 -0.584366
-0.215871 0.009154 -0.976379
-0.639185 -0.223486 -0.735864
-0.747126 -0.135009 -0.650827
-0.215871 0.009154 -0.976379
-0.360578 -0.385176 -0.849484
-0.639185 -0.223486 -0.735864
-0.215871 0.009154 -0.976379
0.085810 -0.434009 -0.896813
-0.360578 -0.385176 -0.849484
-0.772396 0.630543 -0.076291
0.346411 0.746233 -0.568450
-0.353748 0.410496 -0.840449
0.947646 -0.150685 0.281533
-0.335394 -0.141128 0.931447
0.358865 -0.598441 0.716299
-0.096858 0.994731 0.033590
0.986008 0.163285 0.033573
0.532556 0.692533 -0.486603
0.892141 0.007250 0.451699
-0.244457 0.864179 0.439812
0.146665 0.189959 0.970775
0.772801 -0.634637 0.003822
-0.159374 -0.113716 0.980647
-0.576159 -0.783993 0.231076
0.791636 -0.610886 0.011440
-0.205139 -0.252420 0.945623
-0.613635 -0.785743 0.077849
0.788182 -0.615362 0.009919
-0.262461 -0.318157 0.910983
-0.597905 -0.801147 -0.025930
0.791267 -0.611364 0.011434
-0.265538 -0.319714 0.909545
-0.614375 -0.788931 -0.011434
0.439256 0.097994 0.893001
-0.723131 -0.255537 0.641703
-0.121296 -0.989441 0.079338
0.394179 0.038884 0.918211
-0.753919 -0.295311 0.586853
-0.122809 -0.992390 0.008915
0.293011 -0.091566 0.951714
-0.809748 -0.367859 0.457153
-0.114426 -0.983302 -0.141507
0.247223 -0.150318 0.957228
-0.830109 -0.394855 0.393711
-0.107536 -0.972399 -0.207064
0.200693 -0.209850 0.956915
-0.847198 -0.417117 0.329042
-0.094608 -0.957527 -0.272380
0.106788 -0.335621 0.935925
-0.873104 -0.451816 0.183169
-0.060259 -0.912654 -0.404268
-0.020599 -0.525318 0.850656
-0.881424 -0.467851 -0.064867
0.038911 -0.819708 -0.571459
-0.172234 -0.715094 0.677478
-0.860727 -0.397141 -0.318477
0.130210 -0.663269 -0.736966
-0.083261 -0.607649 0.789829
-0.909665 -0.411260 -0.058096
-0.015666 -0.810055 -0.586144
-0.212382 -0.765950 0.606807
-0.823919 -0.397083 -0.404330
0.205731 -0.609377 -0.765725
-0.290734 -0.870296 0.397566
-0.777864 -0.305194 -0.549349
0.286494 -0.473039 -0.833160
-0.349174 -0.936217 0.039677
-0.608253 -0.079358 -0.789766
0.499310 -0.198275 -0.843432
-0.131530 -0.985668 -0.105635
-0.963435 0.029463 0.266316
0.000114 -0.589695 0.807626
0.003260 0.557643 0.830075
0.086131 0.443585 0.892084
0.004154 0.609272 0.792950
0.086131 0.443585 0.892084
0.004560 0.632549 0.774507
0.004154 0.609272 0.792950
-0.070932 0.394981 -0.915947
0.879695 0.261299 -0.397315
-0.025953 0.721480 -0.691949
0.960651 -0.275507 -0.035297
0.994187 -0.106036 0.018690
0.959794 0.079355 0.269254
0.465964 0.025172 -0.884445
0.576209 -0.074029 -0.813943
0.480880 -0.061058 -0.874658
0.488651 0.818978 0.300826
0.773523 0.352607 0.526621
0.823292 0.219722 0.523367
0.958679 0.157983 0.236593
0.959794 0.079355 0.269254
0.943044 0.253361 0.215586
0.539888 0.840293 0.049272
0.829567 0.213688 0.515904
0.895198 0.445501 0.012206
0.877507 0.333525 0.344592
0.994187 -0.106036 0.018690
0.978448 0.204503 0.028615
0.004560 0.632549 0.774507
-0.227956 0.630726 0.741769
0.002622 0.630860 0.775893
0.985211 0.125881 0.116249
0.960413 0.125918 0.248498
0.810984 0.099954 0.576466
-0.227956 0.630726 0.741769
0.004560 0.632549 0.774507
0.086131 0.443585 0.892084
-0.010013 0.016020 0.999822
-0.048619 0.435477 0.898886
-0.465042 0.276145 0.841118
-0.010013 0.016020 0.999822
0.289008 0.440139 0.850148
-0.048619 0.435477 0.898886
-0.010013 0.016020 0.999822
0.440359 0.419571 0.793753
0.289008 0.440139 0.850148
-0.010013 0.016020 0.999822
0.544398 0.386839 0.744303
0.440359 0.419571 0.793753
-0.010013 0.016020 0.999822
0.610485 0.351572 0.709722
0.544398 0.386839 0.744303
-0.010013 0.016020 0.999822
0.663540 0.312074 0.679945
0.610485 0.351572 0.709722
-0.010013 0.016020 0.999822
0.699239 0.271608 0.661282
0.663540 0.312074 0.679945
-0.010013 0.016020 0.999822
0.720376 0.226584 0.655529
0.699239 0.271608 0.661282
-0.010013 0.016020 0.999822
0.726815 0.179225 0.663037
0.720376 0.226584 0.655529
-0.010013 0.016020 0.999822
0.719157 0.125121 0.683490
0.726815 0.179225 0.663037
-0.010013 0.016020 0.999822
0.695595 0.065611 0.715431
0.719157 0.125121 0.683490
-0.010013 0.016020 0.999822
0.659490 0.000000 0.751714
0.695595 0.065611 0.715431
-0.010013 0.016020 0.999822
0.589588 -0.083164 0.803411
0.659490 0.000000 0.751714
-0.010013 0.016020 0.999822
0.473490 -0.180050 0.862200
0.589588 -0.083164 0.803411
-0.010013 0.016020 0.999822
0.187749 -0.359289 0.914145
0.473490 -0.180050 0.862200
-0.010013 0.016020 0.999822
-0.247699 -0.454179 0.855784
0.187749 -0.359289 0.914145
0.143224 0.023648 -0.989408
-0.330666 0.282311 -0.900533
0.089522 0.442365 -0.892356
0.143224 0.023648 -0.989408
0.089522 0.442365 -0.892356
0.415408 0.446864 -0.792306
0.143224 0.023648 -0.989408
0.415408 0.446864 -0.792306
0.556430 0.425472 -0.713694
0.143224 0.023648 -0.989408
0.556430 0.425472 -0.713694
0.651522 0.392134 -0.649424
0.143224 0.023648 -0.989408
0.651522 0.392134 -0.649424
0.712044 0.356213 -0.605066
0.143224 0.023648 -0.989408
0.712044 0.356213 -0.605066
0.759691 0.316697 -0.567955
0.143224 0.023648 -0.989408
0.759691 0.316697 -0.567955
0.792229 0.275492 -0.544497
0.143224 0.023648 -0.989408
0.792229 0.275492 -0.544497
0.811858 0.231878 -0.535836
0.143224 0.023648 -0.989408
0.811858 0.231878 -0.535836
0.819569 0.183822 -0.542693
0.143224 0.023648 -0.989408
0.819569 0.183822 -0.542693
0.815392 0.129700 -0.564194
0.143224 0.023648 -0.989408
0.815392 0.129700 -0.564194
0.797090 0.070954 -0.599677
0.143224 0.023648 -0.989408
0.797090 0.070954 -0.599677
0.766877 0.006103 -0.641766
0.143224 0.023648 -0.989408
0.766877 0.006103 -0.641766
0.705761 -0.076288 -0.704331
0.143224 0.023648 -0.989408
0.705761 -0.076288 -0.704331
0.599878 -0.173928 -0.780958
0.143224 0.023648 -0.989408
0.599878 -0.173928 -0.780958
0.325608 -0.352401 -0.877379
0.143224 0.023648 -0.989408
0.325608 -0.352401 -0.877379
-0.113522 -0.447982 -0.886806
0.771729 0.631267 -0.077049
0.357765 0.384948 -0.850776
-0.348011 0.745806 -0.568033
-0.948214 -0.083930 0.306343
-0.379929 -0.572135 0.726853
0.348813 -0.163654 0.922793
0.105105 0.993894 0.033588
-0.527032 0.696864 -0.486433
-0.984585 0.171655 0.033568
-0.892586 0.013351 0.450680
-0.144943 0.191477 0.970736
0.249865 0.862131 0.440793
-0.786048 -0.618154 0.003816
0.559276 -0.795424 0.233477
0.157145 -0.113663 0.981013
-0.797359 -0.603366 0.012984
0.608743 -0.788928 0.083807
0.198385 -0.247218 0.948434
-0.793677 -0.608231 0.011447
0.589317 -0.807639 -0.020611
0.254187 -0.314872 0.914464
-0.796455 -0.604575 0.012183
0.606571 -0.795028 -0.001526
0.256358 -0.314344 0.914039
-0.437508 0.102898 0.893308
0.112883 -0.990011 0.084471
0.723919 -0.257071 0.640199
-0.389974 0.043500 0.919798
0.114353 -0.993345 0.013770
0.753753 -0.297835 0.585791
-0.290072 -0.087022 0.953040
0.107564 -0.984855 -0.135980
0.809942 -0.369541 0.455449
-0.247245 -0.147279 0.957694
0.100771 -0.974124 -0.202306
0.830247 -0.394520 0.393757
-0.202869 -0.206682 0.957145
0.088552 -0.959569 -0.267183
0.846278 -0.419327 0.328600
-0.103776 -0.333457 0.937036
0.053420 -0.915007 -0.399886
0.872803 -0.452423 0.183106
0.018308 -0.524345 0.851309
-0.036630 -0.823422 -0.566246
0.882309 -0.466701 -0.061007
0.159594 -0.718171 0.677318
-0.135846 -0.666067 -0.733417
0.857333 -0.407119 -0.315016
0.073990 -0.608316 0.790239
0.002287 -0.811756 -0.583992
0.903967 -0.423758 -0.057213
0.209756 -0.765799 0.607910
-0.208918 -0.610538 -0.763935
0.822178 -0.401360 -0.403649
0.285535 -0.871471 0.398757
-0.287325 -0.473533 -0.832593
0.777636 -0.308307 -0.547932
0.343852 -0.938185 0.039695
-0.501219 -0.195300 -0.842993
0.607878 -0.080898 -0.789898
-0.131530 -0.985668 -0.105635
0.000114 -0.589695 0.807626
0.977359 -0.194104 0.084226
</float_array>
          <technique_common>
            <accessor source="#Lionfish-Normal0-array" count="16764" stride="3">
              <param name="X" type="float"/>
              <param name="Y" type="float"/>
              <param name="Z" type="float"/>
            </accessor>
          </technique_common>
        </source>
        <source id="Lionfish-UV0">
          <float_array id="Lionfish-UV0-array" count="7912">
0.103589 0.689866
0.102486 0.684465
0.123442 0.681956
0.130405 0.685873
0.104950 0.701264
0.134461 0.699611
0.106957 0.720849
0.136561 0.719715
0.106812 0.732522
0.136409 0.732018
0.106005 0.743360
0.133643 0.746100
0.104823 0.749284
0.124797 0.752193
0.319300 0.478959
0.324565 0.479108
0.320542 0.508643
0.314956 0.509060
0.304829 0.479181
0.303253 0.509482
0.283027 0.479164
0.283172 0.510411
0.268883 0.479372
0.271272 0.509887
0.257608 0.479180
0.260222 0.509244
0.252385 0.479267
0.254164 0.508462
0.233037 0.187532
0.228629 0.195040
0.217143 0.160713
0.221067 0.159138
0.170998 0.732575
0.163199 0.750642
0.172406 0.718912
0.169549 0.696634
0.164164 0.674588
0.822907 0.756137
0.816456 0.758624
0.791487 0.735618
0.791924 0.730175
0.251146 0.214580
0.246851 0.223665
0.207846 0.737238
0.198037 0.759706
0.209627 0.719815
0.206749 0.689561
0.202598 0.658309
0.842769 0.791972
0.836747 0.795205
0.271397 0.217471
0.270737 0.223409
0.242466 0.744494
0.232035 0.771021
0.244854 0.722569
0.241933 0.684580
0.240420 0.644130
0.842654 0.817523
0.838745 0.817265
0.263727 0.777744
0.260390 0.795998
0.234804 0.787571
0.267889 0.750946
0.268175 0.725912
0.264951 0.682360
0.260852 0.642154
0.749488 0.498342
0.742262 0.494470
0.744708 0.491896
0.753105 0.492207
0.316520 0.789562
0.313384 0.811907
0.286663 0.804428
0.290268 0.783394
0.317597 0.762186
0.292817 0.757244
0.316687 0.732846
0.292020 0.729808
0.313089 0.680161
0.288274 0.681103
0.284276 0.637665
0.309426 0.634377
0.757613 0.400872
0.754795 0.396669
0.758111 0.388260
0.763169 0.395043
0.364413 0.798618
0.362072 0.822648
0.340020 0.818312
0.342733 0.795066
0.364977 0.768837
0.343146 0.766562
0.363567 0.736663
0.341814 0.735529
0.358417 0.679527
0.337533 0.679572
0.354417 0.630133
0.333353 0.631797
0.881756 0.287781
0.875744 0.283910
0.877025 0.280572
0.884560 0.281664
0.434000 0.807582
0.435070 0.831550
0.390334 0.827042
0.391534 0.802541
0.413140 0.773715
0.389002 0.771166
0.402652 0.738313
0.385163 0.737355
0.399039 0.683745
0.376445 0.680123
0.404553 0.628320
0.375212 0.625699
0.204239 0.075519
0.209785 0.078508
0.207435 0.083354
0.199748 0.084224
0.654194 0.629406
0.655155 0.611876
0.674223 0.615208
0.672157 0.637215
0.653890 0.657760
0.665947 0.641578
0.675032 0.668981
0.652728 0.680699
0.675023 0.697459
0.645921 0.717644
0.649153 0.697385
0.670969 0.748733
0.628529 0.774372
0.639936 0.741083
0.651050 0.792146
0.525938 0.035186
0.522970 0.033445
0.523147 0.029525
0.526358 0.027761
0.631696 0.625581
0.634129 0.608335
0.629114 0.647245
0.628535 0.665533
0.619019 0.697105
0.623453 0.682222
0.606519 0.754674
0.611444 0.725357
0.597485 0.762959
0.612881 0.782016
0.612113 0.621997
0.614325 0.605362
0.609523 0.641017
0.607571 0.656209
0.599820 0.682730
0.603875 0.669934
0.581017 0.728870
0.588047 0.714728
0.596264 0.722257
0.590841 0.736676
0.574347 0.736597
0.583260 0.745676
0.336709 0.454580
0.343375 0.454825
0.313870 0.454720
0.283317 0.454826
0.258482 0.454752
0.243249 0.454639
0.237998 0.454852
0.358211 0.426484
0.366156 0.426585
0.327758 0.426754
0.287776 0.426860
0.250548 0.426703
0.223544 0.426096
0.216045 0.426181
0.374841 0.398046
0.384027 0.398260
0.337678 0.397626
0.289854 0.397559
0.247857 0.397130
0.214716 0.395275
0.205966 0.394878
0.376903 0.376554
0.386612 0.378465
0.338759 0.368885
0.291086 0.367031
0.251753 0.368550
0.220965 0.371158
0.212565 0.371583
0.363798 0.354727
0.366802 0.353858
0.332677 0.341502
0.293235 0.338150
0.260938 0.344284
0.241940 0.351142
0.240932 0.349638
0.331821 0.336335
0.293674 0.332374
0.262447 0.339895
0.230859 0.633632
0.236638 0.628158
0.238980 0.630479
0.199911 0.645277
0.161202 0.663727
0.131898 0.677778
0.124212 0.679539
0.781222 0.890241
0.784457 0.897461
0.774000 0.902156
0.770036 0.895279
0.771446 0.858392
0.760551 0.864082
0.753829 0.816281
0.744278 0.824971
0.738311 0.777496
0.731815 0.795436
0.734812 0.768446
0.729874 0.787641
0.801991 0.868499
0.805450 0.875042
0.790537 0.838351
0.768863 0.793187
0.750065 0.753172
0.745756 0.743851
0.825596 0.838806
0.828674 0.844277
0.817324 0.812960
0.793670 0.770333
0.769816 0.737688
0.765457 0.729101
0.133882 0.754992
0.125388 0.755564
0.157931 0.762292
0.192172 0.773594
0.220193 0.783525
0.222926 0.791172
0.242818 0.120726
0.234618 0.117111
0.249433 0.111537
0.258123 0.112110
0.267312 0.137160
0.281716 0.119661
0.300454 0.153438
0.315317 0.131201
0.327188 0.163065
0.342915 0.141411
0.331975 0.167852
0.347257 0.149195
0.225462 0.137877
0.217648 0.133456
0.248167 0.160392
0.273351 0.182318
0.298374 0.193220
0.303344 0.197704
0.331849 0.168976
0.303475 0.198500
0.270912 0.224436
0.946800 0.045744
0.961546 0.050819
0.963483 0.060270
0.950123 0.055407
0.491913 0.407533
0.479426 0.417945
0.466081 0.404774
0.479171 0.394016
0.502964 0.399367
0.494805 0.384320
0.959145 0.852867
0.974442 0.851127
0.976965 0.866477
0.959493 0.866813
0.504460 0.419792
0.492447 0.430196
0.514369 0.412208
0.943471 0.854058
0.943599 0.866986
0.513798 0.429598
0.503484 0.439925
0.521221 0.423457
0.932368 0.856526
0.932231 0.867013
0.519464 0.438386
0.513324 0.447531
0.523787 0.435269
0.926773 0.859792
0.925729 0.866944
0.573758 0.649935
0.574266 0.640583
0.590158 0.635339
0.588866 0.650270
0.568516 0.667464
0.571500 0.658047
0.586768 0.661747
0.584079 0.673772
0.565727 0.709847
0.569112 0.699870
0.578114 0.707404
0.574273 0.721100
0.562404 0.716374
0.568372 0.727314
0.559585 0.652302
0.559453 0.644109
0.557338 0.657434
0.554081 0.663105
0.545961 0.682786
0.548998 0.671466
0.564186 0.684238
0.556201 0.699892
0.537546 0.692789
0.551569 0.712691
0.547736 0.654617
0.549960 0.648071
0.542167 0.662455
0.537516 0.670560
0.528348 0.680042
0.388401 0.070380
0.382908 0.071496
0.385752 0.063412
0.390104 0.065832
0.266501 0.316406
0.269025 0.319928
0.265396 0.329064
0.260652 0.322926
0.852422 0.346821
0.849464 0.345173
0.853298 0.337277
0.857875 0.340163
0.345551 0.130199
0.342723 0.125425
0.347103 0.121219
0.362580 0.134107
0.354574 0.105330
0.354899 0.099961
0.359196 0.099292
0.375117 0.108190
0.324340 0.111812
0.326789 0.107949
0.331831 0.097215
0.332898 0.093040
0.292984 0.101845
0.294031 0.097897
0.295987 0.089748
0.296583 0.086134
0.245088 0.093528
0.246504 0.090028
0.248627 0.082382
0.249068 0.078616
0.199995 0.084735
0.389988 0.023651
0.386206 0.029073
0.369219 0.023499
0.386948 0.020582
0.382844 0.050013
0.383548 0.057528
0.379199 0.069092
0.364364 0.056184
0.403780 0.029157
0.401841 0.033622
0.821913 0.078612
0.824698 0.081661
0.819283 0.081363
0.819483 0.078382
0.398258 0.048776
0.431900 0.032227
0.431478 0.035971
0.431406 0.045253
0.432073 0.049050
0.401807 0.052336
0.472971 0.030709
0.473186 0.034327
0.474255 0.041920
0.474971 0.045530
0.505866 0.026963
0.505702 0.030309
0.506505 0.037168
0.507255 0.040652
0.733388 0.488452
0.737223 0.491204
0.734724 0.495094
0.719389 0.489862
0.558950 0.090132
0.558619 0.085156
0.562801 0.084517
0.577907 0.093511
0.552948 0.104926
0.570076 0.112830
0.700410 0.194081
0.682480 0.205851
0.671138 0.190592
0.688728 0.179611
0.385930 0.154052
0.379945 0.130555
0.397478 0.124412
0.402977 0.147529
0.626621 0.569171
0.628821 0.593581
0.610488 0.596587
0.608996 0.571888
0.737330 0.507575
0.740943 0.529173
0.723369 0.532083
0.720406 0.509016
0.737517 0.507764
0.720645 0.509826
0.542074 0.085236
0.543076 0.080297
0.534456 0.104237
0.721501 0.200154
0.698520 0.215308
0.373932 0.175461
0.366993 0.148419
0.640281 0.553055
0.645157 0.575264
0.754580 0.513065
0.509315 0.091940
0.510507 0.088597
0.526170 0.101512
0.512785 0.078776
0.513209 0.074604
0.464829 0.084572
0.465584 0.081339
0.467537 0.073335
0.467810 0.069734
0.415125 0.078891
0.416316 0.075543
0.418355 0.067981
0.418428 0.064330
0.739482 0.215845
0.736335 0.218567
0.729743 0.205110
0.729518 0.226695
0.728075 0.230397
0.704299 0.221937
0.776462 0.235369
0.774784 0.238030
0.771424 0.244030
0.770269 0.246765
0.836298 0.260318
0.835120 0.262675
0.833611 0.268188
0.833289 0.270777
0.347553 0.180771
0.344509 0.178805
0.359339 0.154304
0.351114 0.190773
0.351872 0.195008
0.366163 0.185149
0.323717 0.218501
0.321328 0.217476
0.327767 0.222021
0.329841 0.223893
0.293550 0.268659
0.291090 0.267459
0.296688 0.272580
0.298313 0.275389
0.265799 0.329155
0.657422 0.535415
0.659098 0.538507
0.647261 0.544817
0.664948 0.544454
0.668309 0.545501
0.655035 0.567607
0.684478 0.497388
0.687254 0.499112
0.692605 0.502337
0.695108 0.503674
0.723672 0.440332
0.725449 0.442311
0.729302 0.445735
0.731571 0.446840
0.768703 0.487946
0.771140 0.488622
0.761840 0.505060
0.764928 0.483938
0.763677 0.481775
0.787195 0.455602
0.789411 0.456553
0.783468 0.453020
0.781686 0.451486
0.821584 0.395932
0.823740 0.396667
0.817802 0.393468
0.816009 0.391814
0.853070 0.337223
0.391840 0.058469
0.390851 0.060649
0.395360 0.055980
0.397664 0.055554
0.794517 0.017135
0.797043 0.016771
0.799076 0.024503
0.796721 0.024955
0.802581 0.023935
0.801323 0.018413
0.804889 0.023573
0.803395 0.019096
0.803686 0.038464
0.801370 0.038894
0.807171 0.037730
0.809592 0.037431
0.811250 0.059826
0.808956 0.060296
0.814693 0.059315
0.817100 0.059433
0.684189 0.670367
0.683845 0.703674
0.964858 0.067446
0.953906 0.063604
0.965334 0.072496
0.959733 0.073711
0.579601 0.693502
0.593037 0.702599
0.594419 0.748825
0.591402 0.752460
0.588892 0.748836
0.591882 0.745471
0.584493 0.755517
0.569553 0.745647
0.560623 0.730533
0.599188 0.741468
0.593983 0.618725
0.596448 0.603138
0.597375 0.752540
0.595188 0.755989
0.969915 0.844655
0.958546 0.846351
0.958520 0.840651
0.973490 0.836393
0.979216 0.038626
0.976976 0.026622
0.984509 0.020499
0.989010 0.036688
0.982156 0.053436
0.990848 0.051992
0.983079 0.064140
0.989598 0.062338
0.982297 0.071847
0.992208 0.069294
0.980027 0.076751
0.987349 0.077617
0.975491 0.081123
0.980798 0.085121
0.967521 0.091595
0.966145 0.085852
0.932175 0.851287
0.925613 0.857092
0.923865 0.853870
0.931762 0.846240
0.943053 0.847852
0.943003 0.842218
0.971352 0.037362
0.969193 0.023421
0.975646 0.052227
0.976967 0.062430
0.976154 0.070067
0.974614 0.074901
0.971368 0.078596
0.964455 0.082361
0.953243 0.027337
0.951912 0.016831
0.958945 0.041328
0.524368 0.442832
0.521437 0.444067
0.919479 0.858414
0.920431 0.866446
0.917123 0.866147
0.950988 0.381727
0.939172 0.373999
0.940157 0.372692
0.951053 0.380102
0.941335 0.371963
0.951270 0.379326
0.943067 0.371342
0.951860 0.378743
0.945314 0.370759
0.952810 0.378319
0.948011 0.370187
0.954098 0.378022
0.951087 0.369611
0.955689 0.377785
0.954449 0.368993
0.957518 0.377504
0.957965 0.368288
0.959450 0.377089
0.961476 0.367505
0.961347 0.376543
0.964830 0.366710
0.963104 0.375968
0.967915 0.365985
0.964675 0.375466
0.970645 0.365410
0.966024 0.375117
0.972952 0.365033
0.967116 0.374982
0.974785 0.364900
0.967929 0.375109
0.976136 0.365077
0.968447 0.375547
0.977510 0.365857
0.969050 0.376879
0.930393 0.364571
0.932038 0.363658
0.933849 0.363036
0.936293 0.362412
0.939369 0.361730
0.943002 0.360981
0.947092 0.360167
0.951505 0.359295
0.956087 0.358368
0.960669 0.357414
0.965080 0.356476
0.969170 0.355612
0.972813 0.354875
0.975908 0.354307
0.978393 0.353938
0.980292 0.353808
0.982143 0.354022
0.925852 0.353261
0.927793 0.352878
0.929838 0.352470
0.932524 0.351935
0.935877 0.351261
0.939829 0.350458
0.944261 0.349556
0.949037 0.348583
0.953990 0.347572
0.958943 0.346564
0.963719 0.345588
0.968152 0.344686
0.972103 0.343886
0.975454 0.343213
0.978140 0.342675
0.980185 0.342269
0.982126 0.341887
0.925838 0.341125
0.927685 0.341336
0.929584 0.341209
0.932070 0.340840
0.935167 0.340270
0.938810 0.339536
0.942900 0.338672
0.947311 0.337733
0.951893 0.336776
0.956478 0.335852
0.960891 0.334980
0.964978 0.334167
0.968614 0.333418
0.971688 0.332735
0.974131 0.332111
0.975944 0.331489
0.977588 0.330576
0.930470 0.329288
0.931844 0.330070
0.933196 0.330248
0.935028 0.330114
0.937335 0.329734
0.940068 0.329159
0.943152 0.328437
0.946505 0.327642
0.950015 0.326856
0.953534 0.326154
0.956896 0.325536
0.959971 0.324957
0.962669 0.324387
0.964916 0.323805
0.966648 0.323183
0.967826 0.322455
0.968811 0.321148
0.938932 0.318268
0.939534 0.319600
0.940053 0.320035
0.940866 0.320163
0.941959 0.320030
0.943306 0.319681
0.944876 0.319180
0.946636 0.318601
0.948533 0.318057
0.950465 0.317640
0.952293 0.317362
0.953885 0.317125
0.955172 0.316826
0.956123 0.316404
0.956713 0.315821
0.956933 0.315045
0.956997 0.313417
0.961749 0.389615
0.949080 0.386384
0.959829 0.387992
0.972427 0.380929
0.982001 0.368729
0.987115 0.355055
0.987062 0.340990
0.981897 0.327843
0.972054 0.316850
0.958905 0.308760
0.946236 0.305529
0.948159 0.307152
0.935556 0.314216
0.925979 0.326416
0.920863 0.340089
0.920916 0.354158
0.926084 0.367304
0.935929 0.378297
0.963213 0.398215
0.945168 0.396168
0.979438 0.389177
0.991472 0.374540
0.997665 0.357245
0.997557 0.339303
0.991243 0.322465
0.979241 0.308418
0.962818 0.298979
0.944775 0.296929
0.928544 0.305965
0.916506 0.320605
0.910310 0.337903
0.910421 0.355844
0.916737 0.372685
0.928742 0.386731
0.081929 0.813031
0.072373 0.839102
0.061231 0.829659
0.073840 0.800462
0.857655 0.747309
0.858868 0.732536
0.883865 0.752734
0.878464 0.766110
0.835200 0.727651
0.833203 0.728137
0.829715 0.713214
0.831056 0.712791
0.063646 0.780819
0.086318 0.745461
0.089157 0.770397
0.890859 0.732742
0.858596 0.710550
0.051664 0.759784
0.076637 0.726731
0.898490 0.708667
0.859251 0.686527
0.040276 0.733325
0.067143 0.704656
0.897596 0.675598
0.856811 0.657965
0.030886 0.705363
0.056620 0.685456
0.885674 0.637012
0.851889 0.628971
0.022325 0.678496
0.040413 0.665285
0.870109 0.605308
0.846750 0.601319
0.025980 0.656204
0.015446 0.659433
0.859925 0.590044
0.843818 0.581337
0.092535 0.785458
0.045533 0.815060
0.821765 0.689418
0.027332 0.797122
0.821474 0.668471
0.012431 0.767358
0.819432 0.644646
0.004704 0.727726
0.819663 0.622904
0.003478 0.692563
0.824470 0.597747
0.005278 0.674422
0.832956 0.583212
0.383607 0.569002
0.391041 0.581716
0.380704 0.583797
0.372339 0.570918
0.622914 0.836368
0.623132 0.852001
0.621507 0.851994
0.618819 0.837574
0.556146 0.771768
0.567448 0.779724
0.564989 0.783110
0.554950 0.772813
0.609334 0.843381
0.612394 0.857387
0.375906 0.479703
0.381811 0.477624
0.380573 0.492938
0.375742 0.494184
0.388676 0.477773
0.385475 0.493000
0.396558 0.480165
0.390560 0.494251
0.405724 0.486351
0.397050 0.498158
0.417547 0.497379
0.405118 0.504783
0.424344 0.507264
0.409948 0.512367
0.411754 0.521127
0.431313 0.519267
0.415180 0.530030
0.433959 0.530821
0.433384 0.543081
0.416103 0.539831
0.431250 0.553584
0.414537 0.548701
0.426332 0.563273
0.410621 0.555748
0.404465 0.560874
0.418551 0.571785
0.405100 0.577704
0.395316 0.565691
0.598400 0.848635
0.599182 0.863802
0.588300 0.851157
0.585096 0.868401
0.573488 0.867328
0.580218 0.851490
0.572518 0.848940
0.563219 0.863543
0.565353 0.843494
0.554515 0.857299
0.559435 0.835717
0.545798 0.848729
0.539980 0.838534
0.556011 0.826933
0.537118 0.825136
0.551454 0.819322
0.549974 0.810560
0.535556 0.813394
0.537004 0.797475
0.551591 0.800337
0.553845 0.793144
0.539721 0.786862
0.556838 0.788830
0.544036 0.779876
0.560504 0.785492
0.549101 0.775208
0.604008 0.827734
0.610883 0.823648
0.596704 0.831165
0.590302 0.832656
0.585302 0.832952
0.580350 0.831354
0.575696 0.827769
0.571994 0.822658
0.569898 0.816950
0.566748 0.812354
0.565759 0.806747
0.566862 0.800419
0.568414 0.795877
0.570373 0.793070
0.572859 0.790834
0.575798 0.788922
0.576956 0.784307
0.375497 0.505038
0.372217 0.505539
0.378704 0.505073
0.381927 0.505880
0.386040 0.508278
0.391062 0.512331
0.394086 0.517215
0.394856 0.522762
0.397162 0.528463
0.397894 0.534777
0.396899 0.540567
0.394344 0.545048
0.390476 0.548121
0.384775 0.551204
0.377140 0.553378
0.369515 0.554739
0.615829 0.822014
0.604312 0.809785
0.607822 0.807602
0.600512 0.811641
0.597072 0.812470
0.594382 0.812598
0.591713 0.811731
0.589225 0.809808
0.587227 0.807020
0.586053 0.804009
0.584418 0.801500
0.583880 0.798530
0.584472 0.795189
0.585320 0.792882
0.586353 0.791581
0.587657 0.790679
0.589061 0.789448
0.589264 0.784694
0.363755 0.514007
0.361700 0.513698
0.365460 0.513991
0.367185 0.514417
0.369406 0.515700
0.372108 0.517904
0.373721 0.520550
0.374214 0.523558
0.375386 0.526633
0.375799 0.530078
0.375266 0.533187
0.373883 0.535616
0.371807 0.537307
0.368693 0.538981
0.364579 0.540181
0.360375 0.541121
0.612801 0.806660
0.524288 0.752216
0.535437 0.749745
0.514449 0.762068
0.507709 0.777782
0.398207 0.444722
0.413765 0.452086
0.384357 0.443828
0.374543 0.449365
0.535809 0.749416
0.621007 0.882991
0.610776 0.883840
0.621538 0.882972
0.410289 0.600558
0.402258 0.606745
0.428339 0.594218
0.446807 0.587479
0.453699 0.575134
0.461856 0.560633
0.464324 0.546176
0.467348 0.529601
0.466819 0.514544
0.453683 0.497308
0.444344 0.480775
0.427979 0.460874
0.504088 0.819055
0.502945 0.793645
0.508244 0.837334
0.510011 0.858641
0.519806 0.869985
0.533306 0.880076
0.544952 0.888985
0.560916 0.894142
0.574464 0.898571
0.592920 0.891221
0.505363 0.735011
0.521894 0.737039
0.490585 0.751427
0.481959 0.770901
0.466760 0.789756
0.470249 0.827441
0.475589 0.853851
0.480298 0.878991
0.493303 0.893875
0.509655 0.906140
0.525423 0.917047
0.545399 0.924279
0.563427 0.931658
0.586758 0.924761
0.609510 0.917771
0.624459 0.917095
0.624763 0.917062
0.434266 0.625259
0.422907 0.634699
0.455605 0.615388
0.477307 0.605072
0.485461 0.587531
0.495139 0.568808
0.499258 0.550113
0.502886 0.530009
0.502297 0.510156
0.488705 0.488085
0.474721 0.464640
0.451752 0.433934
0.427895 0.429816
0.408417 0.420873
0.386523 0.418314
0.375831 0.430809
0.442640 0.836878
0.448245 0.807243
0.437541 0.872921
0.449660 0.902927
0.465371 0.920984
0.483978 0.935490
0.504218 0.949488
0.527323 0.957990
0.551306 0.966572
0.581893 0.961724
0.613771 0.955043
0.627848 0.938017
0.456442 0.656151
0.434629 0.652695
0.484221 0.639991
0.509823 0.623317
0.521504 0.600919
0.532603 0.579165
0.537888 0.555175
0.541640 0.531889
0.540874 0.507853
0.529392 0.477199
0.501262 0.453427
0.477104 0.434821
0.428286 0.921683
0.426367 0.895484
0.443223 0.942129
0.462990 0.959429
0.486947 0.977215
0.513158 0.986892
0.542463 0.996660
0.577234 0.992364
0.601723 0.978839
0.508390 0.659968
0.481361 0.666055
0.536668 0.640104
0.551427 0.613279
0.563994 0.588580
0.569424 0.559271
0.572128 0.533112
0.569178 0.507792
0.552831 0.486780
0.126453 0.990375
0.126918 0.988656
0.161707 0.993156
0.161279 0.994847
0.126413 0.991361
0.161250 0.995636
0.126429 0.993515
0.161223 0.997760
0.127402 0.986834
0.127474 0.985642
0.162186 0.990626
0.162143 0.991450
0.091587 0.984192
0.091319 0.985969
0.091187 0.987085
0.090962 0.989172
0.091857 0.982411
0.091990 0.981283
0.019796 0.963054
0.050041 0.977115
0.048888 0.978669
0.018970 0.964207
0.018692 0.964977
0.048530 0.979755
0.018145 0.966696
0.047957 0.982012
0.020648 0.961723
0.020943 0.960696
0.051643 0.974175
0.051228 0.975453
0.002458 0.956043
0.003719 0.956531
0.002598 0.955578
0.003719 0.956531
0.004316 0.956946
0.002598 0.955578
0.004044 0.956484
0.004044 0.956484
0.081091 0.991801
0.080100 0.993615
0.079582 0.994799
0.078688 0.997045
0.082585 0.988776
0.082083 0.989983
0.781466 0.029298
0.779876 0.029932
0.766893 0.004820
0.768476 0.004131
0.782285 0.028798
0.769123 0.003740
0.777272 0.031163
0.775551 0.032283
0.762924 0.006935
0.764681 0.005885
0.778231 0.030592
0.765383 0.005472
0.640020 0.601025
0.639788 0.601039
0.641166 0.600380
0.641357 0.600316
0.795494 0.060369
0.797025 0.059695
0.797889 0.059199
0.792862 0.061664
0.791145 0.062704
0.793881 0.061088
0.832152 0.131830
0.812414 0.093368
0.814116 0.092925
0.833801 0.131156
0.834809 0.130558
0.815009 0.092290
0.829694 0.132998
0.827992 0.134107
0.808249 0.095812
0.809803 0.094454
0.830576 0.132471
0.810707 0.093814
0.776922 0.530519
0.827239 0.504120
0.827877 0.505929
0.777595 0.532214
0.778219 0.533188
0.828574 0.506940
0.775637 0.527909
0.774364 0.526203
0.824550 0.499677
0.825960 0.501408
0.776256 0.528843
0.826621 0.502349
0.685766 0.579136
0.685555 0.577983
0.729445 0.555173
0.729816 0.556533
0.686209 0.579666
0.730305 0.557188
0.684801 0.576154
0.683739 0.575198
0.727264 0.551673
0.728436 0.552935
0.685309 0.576775
0.729023 0.553731
0.653992 0.595342
0.653829 0.594374
0.654398 0.595877
0.653315 0.593053
0.652430 0.592312
0.653676 0.593448
0.639788 0.601039
0.641339 0.600386
0.641166 0.600380
0.640020 0.601025
0.876301 0.478220
0.877189 0.479910
0.877812 0.481001
0.873801 0.473775
0.874909 0.475650
0.875459 0.476603
0.796634 0.490453
0.797492 0.491924
0.777241 0.508081
0.776456 0.506611
0.795899 0.489747
0.775873 0.506136
0.799057 0.494086
0.800591 0.495387
0.780116 0.511236
0.778546 0.509999
0.798331 0.493382
0.777960 0.509499
0.268500 0.811476
0.268425 0.811261
0.269794 0.812766
0.269899 0.812920
0.823337 0.471434
0.822401 0.470118
0.821747 0.469405
0.825084 0.473648
0.826438 0.475039
0.824329 0.472815
0.883784 0.423732
0.851347 0.449346
0.850592 0.447852
0.882752 0.422380
0.882012 0.421534
0.849815 0.447145
0.885413 0.425759
0.886722 0.427194
0.854480 0.452740
0.852888 0.451559
0.884765 0.425024
0.852105 0.450843
0.397482 0.943167
0.441393 0.987013
0.439956 0.988237
0.396167 0.944283
0.395466 0.945057
0.439117 0.989164
0.399604 0.941150
0.400907 0.939568
0.444767 0.983454
0.443419 0.985108
0.398837 0.942007
0.442745 0.985881
0.311155 0.857351
0.312129 0.856715
0.354150 0.899269
0.352989 0.900099
0.310725 0.857898
0.352422 0.900781
0.313592 0.855454
0.314336 0.854285
0.356792 0.896389
0.355846 0.897764
0.313125 0.856052
0.355302 0.898443
0.281221 0.826407
0.281997 0.825952
0.280877 0.826841
0.283179 0.824953
0.283735 0.823995
0.282815 0.825439
0.269900 0.812840
0.269794 0.812766
0.268500 0.811476
0.269900 0.812840
0.923318 0.392569
0.922442 0.391050
0.921609 0.390230
0.924817 0.394655
0.926350 0.395936
0.924125 0.393993
0.863656 0.870239
0.862865 0.868862
0.883248 0.852317
0.884012 0.853662
0.864335 0.870860
0.884560 0.854123
0.861314 0.866755
0.859828 0.865547
0.880459 0.849281
0.881930 0.850483
0.862047 0.867448
0.882484 0.850965
0.434712 0.956612
0.434817 0.956860
0.433838 0.955645
0.433693 0.955468
0.838275 0.888627
0.839226 0.889910
0.839907 0.890652
0.836641 0.886595
0.835339 0.885253
0.837324 0.887342
0.779603 0.935526
0.811164 0.910383
0.811959 0.911781
0.780622 0.936801
0.781316 0.937604
0.812685 0.912469
0.777985 0.933560
0.776743 0.932156
0.808118 0.907049
0.809604 0.908250
0.778619 0.934291
0.810354 0.908967
0.355888 0.866262
0.323126 0.829399
0.324697 0.828428
0.357379 0.865311
0.358169 0.864544
0.325510 0.827610
0.353620 0.867993
0.352260 0.869527
0.319394 0.832779
0.320782 0.831162
0.354399 0.867215
0.321569 0.830359
0.409877 0.926091
0.408820 0.926528
0.385198 0.899599
0.386453 0.898962
0.410312 0.925574
0.387016 0.898352
0.407273 0.927563
0.406583 0.928712
0.382321 0.902302
0.383290 0.900957
0.407740 0.926995
0.383907 0.900273
0.426403 0.945458
0.425610 0.945724
0.426740 0.945063
0.424461 0.946466
0.424007 0.947367
0.424780 0.946039
0.433727 0.955534
0.433838 0.955645
0.434712 0.956612
0.433727 0.955534
0.742739 0.964906
0.743570 0.966325
0.744316 0.967050
0.741190 0.962794
0.739711 0.961555
0.741917 0.963499
0.900887 0.900193
0.900198 0.898651
0.925182 0.879973
0.925783 0.881485
0.901585 0.900903
0.926350 0.881976
0.898801 0.896369
0.897298 0.895062
0.922491 0.876715
0.924021 0.877958
0.899506 0.897099
0.924584 0.878458
0.800630 0.997833
0.800396 0.997887
0.801957 0.996812
0.802117 0.996730
0.873189 0.918726
0.874061 0.920140
0.874716 0.920945
0.871641 0.916477
0.870362 0.915014
0.872310 0.917301
0.810933 0.964940
0.844202 0.940265
0.844896 0.941793
0.811833 0.966358
0.812502 0.967197
0.845607 0.942539
0.809403 0.962736
0.808146 0.961255
0.841271 0.936632
0.842752 0.937932
0.810047 0.963542
0.843491 0.938717
0.917931 0.912679
0.964522 0.878704
0.965330 0.880360
0.918670 0.914231
0.919400 0.914977
0.966150 0.881204
0.916334 0.910243
0.914751 0.908915
0.961305 0.874894
0.962949 0.876286
0.917148 0.911075
0.963735 0.877077
0.845091 0.966720
0.844605 0.965767
0.876978 0.942207
0.877447 0.943487
0.845531 0.967177
0.878046 0.944035
0.843572 0.964248
0.842591 0.963402
0.874415 0.939315
0.875781 0.940251
0.844080 0.964774
0.876464 0.940880
0.815865 0.987989
0.815474 0.987270
0.816203 0.988372
0.814652 0.986110
0.813896 0.985434
0.815034 0.986509
0.802041 0.996724
0.801957 0.996812
0.800630 0.997833
0.802041 0.996724
0.770801 0.994681
0.771496 0.996257
0.772249 0.997045
0.769408 0.992391
0.767894 0.991100
0.770126 0.993131
0.085846 0.045098
0.084154 0.045775
0.066967 0.022959
0.068623 0.022426
0.086626 0.044335
0.069124 0.021807
0.081734 0.047161
0.080370 0.048771
0.063565 0.025757
0.064808 0.024088
0.082480 0.046432
0.065312 0.023483
0.104883 0.073484
0.106406 0.072586
0.107272 0.071901
0.102467 0.075083
0.100900 0.076420
0.103350 0.074387
0.153797 0.138889
0.127689 0.103985
0.129324 0.103267
0.155323 0.137975
0.156216 0.137273
0.130124 0.102529
0.151436 0.140463
0.149870 0.141788
0.123793 0.107029
0.125190 0.105486
0.152292 0.139789
0.126032 0.104718
0.157400 0.100531
0.124675 0.055696
0.126348 0.054986
0.158973 0.099864
0.159737 0.099186
0.127202 0.054225
0.154920 0.101992
0.153550 0.103465
0.120815 0.058649
0.122226 0.057115
0.155773 0.101238
0.123029 0.056387
0.205442 0.165269
0.206695 0.168573
0.186307 0.140567
0.187645 0.140118
0.207956 0.167834
0.188240 0.139542
0.202891 0.166655
0.204133 0.170498
0.183220 0.143013
0.184246 0.141703
0.203396 0.166200
0.184919 0.141052
0.093891 0.013554
0.095400 0.012632
0.096305 0.011956
0.089934 0.016376
0.091536 0.015110
0.092403 0.014461
0.204924 0.170002
0.841235 0.473781
0.841997 0.475436
0.816329 0.494334
0.815625 0.492712
0.840507 0.473015
0.815033 0.492157
0.843541 0.477946
0.845133 0.479410
0.819223 0.497965
0.817625 0.496535
0.842776 0.477121
0.817031 0.495962
0.871111 0.454108
0.870170 0.452569
0.869466 0.451691
0.872781 0.456561
0.874156 0.458162
0.872061 0.455658
0.938928 0.404337
0.902722 0.430907
0.901977 0.429245
0.937979 0.402785
0.937251 0.401878
0.901210 0.428431
0.940562 0.406737
0.941938 0.408329
0.905882 0.434867
0.904282 0.433447
0.939863 0.405867
0.903484 0.432591
0.823096 0.446831
0.861653 0.404951
0.862717 0.406461
0.824095 0.448248
0.824939 0.448861
0.863663 0.407146
0.821107 0.444684
0.819334 0.443640
0.857868 0.401748
0.859712 0.402823
0.822046 0.445370
0.860614 0.403465
0.767891 0.507977
0.764833 0.509914
0.788702 0.483886
0.789433 0.485113
0.765840 0.510997
0.790137 0.485578
0.765964 0.505762
0.762364 0.507804
0.785595 0.481356
0.787128 0.482093
0.766527 0.506162
0.787925 0.482619
0.897932 0.365548
0.899177 0.366850
0.900047 0.367606
0.894260 0.362219
0.895871 0.363541
0.896707 0.364264
0.763028 0.508476
0.072944 0.678281
0.074689 0.677629
0.092247 0.704610
0.090542 0.705141
0.072119 0.679024
0.089977 0.705748
0.070636 0.680646
0.088594 0.707429
0.076433 0.676983
0.077258 0.676248
0.094525 0.703487
0.093954 0.704086
0.054549 0.646935
0.052946 0.647816
0.052026 0.648497
0.050353 0.649836
0.056162 0.646047
0.057103 0.645353
0.007554 0.575266
0.032617 0.613549
0.030903 0.614231
0.005942 0.576160
0.004991 0.576858
0.030044 0.614976
0.003318 0.578186
0.028532 0.616543
0.009143 0.574387
0.010055 0.573715
0.035259 0.612077
0.034355 0.612851
0.092526 0.137132
0.054961 0.084598
0.056954 0.083781
0.094284 0.136396
0.095144 0.135648
0.057976 0.082893
0.096720 0.134047
0.059678 0.081101
0.090710 0.137918
0.089754 0.138759
0.052042 0.086250
0.053001 0.085397
0.134995 0.194176
0.136316 0.195835
0.122966 0.179151
0.124197 0.178727
0.135998 0.196134
0.134995 0.194176
0.124726 0.178225
0.134970 0.194072
0.135998 0.196134
0.125753 0.177067
0.134653 0.194162
0.121127 0.180230
0.121737 0.179608
0.134653 0.194162
0.018374 0.033085
0.020221 0.031994
0.021331 0.031193
0.023295 0.029688
0.015497 0.034937
0.016557 0.034163
0.134970 0.194072
0.878579 0.891143
0.877813 0.889452
0.905149 0.869176
0.905836 0.870833
0.879333 0.891924
0.906450 0.871385
0.876261 0.886918
0.874626 0.885453
0.902197 0.865539
0.903853 0.866948
0.877037 0.887740
0.904465 0.867514
0.847985 0.911392
0.848940 0.912956
0.849657 0.913848
0.846289 0.908901
0.844890 0.907277
0.847021 0.909816
0.778930 0.961928
0.815853 0.934960
0.816608 0.936651
0.779912 0.963499
0.780644 0.964431
0.817387 0.937480
0.777259 0.959483
0.775883 0.957839
0.812645 0.930927
0.814271 0.932374
0.777963 0.960378
0.815080 0.933245
0.154166 0.060424
0.119432 0.013529
0.121179 0.012756
0.155814 0.059711
0.156611 0.058992
0.122077 0.011956
0.151571 0.061979
0.150144 0.063539
0.115385 0.016655
0.116872 0.015047
0.152462 0.061179
0.117715 0.014281
0.205288 0.127922
0.206643 0.131374
0.184915 0.102236
0.186316 0.101751
0.207956 0.130583
0.186935 0.101140
0.202630 0.129406
0.203982 0.133424
0.181697 0.104835
0.182762 0.103449
0.203154 0.128923
0.183463 0.102759
0.734412 0.994424
0.735166 0.996170
0.735992 0.997045
0.732893 0.991887
0.731232 0.990450
0.733679 0.992709
0.204805 0.132894
0.070880 0.059255
0.069200 0.060026
0.046712 0.030395
0.048362 0.029688
0.065160 0.063176
0.064374 0.063896
0.042460 0.033890
0.043034 0.033306
0.066647 0.061582
0.044477 0.031698
0.067487 0.060816
0.045056 0.031101
0.091716 0.089934
0.093281 0.088987
0.087590 0.092989
0.086695 0.093694
0.089220 0.091612
0.090139 0.090889
0.142693 0.157654
0.115474 0.121477
0.117168 0.120728
0.144276 0.156700
0.138623 0.160677
0.137697 0.161407
0.110611 0.125418
0.111440 0.124649
0.140246 0.159296
0.112885 0.123044
0.141133 0.158593
0.113756 0.122244
0.800944 0.121534
0.762898 0.069706
0.764874 0.068861
0.802688 0.120796
0.796690 0.124804
0.795863 0.125575
0.757360 0.074130
0.758359 0.073220
0.798199 0.123161
0.760013 0.071396
0.799142 0.122322
0.760957 0.070531
0.841461 0.179914
0.842571 0.181661
0.830963 0.163551
0.832205 0.163157
0.842769 0.181615
0.841461 0.179914
0.827675 0.166345
0.828164 0.165803
0.841302 0.179660
0.842769 0.181615
0.829099 0.164578
0.841037 0.179777
0.829723 0.163973
0.841037 0.179777
0.725455 0.018989
0.727273 0.017867
0.719616 0.023255
0.720703 0.022432
0.722626 0.020890
0.723666 0.020097
0.842571 0.181661
0.841302 0.179660
0.964696 0.929829
0.964043 0.928166
0.989353 0.911572
0.989930 0.913195
0.965379 0.930617
0.990484 0.913759
0.966893 0.932095
0.992020 0.915176
0.963379 0.926480
0.962673 0.925645
0.988228 0.909364
0.988779 0.909943
0.934786 0.947540
0.935632 0.949085
0.936279 0.949975
0.937551 0.951598
0.933932 0.945982
0.933270 0.945069
0.866370 0.992955
0.902898 0.968730
0.903549 0.970386
0.867224 0.994512
0.867891 0.995430
0.904261 0.971216
0.869160 0.997045
0.905757 0.972676
0.865530 0.991421
0.864888 0.990541
0.901492 0.966179
0.902231 0.967051
0.886154 0.955431
0.937915 0.919757
0.938700 0.921679
0.886862 0.957124
0.887588 0.957955
0.939563 0.922668
0.889146 0.959480
0.941306 0.924318
0.885397 0.953681
0.884579 0.952758
0.936319 0.916939
0.937149 0.917867
0.830074 0.995789
0.828447 0.997045
0.844813 0.984355
0.845220 0.985539
0.828156 0.996738
0.830074 0.995789
0.845707 0.986050
0.830176 0.995766
0.828156 0.996738
0.846834 0.987043
0.830089 0.995462
0.843769 0.982585
0.844373 0.983174
0.830089 0.995462
0.988732 0.885050
0.989785 0.886834
0.990561 0.887908
0.992020 0.889809
0.986946 0.882265
0.987696 0.883291
0.830176 0.995766
0.433289 0.731728
0.434424 0.732868
0.418803 0.756531
0.417728 0.755402
0.432452 0.731315
0.417067 0.755123
0.436466 0.734479
0.438233 0.735204
0.422306 0.758653
0.420545 0.757959
0.435581 0.734029
0.419879 0.757667
0.452170 0.706184
0.450904 0.705209
0.450051 0.704683
0.454305 0.707697
0.455920 0.708633
0.453442 0.707163
0.630854 0.531016
0.610117 0.557038
0.608849 0.555938
0.629550 0.530114
0.628790 0.529495
0.607948 0.555300
0.632993 0.532582
0.634423 0.533774
0.613692 0.559666
0.612087 0.558623
0.632183 0.531935
0.611309 0.558088
0.670587 0.481616
0.652881 0.503464
0.651949 0.502385
0.668311 0.483406
0.669940 0.480951
0.651239 0.501959
0.669876 0.485070
0.672723 0.483015
0.656430 0.505897
0.654843 0.505154
0.669366 0.484823
0.653933 0.504607
0.470913 0.678138
0.469697 0.676993
0.468734 0.676472
0.472885 0.679664
0.474617 0.680432
0.472058 0.679229
0.326902 0.567815
0.325657 0.566651
0.343362 0.540212
0.344558 0.541362
0.327795 0.568239
0.345267 0.541659
0.323409 0.564982
0.321506 0.564215
0.339552 0.537994
0.341445 0.538743
0.324376 0.565459
0.342164 0.539056
0.306517 0.595056
0.307901 0.596056
0.308827 0.596603
0.304192 0.593499
0.302445 0.592523
0.305128 0.594053
0.380061 0.854734
0.418330 0.879892
0.417207 0.881258
0.379251 0.855967
0.378734 0.856644
0.416577 0.882237
0.381604 0.852444
0.382672 0.850990
0.420887 0.876044
0.419904 0.877779
0.380945 0.853365
0.419394 0.878613
0.352100 0.835939
0.354527 0.838378
0.351460 0.836678
0.355335 0.835951
0.353634 0.833520
0.355841 0.836999
0.285178 0.626601
0.286517 0.627782
0.287570 0.628327
0.283036 0.625035
0.281164 0.624232
0.283924 0.625483
0.359648 0.605489
0.360571 0.603949
0.389969 0.614428
0.389029 0.615881
0.359439 0.606521
0.388921 0.616671
0.359191 0.608640
0.388738 0.618771
0.361507 0.602388
0.361738 0.601311
0.391037 0.612178
0.390916 0.612975
0.327154 0.592205
0.326465 0.593836
0.326146 0.594894
0.325605 0.596899
0.327849 0.590558
0.328180 0.589470
0.944206 0.792525
0.924922 0.821193
0.923615 0.819769
0.942915 0.791411
0.942025 0.790884
0.922567 0.819247
0.940244 0.789919
0.920438 0.818421
0.945565 0.793665
0.946573 0.794242
0.927414 0.823212
0.926278 0.822642
0.967692 0.755269
0.960181 0.768291
0.959193 0.767533
0.966893 0.756753
0.968140 0.755597
0.966893 0.756753
0.958612 0.767146
0.966983 0.756543
0.968140 0.755597
0.957294 0.766249
0.967345 0.756301
0.962192 0.769569
0.961343 0.769099
0.967345 0.756301
0.901861 0.855234
0.900344 0.853971
0.899295 0.853329
0.897272 0.852208
0.904481 0.857162
0.903396 0.856508
0.745164 0.905220
0.743291 0.904963
0.742673 0.869334
0.744417 0.869675
0.746289 0.905082
0.745243 0.869512
0.748473 0.904663
0.747344 0.868988
0.741441 0.904699
0.740343 0.904826
0.740301 0.869132
0.741019 0.868983
0.744092 0.940426
0.745930 0.940286
0.747060 0.940302
0.749239 0.940380
0.742202 0.940567
0.740980 0.940550
0.263930 0.580402
0.269634 0.550960
0.271493 0.551316
0.265313 0.580659
0.266122 0.580842
0.272562 0.551532
0.267814 0.581264
0.274811 0.552002
0.262423 0.580170
0.261413 0.580048
0.266266 0.550345
0.267624 0.550588
0.262030 0.595248
0.262166 0.594152
0.261596 0.595177
0.262166 0.594152
0.262339 0.593828
0.261596 0.595177
0.262005 0.594102
0.262005 0.594102
0.276151 0.518964
0.278085 0.519395
0.279273 0.519613
0.281586 0.519998
0.272869 0.518292
0.274165 0.518516
0.583151 0.567053
0.581275 0.566982
0.581118 0.536393
0.582901 0.536673
0.584234 0.567005
0.583720 0.536552
0.586465 0.566857
0.585879 0.536155
0.587640 0.566798
0.586711 0.536023
0.579354 0.566904
0.579329 0.536106
0.581670 0.594705
0.583523 0.594664
0.584661 0.594655
0.586845 0.594643
0.588048 0.594633
0.579783 0.594746
0.507785 0.995763
0.486309 0.995217
0.486693 0.993537
0.505473 0.995625
0.507779 0.996269
0.505473 0.995625
0.486796 0.992526
0.505416 0.995454
0.507779 0.996269
0.486995 0.990402
0.506026 0.996019
0.487205 0.989213
0.506026 0.996019
0.485955 0.997045
0.453239 0.990484
0.453745 0.988454
0.453928 0.987185
0.454189 0.984748
0.454378 0.983411
0.452727 0.992560
0.672151 0.482616
0.353189 0.834128
0.966983 0.756543
0.004316 0.956946
0.262339 0.593828
0.505416 0.995454
0.523171 0.452003
0.519052 0.451117
0.228076 0.195616
0.216289 0.161103
0.246469 0.224735
0.216418 0.133274
0.233394 0.116899
0.936947 0.024400
0.938736 0.015630
0.943258 0.036940
0.922314 0.866579
0.990168 0.855277
0.994010 0.866148
0.365931 0.942950
0.342615 0.929524
0.350868 0.927988
0.369147 0.938401
0.360026 0.952918
0.333533 0.939946
0.350171 0.970171
0.323381 0.957636
0.345532 0.980975
0.318487 0.969021
0.341843 0.991265
0.316376 0.983611
0.340505 0.997176
0.320938 0.992081
0.359614 0.266553
0.328426 0.267309
0.329492 0.261949
0.360066 0.261439
0.357730 0.280536
0.326656 0.278590
0.355249 0.301643
0.323408 0.297923
0.353418 0.315310
0.322579 0.309503
0.352322 0.326246
0.321969 0.320272
0.351634 0.331291
0.322073 0.326225
0.045813 0.250164
0.076244 0.256792
0.075397 0.260897
0.039155 0.255793
0.286425 0.956099
0.286207 0.975758
0.290719 0.942976
0.302459 0.923581
0.316429 0.905379
0.219832 0.292411
0.191997 0.321612
0.191041 0.316149
0.213271 0.290509
0.015597 0.237312
0.007347 0.243111
0.250613 0.946080
0.250439 0.970560
0.256099 0.929358
0.271111 0.902632
0.287703 0.875475
0.235816 0.254282
0.229603 0.251584
0.008728 0.217491
0.003222 0.219779
0.215818 0.939312
0.215429 0.969818
0.222563 0.918228
0.240762 0.884405
0.262367 0.847766
0.233225 0.228452
0.229421 0.229084
0.182713 0.961713
0.205382 0.981931
0.178358 0.979829
0.189781 0.935423
0.199734 0.912269
0.220480 0.873432
0.240684 0.838022
0.368678 0.969780
0.373753 0.967245
0.374159 0.974879
0.371641 0.976766
0.129247 0.952158
0.155952 0.956648
0.150695 0.977430
0.123011 0.973965
0.139430 0.926522
0.164266 0.931572
0.152244 0.899856
0.176194 0.906618
0.177067 0.852746
0.199527 0.863234
0.199141 0.812013
0.220954 0.824797
0.285575 0.237780
0.289188 0.230646
0.297284 0.232521
0.291534 0.237384
0.081428 0.941921
0.102850 0.947063
0.095848 0.969533
0.073757 0.964964
0.093079 0.914274
0.114114 0.920648
0.107524 0.885197
0.128015 0.892586
0.135593 0.834590
0.154803 0.842727
0.159445 0.790656
0.178162 0.800357
0.892520 0.266971
0.889146 0.272322
0.883786 0.266747
0.887206 0.264812
0.009988 0.924292
0.054851 0.935006
0.045926 0.958030
0.002900 0.944813
0.046721 0.900069
0.070002 0.907094
0.070878 0.871528
0.087361 0.877461
0.090660 0.827701
0.118752 0.828157
0.112908 0.768504
0.144918 0.773142
0.727651 0.979146
0.718064 0.981540
0.720700 0.974754
0.726040 0.973381
0.051585 0.287816
0.034339 0.290013
0.035115 0.270050
0.054494 0.271455
0.044310 0.316162
0.021151 0.321880
0.035836 0.298696
0.039609 0.338558
0.014769 0.349542
0.036667 0.375902
0.006696 0.393854
0.038776 0.355528
0.038126 0.437805
0.013448 0.447249
0.036342 0.400115
0.954317 0.154872
0.947392 0.157750
0.947962 0.154162
0.951634 0.152684
0.073787 0.290303
0.075734 0.273017
0.070892 0.311895
0.066839 0.329737
0.067999 0.362589
0.067513 0.347109
0.066391 0.420971
0.071383 0.386773
0.070530 0.431829
0.051630 0.445125
0.093663 0.291456
0.095658 0.274814
0.091448 0.310524
0.089503 0.325735
0.090291 0.353310
0.089607 0.339930
0.096861 0.402633
0.085099 0.409140
0.083966 0.393150
0.093566 0.387179
0.101469 0.411775
0.090475 0.418613
0.386466 0.252496
0.386980 0.246015
0.383706 0.274587
0.380096 0.304151
0.377326 0.328199
0.375695 0.342957
0.374876 0.348016
0.417574 0.234902
0.418382 0.227200
0.413809 0.264349
0.409119 0.303038
0.405013 0.339092
0.402538 0.365301
0.401592 0.372550
0.448473 0.222064
0.449308 0.213148
0.444642 0.258085
0.439230 0.304385
0.434855 0.345086
0.432950 0.377378
0.432351 0.385893
0.470620 0.222532
0.469786 0.212914
0.474068 0.260333
0.470494 0.306691
0.464439 0.344589
0.458253 0.374092
0.456857 0.382174
0.491710 0.238798
0.492601 0.234910
0.501287 0.269358
0.500184 0.307920
0.490230 0.338478
0.480828 0.356665
0.482481 0.357231
0.506458 0.270778
0.506122 0.308157
0.494877 0.337521
0.271755 0.841787
0.265534 0.835759
0.268635 0.834515
0.295508 0.864522
0.323597 0.896533
0.344822 0.920850
0.351163 0.925472
0.165994 0.160746
0.154546 0.156713
0.157764 0.149382
0.168463 0.153137
0.159504 0.193886
0.148279 0.189166
0.146328 0.238149
0.136129 0.230268
0.134885 0.278850
0.126783 0.261323
0.132336 0.288335
0.125637 0.269390
0.188447 0.180761
0.191202 0.173815
0.180149 0.212340
0.163295 0.260076
0.148759 0.302333
0.145442 0.312169
0.214451 0.208549
0.216936 0.202722
0.208853 0.235474
0.189814 0.280832
0.169609 0.316115
0.166172 0.325215
0.311424 0.991155
0.319036 0.994969
0.286286 0.988529
0.250144 0.985613
0.220315 0.983818
0.214920 0.989557
0.110460 0.228773
0.116223 0.212324
0.118406 0.220702
0.115556 0.236125
0.089628 0.207813
0.104391 0.190667
0.067367 0.178397
0.086758 0.159963
0.052895 0.154046
0.071546 0.134875
0.047258 0.150231
0.063138 0.132137
0.102411 0.255567
0.096583 0.248734
0.070032 0.230599
0.043613 0.209942
0.028186 0.187486
0.022815 0.183437
0.021999 0.183449
0.046163 0.150553
0.002166 0.219789
0.956995 0.679252
0.948971 0.685740
0.935254 0.682755
0.942014 0.675714
0.034551 0.862405
0.042780 0.878918
0.027703 0.886835
0.020026 0.869902
0.046405 0.855384
0.058705 0.867903
0.258687 0.055761
0.259017 0.041821
0.276487 0.042140
0.274956 0.057334
0.027452 0.846530
0.013108 0.853601
0.038330 0.840332
0.243021 0.054604
0.243124 0.041678
0.021517 0.834464
0.007870 0.840024
0.030107 0.829991
0.231913 0.052160
0.231755 0.041672
0.015203 0.826097
0.004218 0.828313
0.019777 0.823330
0.226310 0.048905
0.225251 0.041752
0.123890 0.327818
0.109155 0.324475
0.111357 0.310464
0.125855 0.318648
0.124507 0.346011
0.107823 0.348437
0.108268 0.336118
0.123998 0.336208
0.116428 0.387708
0.105372 0.396644
0.105038 0.382435
0.115622 0.377216
0.118311 0.394301
0.109615 0.404095
0.136926 0.333596
0.139291 0.325765
0.137818 0.339066
0.139584 0.345305
0.142392 0.366365
0.128080 0.380316
0.123632 0.365154
0.142384 0.354642
0.147916 0.378144
0.128161 0.392601
0.148733 0.339101
0.147185 0.332304
0.151406 0.347061
0.153778 0.356569
0.160196 0.368066
0.621353 0.992123
0.626793 0.992242
0.626405 0.997045
0.617898 0.995362
0.803913 0.362143
0.810929 0.367366
0.807159 0.374469
0.802175 0.365808
0.688304 0.753064
0.684279 0.760624
0.679588 0.757559
0.685750 0.751150
0.700097 0.836391
0.700094 0.825095
0.709080 0.836269
0.704239 0.839709
0.725816 0.831936
0.728247 0.812192
0.732545 0.828682
0.731068 0.832574
0.714130 0.859485
0.718297 0.857835
0.729567 0.854922
0.733790 0.854638
0.718155 0.890863
0.722146 0.890556
0.730350 0.890119
0.733939 0.890182
0.717620 0.937512
0.721242 0.936781
0.728981 0.936100
0.732686 0.936336
0.896311 0.031768
0.892385 0.029882
0.890530 0.012778
0.900187 0.026442
0.920441 0.016293
0.918473 0.003615
0.934806 0.005308
0.926306 0.014251
0.906338 0.042818
0.909925 0.039510
0.825030 0.077534
0.826807 0.075850
0.828786 0.078076
0.923445 0.031638
0.918990 0.068062
0.922412 0.066413
0.931232 0.063238
0.927758 0.033212
0.935081 0.062590
0.931742 0.106925
0.935263 0.105914
0.942866 0.104370
0.946553 0.103830
0.939546 0.138891
0.942677 0.137617
0.949487 0.136070
0.953065 0.135604
0.377634 0.985053
0.379523 0.996462
0.371213 0.984029
0.374911 0.981687
0.693318 0.836784
0.697431 0.839550
0.677492 0.834458
0.679527 0.816131
0.715066 0.162841
0.696394 0.160509
0.696411 0.140018
0.715578 0.141654
0.654574 0.227143
0.636565 0.224199
0.637333 0.200433
0.655742 0.202907
0.170472 0.416765
0.174115 0.433787
0.149884 0.441187
0.146267 0.423417
0.792197 0.585168
0.786662 0.569501
0.809518 0.562753
0.813939 0.579599
0.357207 0.997045
0.359002 0.981623
0.688832 0.853493
0.693614 0.855119
0.671282 0.852421
0.733125 0.174843
0.734321 0.147490
0.672946 0.244099
0.673549 0.215146
0.179527 0.397315
0.155697 0.400427
0.788104 0.600885
0.806009 0.599509
0.666074 0.877824
0.666713 0.858768
0.669581 0.878503
0.679249 0.881516
0.683075 0.883255
0.649297 0.919232
0.652487 0.920223
0.660429 0.922604
0.663686 0.924187
0.631831 0.964950
0.628311 0.964270
0.639441 0.967037
0.642640 0.968818
0.754644 0.184438
0.740225 0.181748
0.755305 0.180380
0.758640 0.170432
0.741193 0.151559
0.761052 0.167304
0.791181 0.205465
0.792569 0.202675
0.795928 0.196739
0.797659 0.194351
0.844596 0.242930
0.845992 0.240718
0.849921 0.236592
0.851972 0.234981
0.888740 0.272536
0.697521 0.245565
0.680836 0.221899
0.700117 0.243028
0.696026 0.256085
0.696123 0.260388
0.680160 0.253583
0.728396 0.277740
0.730533 0.276255
0.725128 0.282005
0.723468 0.284257
0.767936 0.320812
0.770108 0.319141
0.765641 0.325285
0.764608 0.328365
0.191944 0.376738
0.186412 0.389287
0.188383 0.376303
0.180603 0.373080
0.161839 0.390262
0.178410 0.370388
0.216220 0.336695
0.218858 0.338614
0.211230 0.332962
0.209060 0.331155
0.259727 0.282695
0.257198 0.281777
0.252546 0.279479
0.250683 0.277804
0.297507 0.232861
0.786539 0.621113
0.799911 0.608129
0.788161 0.623011
0.781242 0.619380
0.784190 0.605482
0.778704 0.619146
0.763718 0.650737
0.765511 0.652322
0.759780 0.648470
0.757617 0.647508
0.721776 0.705631
0.723344 0.707252
0.717928 0.703269
0.715647 0.702346
0.930172 0.021694
0.931901 0.020012
0.929032 0.025897
0.929422 0.028217
0.809233 0.012246
0.812172 0.019675
0.810046 0.020757
0.807034 0.013466
0.806936 0.022449
0.804638 0.017329
0.816970 0.033515
0.814883 0.034603
0.811686 0.036173
0.824051 0.055080
0.821955 0.056127
0.818927 0.057852
0.012051 0.320910
0.003722 0.352975
0.941364 0.690726
0.930197 0.688151
0.931023 0.696238
0.926659 0.692422
0.107166 0.368640
0.091831 0.374220
0.078758 0.418883
0.082109 0.416191
0.084150 0.420276
0.080885 0.423244
0.103955 0.421772
0.085752 0.428516
0.116432 0.409035
0.075965 0.410645
0.113535 0.276873
0.112054 0.292560
0.075955 0.425668
0.074789 0.421786
0.269489 0.064028
0.273096 0.073032
0.258106 0.067984
0.258133 0.062280
0.934085 0.655845
0.927051 0.648895
0.939119 0.636914
0.942630 0.646851
0.923530 0.666914
0.917117 0.661009
0.916931 0.675570
0.912195 0.670465
0.913308 0.682554
0.907013 0.676040
0.912533 0.687996
0.906136 0.684418
0.913928 0.694185
0.907332 0.694805
0.919139 0.703222
0.914881 0.707429
0.231731 0.057401
0.231328 0.062452
0.223413 0.054833
0.225154 0.051608
0.242620 0.060814
0.242581 0.066448
0.941232 0.659005
0.951746 0.648372
0.929582 0.669376
0.922915 0.677383
0.919408 0.684346
0.918049 0.689311
0.918728 0.694218
0.922430 0.701123
0.961677 0.660056
0.968525 0.651787
0.949340 0.668994
0.013153 0.820190
0.010461 0.822076
0.219237 0.050649
0.216639 0.042567
0.219949 0.042262
0.569889 0.056435
0.571409 0.056145
0.580094 0.066131
0.578991 0.067340
0.572053 0.055787
0.580597 0.064815
0.572451 0.055075
0.580910 0.062957
0.572641 0.054027
0.581100 0.060588
0.572653 0.052663
0.581201 0.057768
0.572546 0.051018
0.581241 0.054570
0.572423 0.049141
0.581266 0.051085
0.572398 0.047134
0.581339 0.047436
0.572519 0.045143
0.581495 0.043782
0.572722 0.043295
0.581701 0.040286
0.572901 0.041663
0.581890 0.037078
0.572977 0.040290
0.582002 0.034248
0.572887 0.039217
0.581987 0.031876
0.572581 0.038468
0.581804 0.030020
0.572015 0.038054
0.581393 0.028689
0.570562 0.037661
0.580377 0.027427
0.590158 0.072835
0.589527 0.074640
0.590470 0.070909
0.590690 0.068348
0.590861 0.065143
0.591005 0.061363
0.591133 0.057118
0.591265 0.052538
0.591413 0.047780
0.591595 0.043016
0.591791 0.038428
0.591970 0.034177
0.592102 0.030395
0.592160 0.027187
0.592120 0.024625
0.591934 0.022689
0.591421 0.020860
0.601415 0.075370
0.601352 0.077386
0.601487 0.073243
0.601581 0.070454
0.601706 0.066973
0.601854 0.062869
0.602022 0.058265
0.602201 0.053303
0.602383 0.048161
0.602565 0.043016
0.602744 0.038054
0.602909 0.033450
0.603060 0.029346
0.603182 0.025862
0.603280 0.023073
0.603348 0.020949
0.603411 0.018933
0.612829 0.073627
0.613343 0.075459
0.612646 0.071694
0.612603 0.069132
0.612661 0.065924
0.612793 0.062142
0.612972 0.057891
0.613171 0.053303
0.613350 0.048539
0.613501 0.043781
0.613630 0.039201
0.613761 0.034956
0.613903 0.031176
0.614076 0.027971
0.614293 0.025410
0.614608 0.023484
0.615236 0.021679
0.623372 0.067629
0.624386 0.068892
0.622959 0.066299
0.622778 0.064443
0.622764 0.062071
0.622873 0.059244
0.623062 0.056033
0.623268 0.052539
0.623424 0.048886
0.623500 0.045234
0.623525 0.041749
0.623565 0.038554
0.623664 0.035731
0.623856 0.033361
0.624166 0.031504
0.624670 0.030188
0.625772 0.028982
0.632751 0.058265
0.634203 0.058660
0.632182 0.057854
0.631879 0.057105
0.631786 0.056031
0.631862 0.054659
0.632044 0.053027
0.632247 0.051179
0.632367 0.049187
0.632343 0.047181
0.632219 0.045303
0.632113 0.043659
0.632125 0.042295
0.632312 0.041246
0.632713 0.040534
0.633354 0.040176
0.634874 0.039886
0.559605 0.046818
0.561593 0.046736
0.565326 0.059176
0.566125 0.034772
0.576831 0.023322
0.589620 0.016006
0.603526 0.013821
0.617250 0.016919
0.629517 0.025068
0.639439 0.037146
0.645159 0.049507
0.643170 0.049585
0.638638 0.061550
0.627935 0.072997
0.615146 0.080313
0.601240 0.082496
0.587516 0.079400
0.575249 0.071254
0.550908 0.046994
0.556152 0.064822
0.556999 0.029158
0.569648 0.014679
0.585837 0.005706
0.603574 0.002995
0.621113 0.006687
0.636746 0.016507
0.648614 0.031502
0.653858 0.049327
0.647764 0.067163
0.635116 0.081639
0.618926 0.090611
0.601192 0.093324
0.583653 0.089632
0.568020 0.079812
0.875946 0.198328
0.877665 0.183573
0.902011 0.204609
0.896147 0.217830
0.490024 0.122719
0.499647 0.096674
0.510764 0.106145
0.498078 0.135308
0.852105 0.178337
0.849125 0.163278
0.850483 0.162897
0.854127 0.177915
0.878141 0.161544
0.841974 0.139189
0.526422 0.120783
0.508219 0.154976
0.879614 0.137506
0.842396 0.118200
0.544574 0.138765
0.520144 0.176040
0.878144 0.108822
0.841162 0.094273
0.559395 0.168565
0.531461 0.202526
0.874203 0.079625
0.842134 0.072506
0.567016 0.208214
0.540776 0.230509
0.869999 0.051765
0.847807 0.047466
0.568148 0.243378
0.549264 0.257397
0.853508 0.035860
0.867744 0.031658
0.564506 0.267079
0.556093 0.276476
0.482682 0.165332
0.479344 0.150263
0.909696 0.184813
0.485454 0.190273
0.918158 0.160948
0.495085 0.209027
0.918390 0.127800
0.504519 0.231125
0.907765 0.088770
0.514990 0.250350
0.893257 0.056516
0.531143 0.270561
0.879497 0.036623
0.541400 0.278644
0.155689 0.464453
0.157624 0.453297
0.170632 0.461577
0.168531 0.471811
0.712495 0.418519
0.708401 0.417314
0.711088 0.402895
0.712713 0.402888
0.645736 0.483120
0.644541 0.482075
0.654579 0.471776
0.657038 0.475162
0.698917 0.411506
0.701976 0.397502
0.065498 0.456829
0.080123 0.456668
0.078864 0.461450
0.063397 0.462674
0.063547 0.469470
0.078926 0.466303
0.080190 0.471337
0.065963 0.477274
0.084136 0.477762
0.072210 0.486349
0.090827 0.485750
0.083348 0.498055
0.098487 0.490532
0.093333 0.504784
0.107334 0.492320
0.105456 0.511684
0.116327 0.495711
0.117127 0.514303
0.126226 0.496625
0.129510 0.513733
0.135186 0.495074
0.140118 0.511621
0.142303 0.491197
0.149905 0.506751
0.147480 0.485102
0.158502 0.499048
0.152345 0.476044
0.164480 0.485730
0.687982 0.406253
0.688765 0.391087
0.677883 0.403732
0.674680 0.386489
0.669802 0.403399
0.663072 0.387561
0.662102 0.405948
0.652804 0.391346
0.654938 0.411394
0.644100 0.397589
0.649021 0.419171
0.635384 0.406159
0.645597 0.427954
0.629566 0.416354
0.641041 0.435566
0.626704 0.429752
0.639561 0.444328
0.625142 0.441494
0.641178 0.454551
0.626591 0.457413
0.643433 0.461743
0.629309 0.468027
0.646427 0.466057
0.633626 0.475013
0.650093 0.469395
0.638691 0.479680
0.693591 0.427153
0.700466 0.431238
0.686288 0.423721
0.679886 0.422231
0.674886 0.421935
0.669934 0.423533
0.665280 0.427118
0.661579 0.432229
0.659484 0.437936
0.656334 0.442533
0.655345 0.448140
0.656450 0.454467
0.658002 0.459009
0.659961 0.461815
0.662448 0.464051
0.665387 0.465963
0.666545 0.470577
0.091086 0.456425
0.091591 0.453179
0.091120 0.459601
0.091936 0.462791
0.094357 0.466863
0.098450 0.471834
0.103384 0.474829
0.108986 0.475590
0.114744 0.477873
0.121121 0.478598
0.126970 0.477613
0.131495 0.475083
0.134599 0.471253
0.137712 0.465609
0.139907 0.458051
0.141282 0.450502
0.705411 0.432872
0.693896 0.445100
0.697405 0.447283
0.690096 0.443244
0.686656 0.442415
0.683994 0.442282
0.681297 0.443155
0.678810 0.445077
0.676812 0.447865
0.675638 0.450876
0.674004 0.453384
0.673466 0.456355
0.674058 0.459695
0.674907 0.462002
0.675940 0.463303
0.677245 0.464205
0.678648 0.465435
0.678852 0.470188
0.100144 0.444802
0.099832 0.442768
0.100128 0.446490
0.100558 0.448197
0.101854 0.450396
0.104079 0.453071
0.106752 0.454668
0.109790 0.455156
0.112896 0.456316
0.116375 0.456725
0.119543 0.456185
0.121991 0.454811
0.123676 0.452772
0.125367 0.449689
0.126579 0.445617
0.127527 0.441455
0.702384 0.448225
0.613878 0.502676
0.625028 0.505146
0.604038 0.492824
0.597296 0.477109
0.030163 0.478904
0.037599 0.494307
0.029262 0.465191
0.034855 0.455477
0.625400 0.505475
0.710588 0.371900
0.700359 0.371051
0.711119 0.371919
0.187564 0.490866
0.193813 0.482914
0.181162 0.508736
0.174355 0.527021
0.161886 0.533845
0.147239 0.541921
0.132637 0.544365
0.115894 0.547359
0.100685 0.546836
0.083276 0.533831
0.066576 0.524585
0.046475 0.508381
0.593674 0.435834
0.592531 0.461245
0.597829 0.417554
0.599597 0.396248
0.609392 0.384903
0.622892 0.374812
0.634538 0.365904
0.650501 0.360747
0.664049 0.356319
0.682504 0.363670
0.594952 0.519883
0.611395 0.517893
0.580172 0.503466
0.571544 0.483991
0.556247 0.465063
0.559834 0.427448
0.565174 0.401037
0.569883 0.375897
0.582889 0.361012
0.599242 0.348748
0.615010 0.337842
0.634986 0.330610
0.653014 0.323232
0.676344 0.330131
0.699094 0.337122
0.714043 0.337799
0.714347 0.337832
0.212515 0.514602
0.222050 0.503356
0.202546 0.535729
0.192128 0.557217
0.174410 0.565290
0.155498 0.574874
0.136615 0.578952
0.116307 0.582545
0.096254 0.581962
0.073959 0.568505
0.050276 0.554659
0.019249 0.532035
0.015103 0.508295
0.006072 0.489009
0.003492 0.467332
0.016023 0.456787
0.532223 0.418010
0.534208 0.440335
0.527084 0.381855
0.539245 0.351960
0.554957 0.333902
0.573565 0.319397
0.593806 0.305399
0.616912 0.296898
0.640895 0.288317
0.671483 0.293168
0.703204 0.299452
0.717399 0.316813
0.243921 0.536935
0.240255 0.515029
0.227399 0.564059
0.210559 0.589408
0.187935 0.600975
0.165962 0.611965
0.141729 0.617199
0.118208 0.620914
0.093928 0.620157
0.063020 0.608893
0.038949 0.580938
0.023292 0.564536
0.517871 0.333202
0.514512 0.352029
0.532809 0.312756
0.552578 0.295456
0.576537 0.277671
0.602749 0.267995
0.632055 0.258229
0.666826 0.262528
0.691314 0.276055
0.247580 0.587987
0.253726 0.561226
0.227518 0.615986
0.200422 0.630601
0.175474 0.643045
0.145869 0.648423
0.119445 0.651101
0.093868 0.648181
0.077287 0.637980
0.011877 0.093710
0.005317 0.060360
0.007009 0.059849
0.013600 0.093160
0.010877 0.093805
0.004517 0.060434
0.008684 0.093914
0.002358 0.060583
0.015426 0.092587
0.008717 0.059330
0.009553 0.059241
0.016634 0.092448
0.020214 0.127096
0.018419 0.127496
0.017277 0.127675
0.015151 0.127970
0.022009 0.126696
0.023154 0.126515
0.421032 0.666827
0.422257 0.665846
0.439680 0.696373
0.438267 0.697708
0.423106 0.665491
0.440763 0.695994
0.424960 0.664805
0.443076 0.695460
0.419604 0.667859
0.436747 0.699113
0.435439 0.699548
0.418474 0.668267
0.411390 0.647589
0.412098 0.648972
0.412098 0.648972
0.410937 0.647740
0.412289 0.649086
0.412289 0.649086
0.412278 0.649987
0.411390 0.647589
0.025740 0.156480
0.024006 0.157010
0.022951 0.157115
0.020763 0.157247
0.028855 0.155785
0.027592 0.155941
0.903051 0.291513
0.889708 0.316115
0.888110 0.315428
0.901444 0.290879
0.903876 0.292010
0.890360 0.316503
0.898815 0.289653
0.885877 0.314367
0.884104 0.313324
0.897080 0.288541
0.899783 0.290220
0.886585 0.314777
0.714068 0.238897
0.712675 0.238200
0.712910 0.238216
0.714283 0.238946
0.917492 0.261116
0.919039 0.261789
0.919911 0.262282
0.914834 0.259827
0.913102 0.258793
0.915862 0.260399
0.955201 0.191145
0.956844 0.191885
0.936607 0.229281
0.934884 0.228833
0.957879 0.192455
0.937508 0.229911
0.952716 0.189937
0.932244 0.227749
0.930678 0.226405
0.950944 0.188904
0.953626 0.190442
0.933155 0.228384
0.850851 0.311401
0.851517 0.309649
0.901796 0.336512
0.901136 0.338359
0.852138 0.308641
0.902470 0.335462
0.849575 0.314101
0.899860 0.341137
0.898502 0.342946
0.848308 0.315867
0.850191 0.313133
0.900499 0.340164
0.759149 0.261137
0.803535 0.284577
0.803164 0.285988
0.758937 0.262338
0.759596 0.260586
0.804025 0.283897
0.758179 0.264243
0.802156 0.288312
0.800980 0.289625
0.757109 0.265239
0.758690 0.263596
0.802745 0.287485
0.727046 0.244212
0.726880 0.245222
0.727456 0.243655
0.726358 0.246601
0.725463 0.247374
0.726723 0.246190
0.714250 0.238856
0.712675 0.238200
0.714283 0.238946
0.714250 0.238856
0.979350 0.146362
0.981102 0.146888
0.982070 0.147525
0.975090 0.143958
0.976738 0.145255
0.977637 0.145854
0.841372 0.551039
0.823924 0.570034
0.822447 0.569207
0.839896 0.550143
0.836466 0.546982
0.819328 0.566270
0.818850 0.565694
0.835764 0.546244
0.837740 0.548529
0.820532 0.567853
0.838433 0.549266
0.821021 0.568446
0.808981 0.658693
0.811013 0.656204
0.811633 0.657145
0.809342 0.659359
0.861937 0.525778
0.863248 0.526741
0.858364 0.522619
0.857660 0.521954
0.859736 0.523992
0.860561 0.524759
0.913233 0.468824
0.914578 0.469883
0.887184 0.500182
0.885683 0.499388
0.909799 0.465827
0.882328 0.496205
0.881634 0.495421
0.908959 0.465075
0.911217 0.467157
0.883475 0.497801
0.911946 0.467817
0.884177 0.498591
0.676799 0.791178
0.678022 0.792180
0.637685 0.831496
0.636358 0.830405
0.673611 0.787946
0.633239 0.827231
0.632467 0.826401
0.672969 0.787242
0.674825 0.789367
0.634486 0.828707
0.675539 0.790137
0.635109 0.829397
0.759163 0.711916
0.718381 0.752112
0.717275 0.751344
0.758181 0.711291
0.755952 0.708912
0.714750 0.748687
0.714221 0.748048
0.755527 0.708369
0.756705 0.710056
0.715655 0.749955
0.757175 0.710641
0.716175 0.750582
0.791749 0.679942
0.790822 0.679396
0.788762 0.677163
0.788384 0.676653
0.789421 0.678245
0.789864 0.678814
0.812919 0.658098
0.810775 0.659400
0.811893 0.657526
0.946719 0.431587
0.948240 0.432499
0.942582 0.427664
0.943390 0.428505
0.944642 0.430047
0.945292 0.430746
0.894666 0.820268
0.877649 0.840154
0.876267 0.839411
0.893250 0.819497
0.895305 0.820929
0.878124 0.840688
0.891084 0.817986
0.874379 0.838126
0.873142 0.836691
0.889841 0.816537
0.891797 0.818700
0.874876 0.838666
0.417654 0.125439
0.418897 0.126395
0.418641 0.126295
0.417450 0.125305
0.913534 0.795497
0.914852 0.796423
0.915615 0.797087
0.911447 0.793904
0.910068 0.792636
0.912214 0.794570
0.961661 0.738357
0.962967 0.739349
0.937293 0.769850
0.935858 0.769074
0.963790 0.740026
0.937998 0.770557
0.959645 0.736780
0.933671 0.767554
0.932439 0.766107
0.958207 0.735569
0.960395 0.737397
0.934406 0.768286
0.325931 0.049452
0.324956 0.050905
0.287089 0.019096
0.288085 0.017565
0.324170 0.051675
0.286251 0.019889
0.327706 0.047241
0.289892 0.015281
0.291550 0.013927
0.329279 0.045915
0.326908 0.048001
0.289069 0.016047
0.387309 0.102048
0.359499 0.079223
0.360152 0.078001
0.387758 0.101019
0.386778 0.102471
0.358872 0.079772
0.388822 0.099511
0.361545 0.076143
0.362925 0.075199
0.390002 0.098839
0.388238 0.099966
0.360843 0.076744
0.407205 0.118188
0.407479 0.117415
0.406799 0.118517
0.408242 0.116295
0.409168 0.115853
0.407803 0.116606
0.417529 0.125360
0.418897 0.126395
0.417450 0.125305
0.991813 0.702499
0.993267 0.703309
0.994010 0.704036
0.988381 0.699548
0.989649 0.700989
0.990371 0.701698
0.344715 0.497738
0.362102 0.471794
0.363633 0.472325
0.346279 0.498365
0.343979 0.497067
0.361588 0.471249
0.342631 0.495595
0.360314 0.469740
0.970941 0.463470
0.989534 0.438263
0.990030 0.438829
0.971669 0.464178
0.365167 0.472852
0.347855 0.498992
0.696308 0.023327
0.697499 0.021807
0.697449 0.021987
0.696262 0.023413
0.327381 0.526367
0.325940 0.525543
0.325114 0.524914
0.323611 0.523680
0.951097 0.490975
0.951924 0.491634
0.328832 0.527197
0.283646 0.590628
0.282209 0.589775
0.305458 0.555696
0.307002 0.556342
0.281354 0.589134
0.304689 0.555007
0.279843 0.587924
0.303343 0.553562
0.907159 0.554349
0.930478 0.520265
0.931273 0.520981
0.907963 0.554969
0.285063 0.591468
0.308568 0.557003
0.609614 0.136415
0.611201 0.137130
0.576888 0.182470
0.575197 0.181698
0.611964 0.137837
0.577752 0.183259
0.613351 0.139348
0.579188 0.184835
0.607975 0.135657
0.573535 0.180945
0.572726 0.180190
0.607122 0.134869
0.665002 0.065577
0.641245 0.097197
0.639935 0.096740
0.664017 0.065108
0.665476 0.066003
0.641807 0.097780
0.666383 0.066930
0.642808 0.099078
0.662991 0.064603
0.638575 0.096240
0.637932 0.095575
0.662446 0.064110
0.686608 0.036648
0.685866 0.036263
0.687003 0.036978
0.687758 0.037668
0.685086 0.035836
0.684674 0.035460
0.696583 0.022966
0.697499 0.021807
0.696262 0.023413
0.697449 0.021987
0.255580 0.631939
0.253992 0.631298
0.253184 0.630569
0.251849 0.629095
0.879592 0.595129
0.878854 0.594429
0.257140 0.632562
0.365181 0.229945
0.348027 0.252588
0.346374 0.252058
0.363491 0.229273
0.365960 0.230705
0.348528 0.253204
0.361073 0.227893
0.344219 0.250934
0.342976 0.249271
0.359709 0.226289
0.361819 0.228620
0.344722 0.251538
0.384132 0.201570
0.385656 0.202463
0.386523 0.203145
0.381716 0.199979
0.380147 0.198647
0.382599 0.200672
0.432816 0.135994
0.434337 0.136921
0.408471 0.171739
0.406834 0.171028
0.435239 0.137612
0.409275 0.172475
0.430450 0.134416
0.404330 0.169535
0.402927 0.167998
0.428858 0.133116
0.431316 0.135081
0.405175 0.170300
0.483296 0.718724
0.481746 0.718075
0.512922 0.672233
0.514564 0.672937
0.480988 0.717402
0.512069 0.671485
0.485746 0.720159
0.516978 0.674339
0.518398 0.675851
0.487110 0.721626
0.484898 0.719411
0.516178 0.673622
0.437316 0.784924
0.454335 0.759199
0.455652 0.759633
0.436142 0.788287
0.434895 0.787557
0.453742 0.758627
0.439822 0.786273
0.457688 0.760748
0.458714 0.762055
0.438665 0.790176
0.439305 0.785817
0.457018 0.760100
0.464122 0.093767
0.465810 0.094478
0.466657 0.095257
0.460275 0.090764
0.461667 0.092333
0.462464 0.093076
0.437878 0.789687
0.761573 0.147287
0.735471 0.129264
0.736120 0.127627
0.762279 0.145615
0.760873 0.148073
0.734900 0.129835
0.763736 0.143065
0.737340 0.125394
0.738886 0.123918
0.765275 0.141556
0.763001 0.143912
0.736767 0.125984
0.791952 0.165906
0.791064 0.167468
0.790392 0.168365
0.793537 0.163410
0.794854 0.161771
0.792848 0.164331
0.861046 0.213295
0.860129 0.214859
0.823464 0.189667
0.824153 0.187989
0.859441 0.215791
0.822726 0.190502
0.862610 0.210857
0.825626 0.185410
0.827174 0.183946
0.863909 0.209211
0.861947 0.211751
0.824859 0.186288
0.446607 0.149585
0.445018 0.148921
0.476962 0.101913
0.478646 0.102634
0.444240 0.148231
0.476088 0.101146
0.449119 0.151055
0.481122 0.104070
0.482577 0.105620
0.450518 0.152559
0.448250 0.150289
0.480301 0.103335
0.399469 0.217355
0.416935 0.191082
0.418285 0.191526
0.398297 0.220810
0.397002 0.220047
0.416329 0.190495
0.402043 0.218725
0.420370 0.192669
0.421421 0.194008
0.400905 0.222765
0.401569 0.218305
0.419684 0.192005
0.905442 0.243803
0.904753 0.245529
0.903971 0.246407
0.908440 0.239830
0.906856 0.241281
0.906111 0.242107
0.400101 0.222269
0.968830 0.219267
0.986619 0.192450
0.988325 0.192992
0.970577 0.219923
0.968004 0.218520
0.986058 0.191839
0.973148 0.221311
0.990602 0.194130
0.992020 0.195786
0.974652 0.222920
0.972322 0.220573
0.990032 0.193527
0.950451 0.250667
0.948848 0.249789
0.947926 0.249109
0.953007 0.252245
0.954684 0.253578
0.952066 0.251552
0.903634 0.322343
0.902021 0.321452
0.926902 0.283394
0.928614 0.284072
0.901070 0.320754
0.926043 0.282652
0.906136 0.323891
0.931254 0.285536
0.932765 0.287099
0.907810 0.325215
0.905224 0.323220
0.930351 0.284766
0.645289 0.127245
0.646946 0.127925
0.613334 0.175301
0.611572 0.174578
0.647755 0.128627
0.614238 0.176088
0.642673 0.125744
0.608989 0.173121
0.607491 0.171531
0.641219 0.124215
0.643577 0.126524
0.609839 0.173874
0.694891 0.058785
0.676526 0.085373
0.675117 0.084916
0.696167 0.055304
0.697499 0.056068
0.677157 0.085970
0.692216 0.057373
0.672941 0.083749
0.671849 0.082387
0.693477 0.053330
0.692766 0.057848
0.673655 0.084424
0.581471 0.220065
0.579877 0.219117
0.582428 0.220761
0.575695 0.216211
0.577389 0.217517
0.578306 0.218185
0.694316 0.053842
0.909446 0.584352
0.889231 0.611657
0.887547 0.610997
0.907727 0.583603
0.910243 0.585095
0.889796 0.612257
0.911721 0.586726
0.891204 0.613914
0.912551 0.587502
0.891768 0.614525
0.885858 0.610340
0.905986 0.582844
0.929871 0.553932
0.931453 0.554878
0.932356 0.555588
0.933998 0.556976
0.934923 0.557702
0.928277 0.552977
0.981009 0.485739
0.982600 0.486694
0.955438 0.522881
0.953732 0.522129
0.983529 0.487425
0.956273 0.523653
0.985160 0.488809
0.957731 0.525264
0.986050 0.489512
0.958609 0.526067
0.979441 0.484799
0.952003 0.521360
0.619750 0.203642
0.617986 0.202908
0.655211 0.149991
0.657215 0.150801
0.617122 0.202159
0.654181 0.149104
0.615539 0.200557
0.652463 0.147314
0.614554 0.199744
0.651490 0.146469
0.621573 0.204426
0.659186 0.151593
0.576869 0.260292
0.588020 0.245281
0.589249 0.245710
0.575509 0.261930
0.575847 0.262190
0.587494 0.244778
0.576869 0.260292
0.576913 0.260139
0.586475 0.243618
0.577194 0.260327
0.585808 0.243056
0.576913 0.260139
0.575509 0.261930
0.590474 0.246175
0.691815 0.097770
0.693676 0.098856
0.690694 0.096972
0.688712 0.095472
0.687640 0.094704
0.695509 0.099928
0.577194 0.260327
0.969648 0.543570
0.990083 0.512290
0.991743 0.512912
0.971346 0.544266
0.968843 0.542870
0.989499 0.511720
0.967309 0.541311
0.988022 0.510141
0.973075 0.544978
0.993409 0.513533
0.994010 0.514104
0.973945 0.545714
0.950681 0.575768
0.949097 0.574882
0.948183 0.574209
0.946515 0.572888
0.952279 0.576662
0.953218 0.577351
0.903858 0.646777
0.902261 0.645885
0.927141 0.608200
0.928840 0.608882
0.901320 0.645189
0.926290 0.607459
0.899665 0.643866
0.924795 0.605900
0.905432 0.647654
0.930563 0.609579
0.931458 0.610350
0.906334 0.648323
0.908510 0.519403
0.906786 0.518658
0.943402 0.465403
0.945356 0.466231
0.905942 0.517901
0.942400 0.464503
0.904396 0.516278
0.940732 0.462689
0.910292 0.520199
0.947276 0.467039
0.948216 0.467903
0.911230 0.521051
0.866773 0.577370
0.877422 0.561579
0.878633 0.562008
0.865472 0.579067
0.865782 0.579367
0.876901 0.561069
0.866773 0.577370
0.866794 0.577260
0.875891 0.559894
0.867096 0.577346
0.879841 0.562472
0.880441 0.563102
0.866794 0.577260
0.865472 0.579067
0.979432 0.413028
0.981241 0.414132
0.978344 0.412216
0.976420 0.410693
0.984060 0.416008
0.983021 0.415224
0.867096 0.577346
0.713025 0.653933
0.696026 0.678822
0.694387 0.678238
0.711348 0.653282
0.713818 0.654611
0.696594 0.679377
0.708809 0.651922
0.692158 0.677103
0.690695 0.675603
0.707303 0.650438
0.709649 0.652622
0.692742 0.677656
0.730885 0.624318
0.732448 0.625153
0.733347 0.625793
0.728387 0.622822
0.726745 0.621567
0.729310 0.623476
0.776583 0.556470
0.778159 0.557313
0.753873 0.593338
0.752199 0.592697
0.779089 0.557972
0.754712 0.594039
0.774138 0.555007
0.749620 0.591312
0.748143 0.589835
0.772502 0.553755
0.775030 0.555641
0.750502 0.592041
0.879019 0.798866
0.877408 0.798216
0.909715 0.752069
0.911427 0.752761
0.876618 0.797540
0.908835 0.751311
0.881566 0.800305
0.913939 0.754159
0.915401 0.755692
0.882986 0.801779
0.880684 0.799554
0.913111 0.753434
0.831339 0.865632
0.849003 0.839687
0.850374 0.840120
0.830160 0.869039
0.828839 0.868292
0.848386 0.839112
0.833960 0.866970
0.852493 0.841239
0.853563 0.842553
0.832820 0.870953
0.833476 0.866559
0.851795 0.840588
0.940350 0.708539
0.941899 0.709449
0.939419 0.707869
0.945967 0.712243
0.944318 0.710987
0.943427 0.710344
0.832000 0.870468
0.400122 0.971628
0.418055 0.993443
0.417071 0.994647
0.399078 0.972848
0.400931 0.971148
0.418697 0.993111
0.397159 0.974610
0.415438 0.996205
0.413718 0.997045
0.395438 0.975480
0.398013 0.974090
0.416086 0.995858
0.378684 0.948290
0.379877 0.947223
0.380691 0.946631
0.376663 0.949963
0.375117 0.951025
0.377487 0.949362
0.743568 0.085740
0.744873 0.084852
0.765294 0.110684
0.764077 0.111832
0.745635 0.084241
0.766217 0.110083
0.741428 0.087283
0.762124 0.113440
0.760461 0.114391
0.739994 0.088460
0.742239 0.086645
0.762927 0.112930
0.704449 0.036262
0.706717 0.038041
0.722804 0.057076
0.721866 0.058143
0.705113 0.035599
0.723513 0.056658
0.705243 0.039633
0.719901 0.059809
0.718314 0.060534
0.702389 0.037570
0.705178 0.038755
0.720813 0.059274
0.786216 0.137251
0.784992 0.138294
0.787049 0.136678
0.781341 0.140946
0.782923 0.139922
0.783764 0.139342
0.772950 0.378467
0.790452 0.405292
0.789284 0.406463
0.771721 0.379654
0.773832 0.378033
0.791145 0.404990
0.775719 0.377270
0.793019 0.404263
0.770457 0.380870
0.788113 0.407642
0.787410 0.407962
0.769501 0.381359
0.752912 0.350732
0.754275 0.349720
0.755184 0.349167
0.756905 0.348184
0.751544 0.351748
0.750624 0.352308
0.227218 0.477890
0.225941 0.478681
0.196724 0.438469
0.198251 0.437252
0.225261 0.479199
0.195635 0.439167
0.223801 0.480379
0.193716 0.440287
0.228675 0.477015
0.199680 0.436098
0.200614 0.435544
0.229656 0.476361
0.243235 0.501908
0.241637 0.499454
0.241637 0.499454
0.243776 0.501598
0.242013 0.500079
0.242013 0.500079
0.242216 0.499837
0.243235 0.501908
0.732010 0.318691
0.733328 0.317496
0.734364 0.316944
0.736207 0.316134
0.729902 0.320274
0.730776 0.319822
0.969134 0.965804
0.997802 0.954008
0.998807 0.955403
0.970128 0.967287
0.968875 0.964790
0.997655 0.953228
0.968524 0.962698
0.997370 0.951152
0.971135 0.968791
0.998980 0.956764
0.999140 0.957550
0.971418 0.969848
0.937513 0.980646
0.936724 0.979069
0.936362 0.978028
0.935753 0.976053
0.938308 0.982236
0.938681 0.983303
0.677362 0.967635
0.676089 0.966353
0.703700 0.944233
0.705242 0.945377
0.675468 0.965447
0.703133 0.943217
0.674325 0.963624
0.702254 0.941104
0.678669 0.968981
0.706824 0.946568
0.707449 0.947681
0.679358 0.970003
0.638854 0.996601
0.640415 0.995545
0.651695 0.985988
0.652600 0.987009
0.639251 0.997045
0.651229 0.985380
0.640415 0.995545
0.640205 0.995661
0.650153 0.984004
0.640423 0.995838
0.653581 0.988228
0.654173 0.989128
0.640205 0.995661
0.638854 0.996601
0.903757 0.994391
0.902792 0.992915
0.902516 0.991882
0.902139 0.989821
0.905054 0.997045
0.904740 0.995919
0.220952 0.028479
0.256922 0.028312
0.257311 0.030032
0.221258 0.030328
0.221063 0.027363
0.257066 0.027489
0.221434 0.025188
0.257544 0.025393
0.221570 0.032153
0.257706 0.031662
0.257573 0.032379
0.221469 0.033244
0.185386 0.030442
0.185417 0.028611
0.185400 0.027484
0.185350 0.025324
0.185357 0.032315
0.185375 0.033522
0.007022 0.616818
0.008488 0.616418
0.017562 0.646582
0.015776 0.647297
0.009353 0.616151
0.018630 0.646347
0.011121 0.615564
0.020956 0.645953
0.005415 0.617209
0.013821 0.648081
0.012413 0.648323
0.004334 0.617440
0.003380 0.600593
0.003677 0.601776
0.003677 0.601776
0.002985 0.600680
0.003745 0.601692
0.003745 0.601692
0.003521 0.602342
0.003380 0.600593
0.154928 0.030391
0.155122 0.028632
0.155049 0.027635
0.154788 0.025485
0.154801 0.033628
0.154706 0.032319
0.427456 0.406983
0.458129 0.407271
0.458410 0.409037
0.427529 0.408839
0.427505 0.405912
0.458253 0.406461
0.427655 0.403704
0.458657 0.404323
0.427607 0.410739
0.458697 0.410809
0.458587 0.411637
0.427565 0.411902
0.399511 0.408494
0.399549 0.406657
0.399557 0.405529
0.399566 0.403364
0.399472 0.410365
0.399463 0.411559
0.634576 0.844014
0.634763 0.846207
0.637344 0.864438
0.635663 0.864809
0.634006 0.843935
0.638355 0.864339
0.634763 0.846207
0.634901 0.846171
0.640502 0.864150
0.634441 0.846397
0.633810 0.865148
0.632583 0.865152
0.634901 0.846171
0.634576 0.844014
0.641963 0.897500
0.639881 0.897965
0.643263 0.897343
0.645758 0.897128
0.636366 0.898536
0.637751 0.898436
0.702954 0.037146
0.242216 0.499837
0.640423 0.995838
0.412278 0.649987
0.003521 0.602342
0.634441 0.846397
0.003549 0.817759
0.002897 0.821817
0.038684 0.256432
0.075166 0.261800
0.006356 0.243668
0.102821 0.256739
0.115992 0.237281
0.980080 0.657797
0.976783 0.666246
0.964727 0.673612
0.221833 0.042125
0.289627 0.053413
0.293527 0.042567
0.596595 0.770075
0.584122 0.762647
0.880325 0.766687
0.641339 0.600386
0.268425 0.811261
0.434817 0.956860
0.800396 0.997887
0.136316 0.195835
0.828447 0.997045
0.967692 0.755269
0.002458 0.956043
0.262030 0.595248
0.507785 0.995763
0.071075 0.439083
0.084855 0.434360
0.897991 0.218468
0.712910 0.238216
0.417529 0.125360
0.418641 0.126295
0.696583 0.022966
0.575847 0.262190
0.865782 0.579367
0.243776 0.501598
0.639251 0.997045
0.410937 0.647740
0.002985 0.600680
0.634006 0.843935
</float_array>
          <technique_common>
            <accessor source="#Lionfish-UV0-array" count="3956" stride="2">
              <param name="S" type="float"/>
              <param name="T" type="float"/>
            </accessor>
          </technique_common>
        </source>
        <vertices id="Lionfish-VERTEX">
          <input semantic="POSITION" source="#Lionfish-POSITION"/>
        </vertices>
        <triangles count="5588" material="Lionfish_ncl1_1">
          <input semantic="VERTEX" offset="0" source="#Lionfish-VERTEX"/>
          <input semantic="NORMAL" offset="1" source="#Lionfish-Normal0"/>
          <input semantic="TEXCOORD" offset="2" set="0" source="#Lionfish-UV0"/>
          <p> 1 0 3 7 1 0 0 2 2 0 3 2 7 4 0 1514 5 1 1 6 3 8 7 4 7 8 0 8 9 4 1 10 3 2 11 5 2 12 5 9 13 6 8 14 4 9 15 6 2 16 5 3 17 7 9 18 6 4 19 9 10 20 8 4 21 9 9 22 6 3 23 7 10 24 8 5 25 11 11 26 10 5 27 11 10 28 8 4 29 9 11 30 10 6 31 13 12 32 12 6 33 13 11 34 10 5 35 11 1514 36 16 13 37 14 1524 38 15 7 39 17 13 40 14 1514 41 16 7 42 17 14 43 18 13 44 14 14 45 18 7 46 17 8 47 19 8 48 19 15 49 20 14 50 18 15 51 20 8 52 19 9 53 21 15 54 20 10 55 23 16 56 22 10 57 23 15 58 20 9 59 21 16 60 22 11 61 25 17 62 24 11 63 25 16 64 22 10 65 23 17 66 24 12 67 27 18 68 26 12 69 27 17 70 24 11 71 25 19 72 29 158 73 30 160 74 28 160 75 28 158 76 30 159 77 31 20 78 33 4 79 9 21 80 32 4 81 9 20 82 33 5 83 11 21 84 32 3 85 7 22 86 34 3 87 7 21 88 32 4 89 9 2 90 5 23 91 35 3 92 7 23 93 35 22 94 34 3 95 7 1 96 3 23 97 35 2 98 5 23 99 35 1 100 3 24 101 36 1539 102 40 1540 103 37 139 104 39 139 105 39 1540 106 37 138 107 38 25 108 42 19 109 29 161 110 41 161 111 41 19 112 29 160 113 28 26 114 44 21 115 32 27 116 43 21 117 32 26 118 44 20 119 33 27 120 43 21 121 32 28 122 45 22 123 34 28 124 45 21 125 32 23 126 35 28 127 45 22 128 34 28 129 45 23 130 35 29 131 46 24 132 36 29 133 46 23 134 35 29 135 46 24 136 36 30 137 47 1540 138 37 137 139 49 138 140 38 137 141 49 1540 142 37 31 143 48 163 144 51 161 145 41 162 146 50 161 147 41 163 148 51 25 149 42 33 150 53 27 151 43 34 152 52 27 153 43 33 154 53 26 155 44 34 156 52 27 157 43 35 158 54 28 159 45 35 160 54 27 161 43 29 162 46 36 163 55 28 164 45 36 165 55 35 166 54 28 167 45 30 168 47 36 169 55 29 170 46 36 171 55 30 172 47 37 173 56 136 174 58 137 175 49 135 176 57 31 177 48 135 178 57 137 179 49 203 180 59 32 181 61 33 182 53 32 183 61 203 184 59 202 185 60 203 186 59 33 187 53 204 188 62 204 189 62 33 190 53 34 191 52 35 192 54 205 193 63 34 194 52 205 195 63 204 196 62 34 197 52 36 198 55 206 199 64 35 200 54 206 201 64 205 202 63 35 203 54 207 204 65 206 205 64 37 206 56 37 207 56 206 208 64 36 209 55 208 210 69 260 211 66 253 212 68 260 213 66 252 214 67 253 215 68 39 216 72 40 217 73 196 218 70 39 219 72 196 220 70 195 221 71 41 222 75 197 223 74 40 224 73 197 225 74 196 226 70 40 227 73 42 228 77 198 229 76 41 230 75 198 231 76 197 232 74 41 233 75 42 234 77 43 235 79 199 236 78 199 237 78 198 238 76 42 239 77 200 240 81 199 241 78 44 242 80 44 243 80 199 244 78 43 245 79 314 246 83 315 247 85 316 248 82 315 249 85 314 250 83 1576 251 84 47 252 89 189 253 87 46 254 88 189 255 87 47 256 89 190 257 86 48 258 91 191 259 90 47 260 89 191 261 90 190 262 86 47 263 89 49 264 93 192 265 92 48 266 91 192 267 92 191 268 90 48 269 91 49 270 93 50 271 95 193 272 94 193 273 94 192 274 92 49 275 93 51 276 97 193 277 94 50 278 95 193 279 94 51 280 97 194 281 96 287 282 100 288 283 101 289 284 98 287 285 100 289 286 98 290 287 99 53 288 105 59 289 103 52 290 104 59 291 103 53 292 105 60 293 102 54 294 107 61 295 106 53 296 105 61 297 106 60 298 102 53 299 105 54 300 107 55 301 109 62 302 108 62 303 108 61 304 106 54 305 107 55 306 109 56 307 111 63 308 110 63 309 110 62 310 108 55 311 109 63 312 110 57 313 113 64 314 112 57 315 113 63 316 110 56 317 111 220 318 116 221 319 117 222 320 114 222 321 114 223 322 115 220 323 116 59 324 120 60 325 121 67 326 118 59 327 120 67 328 118 66 329 119 350 330 123 351 331 124 68 332 122 68 333 122 67 334 118 350 335 123 352 336 126 69 337 125 351 338 124 69 339 125 68 340 122 351 341 124 63 342 129 70 343 127 352 344 126 70 345 127 362 346 128 352 347 126 71 348 130 357 349 131 63 350 129 71 351 130 63 352 129 64 353 132 347 354 136 348 355 133 346 356 135 348 357 133 349 358 134 346 359 135 73 360 137 66 361 119 67 362 118 66 363 119 73 364 137 72 365 138 67 366 118 68 367 122 74 368 139 67 369 118 74 370 139 73 371 137 74 372 139 68 373 122 75 374 140 69 375 125 75 376 140 68 377 122 361 378 142 362 379 128 76 380 141 70 381 127 76 382 141 362 383 128 71 384 130 77 385 143 357 386 131 77 387 143 356 388 144 357 389 131 77 390 143 1621 391 146 78 392 145 1621 393 146 77 394 143 71 395 130 72 396 138 73 397 137 371 398 147 72 399 138 371 400 147 1625 401 148 73 402 137 74 403 139 372 404 149 73 405 137 372 406 149 371 407 147 75 408 140 373 409 150 74 410 139 373 411 150 372 412 149 74 413 139 377 414 152 361 415 142 374 416 151 76 417 141 374 418 151 361 419 142 375 420 153 379 421 154 370 422 155 375 423 153 370 424 155 363 425 156 375 426 153 364 427 158 378 428 157 364 429 158 375 430 153 363 431 156 13 432 14 84 433 159 1524 434 15 84 435 159 1638 436 160 1524 437 15 13 438 14 85 439 161 84 440 159 85 441 161 13 442 14 14 443 18 14 444 18 86 445 162 85 446 161 86 447 162 14 448 18 15 449 20 86 450 162 16 451 22 87 452 163 16 453 22 86 454 162 15 455 20 87 456 163 17 457 24 88 458 164 17 459 24 87 460 163 16 461 22 88 462 164 18 463 26 1643 464 165 18 465 26 88 466 164 17 467 24 84 468 159 90 469 166 1638 470 160 90 471 166 89 472 167 1638 473 160 84 474 159 85 475 161 91 476 168 91 477 168 90 478 166 84 479 159 85 480 161 92 481 169 91 482 168 92 483 169 85 484 161 86 485 162 92 486 169 87 487 163 93 488 170 87 489 163 92 490 169 86 491 162 93 492 170 88 493 164 94 494 171 88 495 164 93 496 170 87 497 163 94 498 171 1643 499 165 95 500 172 1643 501 165 94 502 171 88 503 164 89 504 167 96 505 173 1650 506 174 90 507 166 96 508 173 89 509 167 90 510 166 97 511 175 96 512 173 97 513 175 90 514 166 91 515 168 91 516 168 98 517 176 97 518 175 98 519 176 91 520 168 92 521 169 98 522 176 93 523 170 99 524 177 93 525 170 98 526 176 92 527 169 99 528 177 94 529 171 100 530 178 94 531 171 99 532 177 93 533 170 100 534 178 95 535 172 101 536 179 95 537 172 100 538 178 94 539 171 102 540 180 1650 541 174 96 542 173 1650 543 174 102 544 180 1656 545 181 97 546 175 102 547 180 96 548 173 102 549 180 97 550 175 103 551 182 97 552 175 104 553 183 103 554 182 104 555 183 97 556 175 98 557 176 98 558 176 105 559 184 104 560 183 105 561 184 98 562 176 99 563 177 99 564 177 106 565 185 105 566 184 106 567 185 99 568 177 100 569 178 100 570 178 1661 571 186 106 572 185 1661 573 186 100 574 178 101 575 179 107 576 188 102 577 180 108 578 187 102 579 180 107 580 188 1656 581 181 103 582 182 108 583 187 102 584 180 108 585 187 103 586 182 109 587 189 109 588 189 104 589 183 110 590 190 104 591 183 109 592 189 103 593 182 104 594 183 111 595 191 110 596 190 111 597 191 104 598 183 105 599 184 105 600 184 112 601 192 111 602 191 105 603 184 106 604 185 112 605 192 112 606 192 106 607 185 113 608 193 1661 609 186 113 610 193 106 611 185 109 612 189 110 613 190 1668 614 194 1668 615 194 110 616 190 1667 617 195 110 618 190 1669 619 196 1667 620 195 1669 621 196 110 622 190 111 623 191 111 624 191 113 625 193 1669 626 196 113 627 193 111 628 191 112 629 192 38 630 199 37 631 56 116 632 197 116 633 197 115 634 198 38 635 199 30 636 47 116 637 197 37 638 56 116 639 197 30 640 47 117 641 200 30 642 47 24 643 36 118 644 201 118 645 201 117 646 200 30 647 47 24 648 36 1 649 3 119 650 202 119 651 202 118 652 201 24 653 36 119 654 202 1 655 3 114 656 203 114 657 203 1 658 3 0 659 2 121 660 205 115 661 206 122 662 204 116 663 207 122 664 204 115 665 206 122 666 204 117 667 209 123 668 208 117 669 209 122 670 204 116 671 207 118 672 211 123 673 208 117 674 209 123 675 208 118 676 211 124 677 210 124 678 210 119 679 213 125 680 212 119 681 213 124 682 210 118 683 211 125 684 212 114 685 215 120 686 214 114 687 215 125 688 212 119 689 213 126 690 217 122 691 204 127 692 216 122 693 204 126 694 217 121 695 205 127 696 216 123 697 208 128 698 218 123 699 208 127 700 216 122 701 204 124 702 210 128 703 218 123 704 208 128 705 218 124 706 210 129 707 219 125 708 212 129 709 219 124 710 210 129 711 219 125 712 212 130 713 220 130 714 220 120 715 214 1682 716 221 120 717 214 130 718 220 125 719 212 127 720 216 1684 721 223 126 722 217 1684 723 223 127 724 216 131 725 222 131 726 222 128 727 218 132 728 224 128 729 218 131 730 222 127 731 216 129 732 219 132 733 224 128 734 218 132 735 224 129 736 219 133 737 225 130 738 220 133 739 225 129 740 219 133 741 225 130 742 220 134 743 226 134 744 226 1682 745 221 1688 746 227 1682 747 221 134 748 226 130 749 220 1684 750 223 136 751 58 135 752 57 131 753 222 136 754 58 1684 755 223 136 756 58 132 757 224 137 758 49 132 759 224 136 760 58 131 761 222 133 762 225 137 763 49 132 764 224 137 765 49 133 766 225 138 767 38 133 768 225 134 769 226 139 770 39 139 771 39 138 772 38 133 773 225 134 774 226 1539 775 40 139 776 39 1688 777 227 1539 778 40 134 779 226 6 780 13 141 781 228 140 782 229 141 783 228 6 784 13 5 785 11 20 786 33 141 787 228 5 788 11 141 789 228 20 790 33 142 791 230 20 792 33 26 793 44 143 794 231 143 795 231 142 796 230 20 797 33 26 798 44 33 799 53 144 800 232 144 801 232 143 802 231 26 803 44 144 804 232 32 805 61 145 806 233 32 807 61 144 808 232 33 809 53 146 810 235 140 811 236 147 812 234 141 813 237 147 814 234 140 815 236 142 816 239 148 817 238 141 818 237 148 819 238 147 820 234 141 821 237 143 822 241 149 823 240 142 824 239 149 825 240 148 826 238 142 827 239 144 828 243 150 829 242 143 830 241 150 831 242 149 832 240 143 833 241 150 834 242 145 835 245 151 836 244 145 837 245 150 838 242 144 839 243 153 840 246 146 841 235 147 842 234 146 843 235 153 844 246 152 845 247 148 846 238 154 847 248 147 848 234 154 849 248 153 850 246 147 851 234 149 852 240 155 853 249 148 854 238 155 855 249 154 856 248 148 857 238 156 858 250 149 859 240 150 860 242 149 861 240 156 862 250 155 863 249 156 864 250 151 865 244 157 866 251 151 867 244 156 868 250 150 869 242 1699 870 252 1496 871 253 157 872 251 157 873 251 151 874 244 1699 875 252 158 876 30 152 877 247 153 878 246 153 879 246 159 880 31 158 881 30 159 882 31 154 883 248 160 884 28 154 885 248 159 886 31 153 887 246 160 888 28 155 889 249 161 890 41 155 891 249 160 892 28 154 893 248 161 894 41 155 895 249 162 896 50 156 897 250 162 898 50 155 899 249 162 900 50 157 901 251 163 902 51 157 903 251 162 904 50 156 905 250 1496 906 253 1706 907 254 163 908 51 163 909 51 157 910 251 1496 911 253 1709 912 258 413 913 256 414 914 257 413 915 256 1709 916 258 1710 917 255 1711 918 261 79 919 262 165 920 259 1711 921 261 165 922 259 164 923 260 79 924 262 80 925 264 166 926 263 79 927 262 166 928 263 165 929 259 1500 930 268 400 931 266 1499 932 267 400 933 266 1500 934 268 399 935 265 164 936 260 165 937 259 168 938 269 164 939 260 168 940 269 167 941 270 165 942 259 166 943 263 169 944 271 165 945 259 169 946 271 168 947 269 1501 948 273 409 949 272 1500 950 268 409 951 272 399 952 265 1500 953 268 167 954 270 168 955 269 171 956 274 167 957 270 171 958 274 170 959 275 168 960 269 169 961 271 172 962 276 168 963 269 172 964 276 171 965 274 1502 966 278 408 967 277 1501 968 273 408 969 277 409 970 272 1501 971 273 170 972 275 173 973 279 1725 974 280 173 975 279 170 976 275 171 977 274 171 978 274 172 979 276 174 980 281 171 981 274 174 982 281 173 983 279 408 984 277 1502 985 278 407 986 282 1509 987 283 407 988 282 1502 989 278 81 990 287 175 991 285 80 992 286 175 993 285 81 994 287 176 995 284 82 996 291 177 997 288 360 998 290 177 999 288 359 1000 289 360 1001 290 368 1002 293 369 1003 294 367 1004 292 83 1005 295 367 1006 292 369 1007 294 83 1008 295 366 1009 296 367 1010 292 83 1011 295 365 1012 297 366 1013 296 176 1014 284 180 1015 299 175 1016 285 180 1017 299 176 1018 284 181 1019 298 177 1020 288 182 1021 301 358 1022 300 177 1023 288 358 1024 300 359 1025 289 353 1026 303 354 1027 304 183 1028 302 178 1029 305 183 1030 302 354 1031 304 183 1032 302 178 1033 305 1749 1034 306 1749 1035 306 178 1036 305 179 1037 307 181 1038 298 184 1039 309 180 1040 299 184 1041 309 181 1042 298 185 1043 308 182 1044 301 186 1045 310 185 1046 308 182 1047 301 185 1048 308 358 1049 300 353 1050 303 187 1051 311 186 1052 310 187 1053 311 353 1054 303 183 1055 302 183 1056 302 1749 1057 306 188 1058 312 183 1059 302 188 1060 312 187 1061 311 53 1062 105 189 1063 87 190 1064 86 189 1065 87 53 1066 105 52 1067 104 54 1068 107 190 1069 86 191 1070 90 190 1071 86 54 1072 107 53 1073 105 55 1074 109 191 1075 90 192 1076 92 191 1077 90 55 1078 109 54 1079 107 56 1080 111 192 1081 92 193 1082 94 192 1083 92 56 1084 111 55 1085 109 194 1086 96 56 1087 111 193 1088 94 56 1089 111 194 1090 96 57 1091 113 272 1092 314 273 1093 315 271 1094 313 271 1095 313 273 1096 315 274 1097 316 196 1098 70 47 1099 89 195 1100 71 195 1101 71 47 1102 89 46 1103 88 48 1104 91 196 1105 70 197 1106 74 196 1107 70 48 1108 91 47 1109 89 49 1110 93 197 1111 74 198 1112 76 197 1113 74 49 1114 93 48 1115 91 50 1116 95 198 1117 76 199 1118 78 198 1119 76 50 1120 95 49 1121 93 51 1122 97 50 1123 95 200 1124 81 200 1125 81 50 1126 95 199 1127 78 303 1128 318 301 1129 320 302 1130 317 301 1131 320 303 1132 318 304 1133 319 203 1134 59 40 1135 73 202 1136 60 202 1137 60 40 1138 73 39 1139 72 41 1140 75 203 1141 59 204 1142 62 203 1143 59 41 1144 75 40 1145 73 42 1146 77 204 1147 62 205 1148 63 204 1149 62 42 1150 77 41 1151 75 43 1152 79 205 1153 63 206 1154 64 205 1155 63 43 1156 79 42 1157 77 207 1158 65 44 1159 80 43 1160 79 207 1161 65 43 1162 79 206 1163 64 327 1164 322 1758 1165 323 326 1166 321 326 1167 321 1758 1168 323 325 1169 324 209 1170 327 57 1171 328 58 1172 325 209 1173 327 58 1174 325 210 1175 326 64 1176 332 211 1177 329 65 1178 331 211 1179 329 1763 1180 330 65 1181 331 211 1182 329 64 1183 332 209 1184 327 209 1185 327 64 1186 332 57 1187 328 210 1188 326 213 1189 333 209 1190 327 1766 1191 336 1763 1192 330 214 1193 335 211 1194 329 214 1195 335 1763 1196 330 214 1197 335 211 1198 329 212 1199 334 212 1200 334 211 1201 329 209 1202 327 215 1203 338 213 1204 333 1767 1205 337 1770 1206 340 1766 1207 336 216 1208 339 216 1209 339 1766 1210 336 214 1211 335 216 1212 339 212 1213 334 215 1214 338 212 1215 334 216 1216 339 214 1217 335 217 1218 342 1767 1219 337 218 1220 341 1767 1221 337 217 1222 342 215 1223 338 1773 1224 344 216 1225 339 219 1226 343 216 1227 339 1773 1228 344 1770 1229 340 219 1230 343 215 1231 338 217 1232 342 215 1233 338 219 1234 343 216 1235 339 218 1236 341 221 1237 345 220 1238 116 218 1239 341 220 1240 116 217 1241 342 222 1242 114 1773 1243 344 223 1244 115 219 1245 343 223 1246 115 1773 1247 344 223 1248 115 217 1249 342 220 1250 116 217 1251 342 223 1252 115 219 1253 343 65 1254 349 224 1255 347 64 1256 348 224 1257 347 65 1258 349 225 1259 346 71 1260 353 227 1261 350 226 1262 351 226 1263 351 1621 1264 352 71 1265 353 227 1266 350 64 1267 348 224 1268 347 64 1269 348 227 1270 350 71 1271 353 228 1272 355 225 1273 346 1776 1274 354 225 1275 346 228 1276 355 224 1277 347 342 1278 358 343 1279 359 344 1280 356 344 1281 356 345 1282 357 342 1283 358 230 1284 360 224 1285 347 228 1286 355 224 1287 347 230 1288 360 227 1289 350 231 1290 362 1776 1291 354 232 1292 361 1776 1293 354 231 1294 362 228 1295 355 233 1296 364 229 1297 365 234 1298 363 230 1299 360 234 1300 363 229 1301 365 234 1302 363 228 1303 355 231 1304 362 228 1305 355 234 1306 363 230 1307 360 235 1308 367 232 1309 361 236 1310 366 232 1311 361 235 1312 367 231 1313 362 237 1314 369 233 1315 364 238 1316 368 238 1317 368 233 1318 364 234 1319 363 238 1320 368 231 1321 362 235 1322 367 231 1323 362 238 1324 368 234 1325 363 239 1326 371 236 1327 366 240 1328 370 236 1329 366 239 1330 371 235 1331 367 241 1332 373 238 1333 368 242 1334 372 238 1335 368 241 1336 373 237 1337 369 242 1338 372 235 1339 367 239 1340 371 235 1341 367 242 1342 372 238 1343 368 243 1344 376 37 1345 377 38 1346 374 243 1347 376 38 1348 374 244 1349 375 57 1350 381 246 1351 378 58 1352 380 246 1353 378 245 1354 379 58 1355 380 246 1356 378 194 1357 383 247 1358 382 194 1359 383 246 1360 378 57 1361 381 247 1362 385 51 1363 387 248 1364 384 51 1365 387 247 1366 385 194 1367 386 248 1368 389 200 1369 391 249 1370 388 200 1371 391 248 1372 389 51 1373 390 249 1374 393 44 1375 395 250 1376 392 44 1377 395 249 1378 393 200 1379 394 251 1380 396 250 1381 397 44 1382 398 251 1383 396 44 1384 398 207 1385 399 251 1386 400 207 1387 401 243 1388 376 243 1389 376 207 1390 401 37 1391 377 252 1392 67 244 1393 375 253 1394 68 252 1395 67 243 1396 376 244 1397 375 254 1398 403 245 1399 379 255 1400 402 246 1401 378 255 1402 402 245 1403 379 255 1404 402 247 1405 382 256 1406 404 247 1407 382 255 1408 402 246 1409 378 256 1410 406 248 1411 384 257 1412 405 248 1413 384 256 1414 406 247 1415 385 257 1416 408 249 1417 388 258 1418 407 249 1419 388 257 1420 408 248 1421 389 258 1422 410 250 1423 392 259 1424 409 250 1425 392 258 1426 410 249 1427 393 259 1428 411 251 1429 396 260 1430 66 251 1431 396 259 1432 411 250 1433 397 252 1434 67 260 1435 66 251 1436 400 252 1437 67 251 1438 400 243 1439 376 261 1440 413 1799 1441 414 1800 1442 412 1799 1443 414 261 1444 413 256 1445 404 1803 1446 416 254 1447 403 262 1448 415 255 1449 402 262 1450 415 254 1451 403 262 1452 415 255 1453 402 261 1454 413 261 1455 413 255 1456 402 256 1457 404 263 1458 418 1800 1459 412 264 1460 417 1800 1461 412 263 1462 418 261 1463 413 265 1464 420 1803 1465 416 266 1466 419 262 1467 415 266 1468 419 1803 1469 416 266 1470 419 261 1471 413 263 1472 418 261 1473 413 266 1474 419 262 1475 415 267 1476 422 264 1477 417 268 1478 421 264 1479 417 267 1480 422 263 1481 418 269 1482 424 265 1483 420 270 1484 423 266 1485 419 270 1486 423 265 1487 420 270 1488 423 263 1489 418 267 1490 422 263 1491 418 270 1492 423 266 1493 419 268 1494 421 272 1495 314 271 1496 313 271 1497 313 267 1498 422 268 1499 421 273 1500 315 269 1501 424 274 1502 316 270 1503 423 274 1504 316 269 1505 424 274 1506 316 267 1507 422 271 1508 313 267 1509 422 274 1510 316 270 1511 423 275 1512 426 1808 1513 427 276 1514 425 1808 1515 427 275 1516 426 257 1517 405 277 1518 429 1799 1519 430 278 1520 428 256 1521 406 278 1522 428 1799 1523 430 278 1524 428 257 1525 405 275 1526 426 257 1527 405 278 1528 428 256 1529 406 279 1530 432 276 1531 425 280 1532 431 276 1533 425 279 1534 432 275 1535 426 281 1536 434 277 1537 429 282 1538 433 278 1539 428 282 1540 433 277 1541 429 282 1542 433 275 1543 426 279 1544 432 275 1545 426 282 1546 433 278 1547 428 283 1548 436 280 1549 431 284 1550 435 280 1551 431 283 1552 436 279 1553 432 285 1554 438 281 1555 434 286 1556 437 282 1557 433 286 1558 437 281 1559 434 286 1560 437 279 1561 432 283 1562 436 279 1563 432 286 1564 437 282 1565 433 284 1566 435 288 1567 101 287 1568 100 284 1569 435 287 1570 100 283 1571 436 289 1572 98 285 1573 438 290 1574 99 286 1575 437 290 1576 99 285 1577 438 287 1578 100 286 1579 437 283 1580 436 286 1581 437 287 1582 100 290 1583 99 291 1584 440 1808 1585 441 292 1586 439 257 1587 408 292 1588 439 1808 1589 441 292 1590 439 258 1591 407 293 1592 442 258 1593 407 292 1594 439 257 1595 408 293 1596 442 201 1597 444 294 1598 443 201 1599 444 293 1600 442 258 1601 407 295 1602 446 291 1603 440 296 1604 445 292 1605 439 296 1606 445 291 1607 440 296 1608 445 293 1609 442 297 1610 447 293 1611 442 296 1612 445 292 1613 439 297 1614 447 294 1615 443 298 1616 448 294 1617 443 297 1618 447 293 1619 442 1820 1620 450 295 1621 446 299 1622 449 296 1623 445 299 1624 449 295 1625 446 299 1626 449 297 1627 447 300 1628 451 297 1629 447 299 1630 449 296 1631 445 300 1632 451 298 1633 448 1822 1634 452 298 1635 448 300 1636 451 297 1637 447 301 1638 320 1820 1639 450 302 1640 317 299 1641 449 302 1642 317 1820 1643 450 302 1644 317 300 1645 451 303 1646 318 300 1647 451 302 1648 317 299 1649 449 1822 1650 452 304 1651 453 303 1652 318 1822 1653 452 303 1654 318 300 1655 451 305 1656 455 45 1657 456 1823 1658 454 45 1659 456 305 1660 455 259 1661 409 201 1662 459 307 1663 457 306 1664 458 258 1665 410 307 1666 457 201 1667 459 307 1668 457 259 1669 409 305 1670 455 259 1671 409 307 1672 457 258 1673 410 1823 1674 454 308 1675 461 305 1676 455 308 1677 461 1823 1678 454 309 1679 460 307 1680 457 311 1681 462 306 1682 458 306 1683 458 311 1684 462 310 1685 463 305 1686 455 311 1687 462 307 1688 457 311 1689 462 305 1690 455 308 1691 461 309 1692 460 312 1693 465 308 1694 461 312 1695 465 309 1696 460 1828 1697 464 311 1698 462 313 1699 466 310 1700 463 310 1701 463 313 1702 466 1831 1703 467 308 1704 461 313 1705 466 311 1706 462 313 1707 466 308 1708 461 312 1709 465 1828 1710 464 1576 1711 84 314 1712 83 1828 1713 464 314 1714 83 312 1715 465 313 1716 466 316 1717 82 1831 1718 467 315 1719 85 1831 1720 467 316 1721 82 312 1722 465 316 1723 82 313 1724 466 316 1725 82 312 1726 465 314 1727 83 45 1728 470 317 1729 468 1833 1730 469 259 1731 411 317 1732 468 45 1733 470 317 1734 468 260 1735 66 318 1736 471 260 1737 66 317 1738 468 259 1739 411 318 1740 471 260 1741 66 208 1742 69 208 1743 69 319 1744 472 318 1745 471 317 1746 468 320 1747 473 1833 1748 469 1833 1749 469 320 1750 473 1836 1751 474 318 1752 471 320 1753 473 317 1754 468 320 1755 473 318 1756 471 321 1757 475 319 1758 472 321 1759 475 318 1760 471 321 1761 475 319 1762 472 1838 1763 476 320 1764 473 323 1765 477 1836 1766 474 1836 1767 474 323 1768 477 322 1769 478 321 1770 475 323 1771 477 320 1772 473 323 1773 477 321 1774 475 324 1775 479 1838 1776 476 324 1777 479 321 1778 475 324 1779 479 1838 1780 476 1841 1781 480 323 1782 477 326 1783 321 322 1784 478 325 1785 324 322 1786 478 326 1787 321 324 1788 479 327 1789 322 323 1790 477 323 1791 477 327 1792 322 326 1793 321 1841 1794 480 327 1795 322 324 1796 479 1841 1797 480 1758 1798 481 327 1799 322 227 1800 350 328 1801 483 226 1802 351 328 1803 483 227 1804 350 329 1805 482 227 1806 350 330 1807 484 329 1808 482 330 1809 484 227 1810 350 230 1811 360 330 1812 484 230 1813 360 331 1814 485 229 1815 365 331 1816 485 230 1817 360 332 1818 489 328 1819 486 329 1820 487 332 1821 489 329 1822 487 333 1823 488 333 1824 488 330 1825 491 334 1826 490 330 1827 491 333 1828 488 329 1829 487 331 1830 493 334 1831 490 330 1832 491 334 1833 490 331 1834 493 1846 1835 492 333 1836 488 1848 1837 495 332 1838 489 1848 1839 495 333 1840 488 335 1841 494 335 1842 494 334 1843 490 336 1844 496 334 1845 490 335 1846 494 333 1847 488 336 1848 496 1846 1849 492 337 1850 497 1846 1851 492 336 1852 496 334 1853 490 335 1854 494 338 1855 499 1848 1856 495 338 1857 499 335 1858 494 339 1859 498 339 1860 498 336 1861 496 340 1862 500 336 1863 496 339 1864 498 335 1865 494 340 1866 500 337 1867 497 341 1868 501 337 1869 497 340 1870 500 336 1871 496 339 1872 498 343 1873 359 338 1874 499 342 1875 358 338 1876 499 343 1877 359 343 1878 359 340 1879 500 344 1880 356 340 1881 500 343 1882 359 339 1883 498 341 1884 501 345 1885 357 344 1886 356 344 1887 356 340 1888 500 341 1889 501 240 1890 370 347 1891 136 346 1892 135 346 1893 135 239 1894 371 240 1895 370 348 1896 133 241 1897 373 349 1898 134 242 1899 372 349 1900 134 241 1901 373 349 1902 134 239 1903 371 346 1904 135 239 1905 371 349 1906 134 242 1907 372 350 1908 123 61 1909 502 351 1910 124 61 1911 502 350 1912 123 60 1913 121 61 1914 502 62 1915 503 352 1916 126 352 1917 126 351 1918 124 61 1919 502 1505 1920 505 414 1921 257 415 1922 504 414 1923 257 1505 1924 505 1709 1925 258 1854 1926 507 415 1927 504 416 1928 506 415 1929 504 1854 1930 507 1505 1931 505 353 1932 303 177 1933 288 354 1934 304 177 1935 288 353 1936 303 182 1937 301 354 1938 304 82 1939 291 355 1940 508 82 1941 291 354 1942 304 177 1943 288 374 1944 151 355 1945 508 82 1946 291 355 1947 508 374 1948 151 376 1949 509 356 1950 144 70 1951 127 357 1952 131 356 1953 144 76 1954 141 70 1955 127 359 1956 289 358 1957 300 181 1958 298 359 1959 289 181 1960 298 176 1961 284 360 1962 290 359 1963 289 176 1964 284 360 1965 290 176 1966 284 81 1967 287 360 1968 290 373 1969 150 377 1970 152 373 1971 150 360 1972 290 81 1973 287 361 1974 142 69 1975 125 362 1976 128 69 1977 125 361 1978 142 75 1979 140 387 1980 510 384 1981 511 385 1982 512 387 1983 510 385 1984 512 386 1985 513 1861 1986 515 364 1987 158 381 1988 514 1861 1989 515 378 1990 157 364 1991 158 1863 1992 516 366 1993 296 365 1994 297 1863 1995 516 179 1996 307 366 1997 296 178 1998 305 367 1999 292 179 2000 307 367 2001 292 366 2002 296 179 2003 307 354 2004 304 368 2005 293 178 2006 305 368 2007 293 367 2008 292 178 2009 305 355 2010 508 369 2011 294 368 2012 293 368 2013 293 354 2014 304 355 2015 508 355 2016 508 376 2017 509 369 2018 294 369 2019 294 376 2020 509 379 2021 154 370 2022 155 380 2023 517 363 2024 156 380 2025 517 370 2026 155 356 2027 144 371 2028 147 79 2029 518 1625 2030 148 1625 2031 148 79 2032 518 1711 2033 519 372 2034 149 80 2035 286 371 2036 147 371 2037 147 80 2038 286 79 2039 518 81 2040 287 372 2041 149 373 2042 150 372 2043 149 81 2044 287 80 2045 286 82 2046 291 377 2047 152 374 2048 151 377 2049 152 82 2050 291 360 2051 290 83 2052 295 369 2053 294 379 2054 154 379 2055 154 375 2056 153 83 2057 295 83 2058 295 375 2059 153 365 2060 297 375 2061 153 378 2062 157 365 2063 297 374 2064 151 76 2065 141 376 2066 509 376 2067 509 76 2068 141 356 2069 144 373 2070 150 75 2071 140 377 2072 152 361 2073 142 377 2074 152 75 2075 140 378 2076 157 1863 2077 516 365 2078 297 1863 2079 516 378 2080 157 1861 2081 515 376 2082 509 370 2083 155 379 2084 154 376 2085 509 356 2086 144 370 2087 155 382 2088 520 384 2089 511 387 2090 510 384 2091 511 382 2092 520 383 2093 521 77 2094 143 383 2095 521 382 2096 520 383 2097 521 77 2098 143 78 2099 145 381 2100 514 383 2101 521 78 2102 145 383 2103 521 381 2104 514 384 2105 511 364 2106 158 385 2107 512 381 2108 514 385 2109 512 384 2110 511 381 2111 514 386 2112 513 385 2113 512 364 2114 158 386 2115 513 364 2116 158 363 2117 156 380 2118 517 386 2119 513 363 2120 156 386 2121 513 380 2122 517 387 2123 510 380 2124 517 382 2125 520 387 2126 510 380 2127 517 77 2128 143 382 2129 520 166 2130 524 389 2131 522 388 2132 523 389 2133 522 166 2134 524 80 2135 525 389 2136 527 175 2137 529 390 2138 526 175 2139 529 389 2140 527 80 2141 528 180 2142 531 390 2143 526 175 2144 529 390 2145 526 180 2146 531 391 2147 530 184 2148 533 391 2149 530 180 2150 531 391 2151 530 184 2152 533 392 2153 532 185 2154 535 392 2155 532 184 2156 533 392 2157 532 185 2158 535 393 2159 534 393 2160 534 186 2161 537 394 2162 536 186 2163 537 393 2164 534 185 2165 535 394 2166 536 187 2167 539 395 2168 538 187 2169 539 394 2170 536 186 2171 537 187 2172 539 188 2173 540 395 2174 538 395 2175 538 188 2176 540 1506 2177 541 397 2178 542 396 2179 543 174 2180 544 397 2181 542 174 2182 544 172 2183 545 172 2184 545 398 2185 546 397 2186 542 398 2187 546 172 2188 545 169 2189 547 169 2190 547 388 2191 523 398 2192 546 388 2193 523 169 2194 547 166 2195 524 399 2196 265 389 2197 522 400 2198 266 389 2199 522 399 2200 265 388 2201 523 389 2202 527 401 2203 548 400 2204 549 389 2205 527 390 2206 526 401 2207 548 390 2208 526 391 2209 530 402 2210 550 402 2211 550 401 2212 548 390 2213 526 391 2214 530 392 2215 532 403 2216 551 403 2217 551 402 2218 550 391 2219 530 392 2220 532 393 2221 534 404 2222 552 404 2223 552 403 2224 551 392 2225 532 393 2226 534 394 2227 536 405 2228 553 405 2229 553 404 2230 552 393 2231 534 405 2232 553 395 2233 538 406 2234 554 395 2235 538 405 2236 553 394 2237 536 395 2238 538 1506 2239 541 406 2240 554 1508 2241 555 406 2242 554 1506 2243 541 397 2244 542 408 2245 277 396 2246 543 408 2247 277 407 2248 282 396 2249 543 397 2250 542 409 2251 272 408 2252 277 409 2253 272 397 2254 542 398 2255 546 398 2256 546 399 2257 265 409 2258 272 399 2259 265 398 2260 546 388 2261 523 401 2262 548 411 2263 556 400 2264 549 411 2265 556 410 2266 557 400 2267 549 402 2268 550 412 2269 558 401 2270 548 412 2271 558 411 2272 556 401 2273 548 412 2274 558 402 2275 550 413 2276 256 403 2277 551 413 2278 256 402 2279 550 413 2280 256 403 2281 551 414 2282 257 404 2283 552 414 2284 257 403 2285 551 414 2286 257 404 2287 552 415 2288 504 405 2289 553 415 2290 504 404 2291 552 415 2292 504 405 2293 553 416 2294 506 416 2295 506 405 2296 553 406 2297 554 1854 2298 507 416 2299 506 1508 2300 555 416 2301 506 406 2302 554 1508 2303 555 173 2304 279 174 2305 281 418 2306 559 173 2307 279 418 2308 559 417 2309 560 174 2310 544 1889 2311 562 418 2312 561 1511 2313 563 418 2314 561 1889 2315 562 437 2316 565 421 2317 567 420 2318 564 421 2319 567 437 2320 565 438 2321 566 439 2322 568 421 2323 567 438 2324 566 439 2325 568 422 2326 569 421 2327 567 440 2328 570 423 2329 571 422 2330 569 422 2331 569 439 2332 568 440 2333 570 441 2334 572 424 2335 573 423 2336 571 423 2337 571 440 2338 570 441 2339 572 442 2340 574 425 2341 575 424 2342 573 424 2343 573 441 2344 572 442 2345 574 443 2346 576 426 2347 577 425 2348 575 425 2349 575 442 2350 574 443 2351 576 444 2352 578 427 2353 579 426 2354 577 426 2355 577 443 2356 576 444 2357 578 445 2358 580 428 2359 581 427 2360 579 427 2361 579 444 2362 578 445 2363 580 445 2364 580 429 2365 583 428 2366 581 429 2367 583 445 2368 580 446 2369 582 446 2370 582 430 2371 585 429 2372 583 430 2373 585 446 2374 582 447 2375 584 447 2376 584 431 2377 587 430 2378 585 431 2379 587 447 2380 584 448 2381 586 448 2382 586 432 2383 589 431 2384 587 432 2385 589 448 2386 586 449 2387 588 449 2388 588 433 2389 591 432 2390 589 433 2391 591 449 2392 588 450 2393 590 434 2394 593 450 2395 590 451 2396 592 450 2397 590 434 2398 593 433 2399 591 435 2400 595 451 2401 592 452 2402 594 451 2403 592 435 2404 595 434 2405 593 453 2406 596 436 2407 597 435 2408 595 453 2409 596 435 2410 595 452 2411 594 455 2412 599 438 2413 566 437 2414 565 437 2415 565 454 2416 598 455 2417 599 456 2418 600 439 2419 568 438 2420 566 438 2421 566 455 2422 599 456 2423 600 457 2424 601 440 2425 570 439 2426 568 439 2427 568 456 2428 600 457 2429 601 458 2430 602 441 2431 572 440 2432 570 440 2433 570 457 2434 601 458 2435 602 459 2436 603 442 2437 574 441 2438 572 441 2439 572 458 2440 602 459 2441 603 460 2442 604 443 2443 576 442 2444 574 442 2445 574 459 2446 603 460 2447 604 461 2448 605 444 2449 578 443 2450 576 443 2451 576 460 2452 604 461 2453 605 462 2454 606 445 2455 580 444 2456 578 444 2457 578 461 2458 605 462 2459 606 463 2460 607 446 2461 582 445 2462 580 445 2463 580 462 2464 606 463 2465 607 463 2466 607 447 2467 584 446 2468 582 447 2469 584 463 2470 607 464 2471 608 464 2472 608 448 2473 586 447 2474 584 448 2475 586 464 2476 608 465 2477 609 465 2478 609 449 2479 588 448 2480 586 449 2481 588 465 2482 609 466 2483 610 466 2484 610 450 2485 590 449 2486 588 450 2487 590 466 2488 610 467 2489 611 467 2490 611 451 2491 592 450 2492 590 451 2493 592 467 2494 611 468 2495 612 468 2496 612 452 2497 594 451 2498 592 452 2499 594 468 2500 612 469 2501 613 470 2502 614 453 2503 596 452 2504 594 452 2505 594 469 2506 613 470 2507 614 472 2508 616 455 2509 599 454 2510 598 454 2511 598 471 2512 615 472 2513 616 456 2514 600 472 2515 616 473 2516 617 472 2517 616 456 2518 600 455 2519 599 474 2520 618 457 2521 601 456 2522 600 456 2523 600 473 2524 617 474 2525 618 475 2526 619 458 2527 602 457 2528 601 457 2529 601 474 2530 618 475 2531 619 476 2532 620 459 2533 603 458 2534 602 458 2535 602 475 2536 619 476 2537 620 477 2538 621 460 2539 604 459 2540 603 459 2541 603 476 2542 620 477 2543 621 478 2544 622 461 2545 605 460 2546 604 460 2547 604 477 2548 621 478 2549 622 479 2550 623 462 2551 606 461 2552 605 461 2553 605 478 2554 622 479 2555 623 480 2556 624 463 2557 607 462 2558 606 462 2559 606 479 2560 623 480 2561 624 464 2562 608 480 2563 624 481 2564 625 480 2565 624 464 2566 608 463 2567 607 465 2568 609 481 2569 625 482 2570 626 481 2571 625 465 2572 609 464 2573 608 466 2574 610 482 2575 626 483 2576 627 482 2577 626 466 2578 610 465 2579 609 467 2580 611 483 2581 627 484 2582 628 483 2583 627 467 2584 611 466 2585 610 468 2586 612 484 2587 628 485 2588 629 484 2589 628 468 2590 612 467 2591 611 469 2592 613 485 2593 629 486 2594 630 485 2595 629 469 2596 613 468 2597 612 487 2598 631 470 2599 614 469 2600 613 469 2601 613 486 2602 630 487 2603 631 472 2604 616 488 2605 632 489 2606 633 488 2607 632 472 2608 616 471 2609 615 490 2610 634 473 2611 617 472 2612 616 472 2613 616 489 2614 633 490 2615 634 474 2616 618 490 2617 634 491 2618 635 490 2619 634 474 2620 618 473 2621 617 475 2622 619 491 2623 635 492 2624 636 491 2625 635 475 2626 619 474 2627 618 476 2628 620 492 2629 636 493 2630 637 492 2631 636 476 2632 620 475 2633 619 477 2634 621 493 2635 637 494 2636 638 493 2637 637 477 2638 621 476 2639 620 478 2640 622 494 2641 638 495 2642 639 494 2643 638 478 2644 622 477 2645 621 496 2646 640 479 2647 623 478 2648 622 478 2649 622 495 2650 639 496 2651 640 497 2652 641 480 2653 624 479 2654 623 479 2655 623 496 2656 640 497 2657 641 498 2658 642 481 2659 625 480 2660 624 480 2661 624 497 2662 641 498 2663 642 499 2664 643 482 2665 626 481 2666 625 481 2667 625 498 2668 642 499 2669 643 500 2670 644 483 2671 627 482 2672 626 482 2673 626 499 2674 643 500 2675 644 501 2676 645 484 2677 628 483 2678 627 483 2679 627 500 2680 644 501 2681 645 502 2682 646 485 2683 629 484 2684 628 484 2685 628 501 2686 645 502 2687 646 503 2688 647 486 2689 630 485 2690 629 485 2691 629 502 2692 646 503 2693 647 487 2694 631 503 2695 647 504 2696 648 503 2697 647 487 2698 631 486 2699 630 489 2700 633 505 2701 649 506 2702 650 505 2703 649 489 2704 633 488 2705 632 490 2706 634 506 2707 650 507 2708 651 506 2709 650 490 2710 634 489 2711 633 507 2712 651 491 2713 635 490 2714 634 491 2715 635 507 2716 651 508 2717 652 508 2718 652 492 2719 636 491 2720 635 492 2721 636 508 2722 652 509 2723 653 509 2724 653 493 2725 637 492 2726 636 493 2727 637 509 2728 653 510 2729 654 510 2730 654 494 2731 638 493 2732 637 494 2733 638 510 2734 654 511 2735 655 511 2736 655 495 2737 639 494 2738 638 495 2739 639 511 2740 655 512 2741 656 496 2742 640 512 2743 656 513 2744 657 512 2745 656 496 2746 640 495 2747 639 514 2748 658 497 2749 641 496 2750 640 496 2751 640 513 2752 657 514 2753 658 515 2754 659 498 2755 642 497 2756 641 497 2757 641 514 2758 658 515 2759 659 516 2760 660 499 2761 643 498 2762 642 498 2763 642 515 2764 659 516 2765 660 517 2766 661 500 2767 644 499 2768 643 499 2769 643 516 2770 660 517 2771 661 518 2772 662 501 2773 645 500 2774 644 500 2775 644 517 2776 661 518 2777 662 519 2778 663 502 2779 646 501 2780 645 501 2781 645 518 2782 662 519 2783 663 520 2784 664 503 2785 647 502 2786 646 502 2787 646 519 2788 663 520 2789 664 504 2790 648 520 2791 664 521 2792 665 520 2793 664 504 2794 648 503 2795 647 506 2796 650 522 2797 666 523 2798 667 522 2799 666 506 2800 650 505 2801 649 507 2802 651 523 2803 667 524 2804 668 523 2805 667 507 2806 651 506 2807 650 524 2808 668 508 2809 652 507 2810 651 508 2811 652 524 2812 668 525 2813 669 525 2814 669 509 2815 653 508 2816 652 509 2817 653 525 2818 669 526 2819 670 526 2820 670 510 2821 654 509 2822 653 510 2823 654 526 2824 670 527 2825 671 527 2826 671 511 2827 655 510 2828 654 511 2829 655 527 2830 671 528 2831 672 528 2832 672 512 2833 656 511 2834 655 512 2835 656 528 2836 672 529 2837 673 513 2838 657 529 2839 673 530 2840 674 529 2841 673 513 2842 657 512 2843 656 531 2844 675 514 2845 658 513 2846 657 513 2847 657 530 2848 674 531 2849 675 532 2850 676 515 2851 659 514 2852 658 514 2853 658 531 2854 675 532 2855 676 533 2856 677 516 2857 660 515 2858 659 515 2859 659 532 2860 676 533 2861 677 534 2862 678 517 2863 661 516 2864 660 516 2865 660 533 2866 677 534 2867 678 535 2868 679 518 2869 662 517 2870 661 517 2871 661 534 2872 678 535 2873 679 536 2874 680 519 2875 663 518 2876 662 518 2877 662 535 2878 679 536 2879 680 537 2880 681 520 2881 664 519 2882 663 519 2883 663 536 2884 680 537 2885 681 538 2886 682 521 2887 665 520 2888 664 520 2889 664 537 2890 681 538 2891 682 540 2892 684 419 2893 685 541 2894 683 419 2895 685 540 2896 684 420 2897 564 419 2898 685 542 2899 686 541 2900 683 542 2901 686 419 2902 685 436 2903 597 436 2904 597 543 2905 687 542 2906 686 543 2907 687 436 2908 597 453 2909 596 543 2910 687 470 2911 614 544 2912 688 470 2913 614 543 2914 687 453 2915 596 544 2916 688 487 2917 631 545 2918 689 487 2919 631 544 2920 688 470 2921 614 487 2922 631 546 2923 690 545 2924 689 546 2925 690 487 2926 631 504 2927 648 504 2928 648 547 2929 691 546 2930 690 547 2931 691 504 2932 648 521 2933 665 538 2934 682 547 2935 691 521 2936 665 547 2937 691 538 2938 682 548 2939 692 539 2940 694 548 2941 692 538 2942 682 548 2943 692 539 2944 694 549 2945 693 539 2946 694 522 2947 666 550 2948 695 539 2949 694 550 2950 695 549 2951 693 522 2952 666 505 2953 649 551 2954 696 522 2955 666 551 2956 696 550 2957 695 551 2958 696 488 2959 632 552 2960 697 488 2961 632 551 2962 696 505 2963 649 471 2964 615 552 2965 697 488 2966 632 552 2967 697 471 2968 615 553 2969 698 471 2970 615 454 2971 598 554 2972 699 554 2973 699 553 2974 698 471 2975 615 454 2976 598 555 2977 700 554 2978 699 555 2979 700 454 2980 598 437 2981 565 555 2982 700 420 2983 564 540 2984 684 420 2985 564 555 2986 700 437 2987 565 541 2988 683 556 2989 702 540 2990 684 556 2991 702 541 2992 683 557 2993 701 541 2994 683 558 2995 703 557 2996 701 558 2997 703 541 2998 683 542 2999 686 542 3000 686 559 3001 704 558 3002 703 559 3003 704 542 3004 686 543 3005 687 559 3006 704 544 3007 688 560 3008 705 544 3009 688 559 3010 704 543 3011 687 560 3012 705 545 3013 689 561 3014 706 545 3015 689 560 3016 705 544 3017 688 545 3018 689 562 3019 707 561 3020 706 562 3021 707 545 3022 689 546 3023 690 546 3024 690 563 3025 708 562 3026 707 563 3027 708 546 3028 690 547 3029 691 563 3030 708 548 3031 692 564 3032 709 548 3033 692 563 3034 708 547 3035 691 549 3036 693 564 3037 709 548 3038 692 564 3039 709 549 3040 693 565 3041 710 549 3042 693 550 3043 695 566 3044 711 549 3045 693 566 3046 711 565 3047 710 550 3048 695 551 3049 696 567 3050 712 550 3051 695 567 3052 712 566 3053 711 551 3054 696 552 3055 697 568 3056 713 551 3057 696 568 3058 713 567 3059 712 552 3060 697 553 3061 698 569 3062 714 569 3063 714 568 3064 713 552 3065 697 570 3066 715 569 3067 714 553 3068 698 570 3069 715 553 3070 698 554 3071 699 554 3072 699 571 3073 716 570 3074 715 571 3075 716 554 3076 699 555 3077 700 571 3078 716 540 3079 684 556 3080 702 540 3081 684 571 3082 716 555 3083 700 574 3084 718 572 3085 719 592 3086 717 572 3087 719 591 3088 720 592 3089 717 577 3090 724 593 3091 721 572 3092 723 593 3093 721 594 3094 722 572 3095 723 575 3096 726 576 3097 728 578 3098 725 576 3099 728 575 3100 726 573 3101 727 591 3102 720 595 3103 729 573 3104 731 595 3105 729 580 3106 730 573 3107 731 572 3108 723 594 3109 722 579 3110 732 596 3111 733 579 3112 732 594 3113 722 595 3114 729 597 3115 734 580 3116 730 597 3117 734 582 3118 735 580 3119 730 579 3120 732 596 3121 733 581 3122 736 598 3123 737 581 3124 736 596 3125 733 597 3126 734 599 3127 738 582 3128 735 599 3129 738 584 3130 739 582 3131 735 581 3132 736 598 3133 737 583 3134 740 600 3135 741 583 3136 740 598 3137 737 601 3138 742 586 3139 743 584 3140 739 601 3141 742 584 3142 739 599 3143 738 602 3144 745 585 3145 744 600 3146 741 585 3147 744 583 3148 740 600 3149 741 588 3150 747 586 3151 743 603 3152 746 603 3153 746 586 3154 743 601 3155 742 604 3156 749 587 3157 748 602 3158 745 587 3159 748 585 3160 744 602 3161 745 590 3162 750 588 3163 747 603 3164 746 590 3165 750 603 3166 746 605 3167 751 605 3168 753 589 3169 752 604 3170 749 589 3171 752 587 3172 748 604 3173 749 591 3174 720 575 3175 754 592 3176 717 591 3177 720 573 3178 731 575 3179 754 593 3180 721 578 3181 725 594 3182 722 576 3183 728 594 3184 722 578 3185 725 591 3186 720 572 3187 719 579 3188 755 579 3189 755 595 3190 729 591 3191 720 594 3192 722 576 3193 728 596 3194 733 580 3195 756 596 3196 733 576 3197 728 579 3198 755 581 3199 757 595 3200 729 581 3201 757 597 3202 734 595 3203 729 596 3204 733 580 3205 756 598 3206 737 582 3207 758 598 3208 737 580 3209 756 581 3210 757 583 3211 759 597 3212 734 583 3213 759 599 3214 738 597 3215 734 598 3216 737 582 3217 758 600 3218 741 584 3219 760 600 3220 741 582 3221 758 601 3222 742 599 3223 738 585 3224 761 583 3225 759 585 3226 761 599 3227 738 600 3228 741 584 3229 760 602 3230 745 586 3231 762 602 3232 745 584 3233 760 603 3234 746 601 3235 742 587 3236 763 587 3237 763 601 3238 742 585 3239 761 588 3240 764 604 3241 749 586 3242 762 604 3243 749 602 3244 745 586 3245 762 605 3246 751 603 3247 746 589 3248 765 589 3249 765 603 3250 746 587 3251 763 605 3252 753 604 3253 749 590 3254 766 590 3255 766 604 3256 749 588 3257 764 640 3258 767 669 3259 768 638 3260 769 640 3261 767 638 3262 769 639 3263 770 621 3264 773 639 3265 771 638 3266 772 639 3267 771 621 3268 773 622 3269 774 637 3270 777 655 3271 775 654 3272 776 655 3273 775 637 3274 777 606 3275 778 620 3276 780 623 3277 779 621 3278 773 623 3279 779 622 3280 774 621 3281 773 654 3282 784 655 3283 781 653 3284 783 653 3285 783 655 3286 781 656 3287 782 656 3288 782 652 3289 786 653 3290 783 652 3291 786 656 3292 782 657 3293 785 657 3294 785 651 3295 788 652 3296 786 651 3297 788 657 3298 785 658 3299 787 658 3300 787 659 3301 789 651 3302 788 651 3303 788 659 3304 789 650 3305 790 659 3306 789 649 3307 792 650 3308 790 649 3309 792 659 3310 789 660 3311 791 660 3312 791 648 3313 794 649 3314 792 648 3315 794 660 3316 791 661 3317 793 662 3318 796 647 3319 795 661 3320 793 647 3321 795 648 3322 794 661 3323 793 663 3324 798 646 3325 797 662 3326 796 646 3327 797 647 3328 795 662 3329 796 645 3330 800 663 3331 798 664 3332 799 663 3333 798 645 3334 800 646 3335 797 644 3336 802 664 3337 799 665 3338 801 664 3339 799 644 3340 802 645 3341 800 643 3342 804 665 3343 801 666 3344 803 665 3345 801 643 3346 804 644 3347 802 643 3348 804 667 3349 806 642 3350 805 667 3351 806 643 3352 804 666 3353 803 642 3354 805 667 3355 806 668 3356 807 642 3357 805 668 3358 807 641 3359 808 668 3360 807 669 3361 768 641 3362 808 641 3363 808 669 3364 768 640 3365 767 619 3366 810 624 3367 809 620 3368 780 624 3369 809 623 3370 779 620 3371 780 624 3372 809 619 3373 810 625 3374 811 618 3375 812 625 3376 811 619 3377 810 617 3378 813 626 3379 814 625 3380 811 625 3381 811 618 3382 812 617 3383 813 626 3384 814 616 3385 816 627 3386 815 616 3387 816 626 3388 814 617 3389 813 627 3390 815 615 3391 818 628 3392 817 615 3393 818 627 3394 815 616 3395 816 628 3396 817 614 3397 820 629 3398 819 614 3399 820 628 3400 817 615 3401 818 614 3402 820 613 3403 821 629 3404 819 629 3405 819 613 3406 821 630 3407 822 612 3408 823 630 3409 822 613 3410 821 630 3411 822 612 3412 823 631 3413 824 612 3414 823 611 3415 826 632 3416 825 612 3417 823 632 3418 825 631 3419 824 633 3420 828 611 3421 826 610 3422 827 611 3423 826 633 3424 828 632 3425 825 633 3426 828 610 3427 827 634 3428 829 609 3429 830 634 3430 829 610 3431 827 634 3432 829 609 3433 830 635 3434 831 635 3435 831 609 3436 830 608 3437 832 606 3438 778 637 3439 777 636 3440 833 636 3441 833 607 3442 834 606 3443 778 607 3444 834 636 3445 833 635 3446 831 635 3447 831 608 3448 832 607 3449 834 623 3450 779 670 3451 836 622 3452 774 670 3453 836 623 3454 779 671 3455 835 624 3456 809 671 3457 835 623 3458 779 671 3459 835 624 3460 809 672 3461 837 672 3462 837 625 3463 811 673 3464 838 625 3465 811 672 3466 837 624 3467 809 673 3468 838 626 3469 814 674 3470 839 626 3471 814 673 3472 838 625 3473 811 674 3474 839 627 3475 815 675 3476 840 627 3477 815 674 3478 839 626 3479 814 675 3480 840 628 3481 817 676 3482 841 628 3483 817 675 3484 840 627 3485 815 676 3486 841 629 3487 819 677 3488 842 629 3489 819 676 3490 841 628 3491 817 630 3492 822 677 3493 842 629 3494 819 677 3495 842 630 3496 822 678 3497 843 630 3498 822 679 3499 844 678 3500 843 679 3501 844 630 3502 822 631 3503 824 632 3504 825 679 3505 844 631 3506 824 679 3507 844 632 3508 825 680 3509 845 633 3510 828 680 3511 845 632 3512 825 680 3513 845 633 3514 828 681 3515 846 681 3516 846 634 3517 829 682 3518 847 634 3519 829 681 3520 846 633 3521 828 682 3522 847 635 3523 831 683 3524 848 635 3525 831 682 3526 847 634 3527 829 683 3528 848 636 3529 833 684 3530 849 636 3531 833 683 3532 848 635 3533 831 684 3534 849 637 3535 777 685 3536 850 637 3537 777 684 3538 849 636 3539 833 685 3540 850 637 3541 777 686 3542 851 686 3543 851 637 3544 777 654 3545 776 686 3546 853 654 3547 784 687 3548 852 653 3549 783 687 3550 852 654 3551 784 687 3552 852 653 3553 783 688 3554 854 688 3555 854 653 3556 783 652 3557 786 652 3558 786 689 3559 855 688 3560 854 689 3561 855 652 3562 786 651 3563 788 651 3564 788 690 3565 856 689 3566 855 690 3567 856 651 3568 788 650 3569 790 650 3570 790 649 3571 792 691 3572 857 650 3573 790 691 3574 857 690 3575 856 648 3576 794 692 3577 858 649 3578 792 649 3579 792 692 3580 858 691 3581 857 647 3582 795 692 3583 858 648 3584 794 692 3585 858 647 3586 795 693 3587 859 646 3588 797 694 3589 860 647 3590 795 694 3591 860 693 3592 859 647 3593 795 694 3594 860 646 3595 797 695 3596 861 645 3597 800 695 3598 861 646 3599 797 695 3600 861 645 3601 800 696 3602 862 644 3603 802 696 3604 862 645 3605 800 696 3606 862 644 3607 802 697 3608 863 697 3609 863 644 3610 802 643 3611 804 643 3612 804 698 3613 864 697 3614 863 698 3615 864 643 3616 804 642 3617 805 642 3618 805 699 3619 865 698 3620 864 699 3621 865 642 3622 805 641 3623 808 699 3624 865 640 3625 767 700 3626 866 640 3627 767 699 3628 865 641 3629 808 640 3630 767 701 3631 867 700 3632 866 701 3633 867 640 3634 767 639 3635 770 622 3636 774 701 3637 868 639 3638 771 701 3639 868 622 3640 774 670 3641 836 702 3642 870 670 3643 836 703 3644 869 671 3645 835 703 3646 869 670 3647 836 703 3648 869 671 3649 835 704 3650 871 672 3651 837 704 3652 871 671 3653 835 704 3654 871 672 3655 837 705 3656 872 673 3657 838 705 3658 872 672 3659 837 705 3660 872 673 3661 838 706 3662 873 706 3663 873 673 3664 838 674 3665 839 706 3666 873 675 3667 840 707 3668 874 675 3669 840 706 3670 873 674 3671 839 707 3672 874 676 3673 841 708 3674 875 676 3675 841 707 3676 874 675 3677 840 708 3678 875 677 3679 842 709 3680 876 677 3681 842 708 3682 875 676 3683 841 678 3684 843 709 3685 876 677 3686 842 709 3687 876 678 3688 843 710 3689 877 710 3690 877 679 3691 844 711 3692 878 679 3693 844 710 3694 877 678 3695 843 680 3696 845 711 3697 878 679 3698 844 711 3699 878 680 3700 845 712 3701 879 681 3702 846 712 3703 879 680 3704 845 712 3705 879 681 3706 846 713 3707 880 682 3708 847 713 3709 880 681 3710 846 713 3711 880 682 3712 847 714 3713 881 714 3714 881 683 3715 848 715 3716 882 683 3717 848 714 3718 881 682 3719 847 715 3720 882 684 3721 849 716 3722 883 684 3723 849 715 3724 882 683 3725 848 716 3726 883 685 3727 850 717 3728 884 685 3729 850 716 3730 883 684 3731 849 717 3732 884 686 3733 851 718 3734 885 686 3735 851 717 3736 884 685 3737 850 718 3738 887 686 3739 853 719 3740 886 719 3741 886 686 3742 853 687 3743 852 688 3744 854 720 3745 888 687 3746 852 719 3747 886 687 3748 852 720 3749 888 688 3750 854 721 3751 889 720 3752 888 689 3753 855 721 3754 889 688 3755 854 689 3756 855 722 3757 890 721 3758 889 690 3759 856 722 3760 890 689 3761 855 691 3762 857 723 3763 891 690 3764 856 690 3765 856 723 3766 891 722 3767 890 692 3768 858 724 3769 892 691 3770 857 724 3771 892 723 3772 891 691 3773 857 724 3774 892 692 3775 858 725 3776 893 693 3777 859 725 3778 893 692 3779 858 725 3780 893 693 3781 859 726 3782 894 694 3783 860 726 3784 894 693 3785 859 726 3786 894 694 3787 860 727 3788 895 695 3789 861 727 3790 895 694 3791 860 727 3792 895 695 3793 861 728 3794 896 696 3795 862 728 3796 896 695 3797 861 728 3798 896 696 3799 862 729 3800 897 729 3801 897 696 3802 862 697 3803 863 729 3804 897 698 3805 864 730 3806 898 698 3807 864 729 3808 897 697 3809 863 730 3810 898 699 3811 865 731 3812 899 699 3813 865 730 3814 898 698 3815 864 731 3816 899 700 3817 866 732 3818 900 700 3819 866 731 3820 899 699 3821 865 701 3822 867 732 3823 900 700 3824 866 732 3825 900 701 3826 867 733 3827 901 670 3828 836 733 3829 902 701 3830 868 733 3831 902 670 3832 836 702 3833 870 607 3834 834 734 3835 904 606 3836 778 734 3837 904 607 3838 834 735 3839 903 608 3840 832 735 3841 903 607 3842 834 735 3843 903 608 3844 832 736 3845 905 608 3846 832 762 3847 906 736 3848 905 762 3849 906 608 3850 832 609 3851 830 765 3852 908 657 3853 785 737 3854 907 657 3855 785 765 3856 908 658 3857 787 656 3858 782 738 3859 909 657 3860 785 738 3861 909 737 3862 907 657 3863 785 655 3864 781 739 3865 910 656 3866 782 656 3867 782 739 3868 910 738 3869 909 606 3870 778 739 3871 911 655 3872 775 739 3873 911 606 3874 778 734 3875 904 741 3876 912 620 3877 780 621 3878 773 620 3879 780 741 3880 912 740 3881 913 741 3882 912 638 3883 772 742 3884 914 638 3885 772 741 3886 912 621 3887 773 742 3888 916 669 3889 768 743 3890 915 669 3891 768 742 3892 916 638 3893 769 668 3894 807 743 3895 915 669 3896 768 743 3897 915 668 3898 807 744 3899 917 667 3900 806 744 3901 917 668 3902 807 744 3903 917 667 3904 806 745 3905 918 666 3906 803 746 3907 919 667 3908 806 667 3909 806 746 3910 919 745 3911 918 665 3912 801 746 3913 919 666 3914 803 746 3915 919 665 3916 801 747 3917 920 665 3918 801 748 3919 921 747 3920 920 748 3921 921 665 3922 801 664 3923 799 748 3924 921 663 3925 798 749 3926 922 663 3927 798 748 3928 921 664 3929 799 749 3930 922 662 3931 796 750 3932 923 662 3933 796 749 3934 922 663 3935 798 750 3936 923 662 3937 796 751 3938 924 751 3939 924 662 3940 796 661 3941 793 751 3942 924 660 3943 791 752 3944 925 660 3945 791 751 3946 924 661 3947 793 752 3948 925 659 3949 789 764 3950 926 659 3951 789 752 3952 925 660 3953 791 610 3954 827 753 3955 927 763 3956 928 753 3957 927 610 3958 827 611 3959 826 753 3960 927 611 3961 826 754 3962 929 754 3963 929 611 3964 826 612 3965 823 754 3966 929 613 3967 821 755 3968 930 613 3969 821 754 3970 929 612 3971 823 755 3972 930 613 3973 821 756 3974 931 756 3975 931 613 3976 821 614 3977 820 756 3978 931 614 3979 820 757 3980 932 615 3981 818 757 3982 932 614 3983 820 616 3984 816 757 3985 932 615 3986 818 757 3987 932 616 3988 816 758 3989 933 617 3990 813 759 3991 934 616 3992 816 759 3993 934 758 3994 933 616 3995 816 618 3996 812 759 3997 934 617 3998 813 759 3999 934 618 4000 812 760 4001 935 618 4002 812 761 4003 936 760 4004 935 761 4005 936 618 4006 812 619 4007 810 619 4008 810 740 4009 913 761 4010 936 740 4011 913 619 4012 810 620 4013 780 609 4014 830 763 4015 928 762 4016 906 763 4017 928 609 4018 830 610 4019 827 764 4020 926 658 4021 787 765 4022 908 658 4023 787 764 4024 926 659 4025 789 735 4026 903 766 4027 938 734 4028 904 766 4029 938 735 4030 903 767 4031 937 736 4032 905 767 4033 937 735 4034 903 767 4035 937 736 4036 905 768 4037 939 736 4038 905 769 4039 940 768 4040 939 769 4041 940 736 4042 905 762 4043 906 763 4044 928 769 4045 940 762 4046 906 769 4047 940 763 4048 928 792 4049 941 763 4050 928 770 4051 942 792 4052 941 770 4053 942 763 4054 928 753 4055 927 770 4056 942 753 4057 927 771 4058 943 771 4059 943 753 4060 927 754 4061 929 771 4062 943 755 4063 930 772 4064 944 755 4065 930 771 4066 943 754 4067 929 772 4068 944 755 4069 930 773 4070 945 756 4071 931 773 4072 945 755 4073 930 757 4074 932 774 4075 946 756 4076 931 774 4077 946 773 4078 945 756 4079 931 758 4080 933 774 4081 946 757 4082 932 774 4083 946 758 4084 933 775 4085 947 759 4086 934 776 4087 948 758 4088 933 776 4089 948 775 4090 947 758 4091 933 760 4092 935 776 4093 948 759 4094 934 776 4095 948 760 4096 935 777 4097 949 760 4098 935 778 4099 950 777 4100 949 778 4101 950 760 4102 935 761 4103 936 761 4104 936 779 4105 951 778 4106 950 779 4107 951 761 4108 936 740 4109 913 741 4110 912 779 4111 951 740 4112 913 779 4113 951 741 4114 912 780 4115 952 780 4116 952 742 4117 914 781 4118 953 742 4119 914 780 4120 952 741 4121 912 781 4122 955 742 4123 916 782 4124 954 743 4125 915 782 4126 954 742 4127 916 744 4128 917 782 4129 954 743 4130 915 782 4131 954 744 4132 917 783 4133 956 745 4134 918 783 4135 956 744 4136 917 783 4137 956 745 4138 918 784 4139 957 785 4140 958 745 4141 918 746 4142 919 745 4143 918 785 4144 958 784 4145 957 747 4146 920 785 4147 958 746 4148 919 785 4149 958 747 4150 920 786 4151 959 747 4152 920 787 4153 960 786 4154 959 787 4155 960 747 4156 920 748 4157 921 787 4158 960 749 4159 922 788 4160 961 749 4161 922 787 4162 960 748 4163 921 788 4164 961 750 4165 923 789 4166 962 750 4167 923 788 4168 961 749 4169 922 789 4170 962 750 4171 923 790 4172 963 790 4173 963 750 4174 923 751 4175 924 790 4176 963 752 4177 925 791 4178 964 752 4179 925 790 4180 963 751 4181 924 791 4182 964 764 4183 926 792 4184 965 764 4185 926 791 4186 964 752 4187 925 765 4188 908 769 4189 966 764 4190 926 769 4191 966 792 4192 965 764 4193 926 737 4194 907 769 4195 966 765 4196 908 769 4197 966 737 4198 907 768 4199 967 738 4200 909 767 4201 968 737 4202 907 767 4203 968 768 4204 967 737 4205 907 767 4206 968 738 4207 909 766 4208 969 738 4209 909 739 4210 910 766 4211 969 811 4212 971 770 4213 942 793 4214 970 770 4215 942 811 4216 971 792 4217 941 793 4218 970 771 4219 943 810 4220 972 771 4221 943 793 4222 970 770 4223 942 810 4224 972 772 4225 944 794 4226 973 772 4227 944 810 4228 972 771 4229 943 794 4230 973 772 4231 944 795 4232 974 773 4233 945 795 4234 974 772 4235 944 774 4236 946 796 4237 975 773 4238 945 796 4239 975 795 4240 974 773 4241 945 775 4242 947 796 4243 975 774 4244 946 796 4245 975 775 4246 947 797 4247 976 776 4248 948 798 4249 977 775 4250 947 798 4251 977 797 4252 976 775 4253 947 777 4254 949 798 4255 977 776 4256 948 798 4257 977 777 4258 949 799 4259 978 800 4260 979 777 4261 949 778 4262 950 777 4263 949 800 4264 979 799 4265 978 801 4266 980 778 4267 950 779 4268 951 778 4269 950 801 4270 980 800 4271 979 801 4272 980 779 4273 951 802 4274 981 802 4275 981 779 4276 951 780 4277 952 802 4278 983 782 4279 954 801 4280 982 782 4281 954 802 4282 983 781 4283 955 783 4284 956 801 4285 982 782 4286 954 801 4287 982 783 4288 956 803 4289 984 784 4290 957 803 4291 984 783 4292 956 803 4293 984 784 4294 957 804 4295 985 805 4296 986 784 4297 957 785 4298 958 784 4299 957 805 4300 986 804 4301 985 786 4302 959 805 4303 986 785 4304 958 805 4305 986 786 4306 959 806 4307 987 786 4308 959 807 4309 988 806 4310 987 807 4311 988 786 4312 959 787 4313 960 807 4314 988 788 4315 961 808 4316 989 788 4317 961 807 4318 988 787 4319 960 808 4320 989 789 4321 962 809 4322 990 789 4323 962 808 4324 989 788 4325 961 789 4326 962 810 4327 991 809 4328 990 810 4329 991 789 4330 962 790 4331 963 810 4332 991 790 4333 963 793 4334 992 793 4335 992 790 4336 963 791 4337 964 793 4338 992 791 4339 964 811 4340 993 811 4341 993 791 4342 964 792 4343 965 812 4344 995 794 4345 973 813 4346 994 794 4347 973 812 4348 995 810 4349 972 795 4350 974 813 4351 994 794 4352 973 813 4353 994 795 4354 974 814 4355 996 796 4356 975 815 4357 997 795 4358 974 815 4359 997 814 4360 996 795 4361 974 797 4362 976 815 4363 997 796 4364 975 815 4365 997 797 4366 976 816 4367 998 798 4368 977 816 4369 998 797 4370 976 816 4371 998 798 4372 977 817 4373 999 799 4374 978 817 4375 999 798 4376 977 817 4377 999 799 4378 978 818 4379 1000 819 4380 1001 799 4381 978 800 4382 979 799 4383 978 819 4384 1001 818 4385 1000 800 4386 979 820 4387 1002 819 4388 1001 800 4389 979 801 4390 980 820 4391 1002 803 4392 984 820 4393 1004 801 4394 982 820 4395 1004 803 4396 984 819 4397 1003 804 4398 985 819 4399 1003 803 4400 984 819 4401 1003 804 4402 985 818 4403 1005 804 4404 985 805 4405 986 817 4406 1006 804 4407 985 817 4408 1006 818 4409 1005 816 4410 1007 805 4411 986 806 4412 987 805 4413 986 816 4414 1007 817 4415 1006 806 4416 987 815 4417 1008 816 4418 1007 815 4419 1008 806 4420 987 807 4421 988 815 4422 1008 808 4423 989 814 4424 1009 808 4425 989 815 4426 1008 807 4427 988 808 4428 989 813 4429 1010 814 4430 1009 813 4431 1010 808 4432 989 809 4433 990 813 4434 1010 809 4435 990 812 4436 1011 812 4437 1011 809 4438 990 810 4439 991 822 4440 1015 827 4441 1012 821 4442 1014 821 4443 1014 827 4444 1012 826 4445 1013 827 4446 1012 822 4447 1015 828 4448 1016 823 4449 1017 828 4450 1016 822 4451 1015 828 4452 1016 823 4453 1017 829 4454 1018 824 4455 1019 829 4456 1018 823 4457 1017 829 4458 1021 824 4459 1022 830 4460 1020 825 4461 1023 830 4462 1020 824 4463 1022 821 4464 1014 830 4465 1020 825 4466 1023 830 4467 1020 821 4468 1014 826 4469 1013 826 4470 1013 847 4471 1025 846 4472 1024 847 4473 1025 826 4474 1013 827 4475 1012 847 4476 1025 827 4477 1012 848 4478 1026 828 4479 1016 848 4480 1026 827 4481 1012 848 4482 1026 829 4483 1018 849 4484 1027 829 4485 1018 848 4486 1026 828 4487 1016 849 4488 1029 829 4489 1021 850 4490 1028 830 4491 1020 850 4492 1028 829 4493 1021 826 4494 1013 850 4495 1028 830 4496 1020 850 4497 1028 826 4498 1013 846 4499 1024 832 4500 1032 841 4501 1030 831 4502 1031 841 4503 1030 832 4504 1032 842 4505 1033 842 4506 1033 832 4507 1032 843 4508 1034 833 4509 1035 843 4510 1034 832 4511 1032 843 4512 1034 833 4513 1035 844 4514 1036 834 4515 1037 844 4516 1036 833 4517 1035 844 4518 1039 834 4519 1040 845 4520 1038 835 4521 1041 845 4522 1038 834 4523 1040 831 4524 1031 845 4525 1038 835 4526 1041 845 4527 1038 831 4528 1031 841 4529 1030 837 4530 1043 841 4531 1030 842 4532 1033 836 4533 1042 841 4534 1030 837 4535 1043 843 4536 1034 837 4537 1045 842 4538 1033 843 4539 1034 838 4540 1044 837 4541 1045 839 4542 1046 843 4543 1034 844 4544 1036 838 4545 1047 843 4546 1034 839 4547 1046 840 4548 1048 844 4549 1039 845 4550 1038 844 4551 1039 840 4552 1048 839 4553 1046 841 4554 1030 836 4555 1042 840 4556 1049 840 4557 1049 845 4558 1038 841 4559 1030 846 4560 1050 832 4561 1032 831 4562 1031 832 4563 1032 846 4564 1050 847 4565 1051 833 4566 1035 847 4567 1051 848 4568 1052 847 4569 1051 833 4570 1035 832 4571 1032 849 4572 1053 833 4573 1035 848 4574 1052 833 4575 1035 849 4576 1053 834 4577 1037 835 4578 1041 849 4579 1054 850 4580 1055 849 4581 1054 835 4582 1041 834 4583 1040 846 4584 1050 835 4585 1041 850 4586 1055 835 4587 1041 846 4588 1050 831 4589 1031 852 4590 1059 856 4591 1057 851 4592 1058 856 4593 1057 852 4594 1059 857 4595 1056 857 4596 1056 852 4597 1059 858 4598 1060 853 4599 1061 858 4600 1060 852 4601 1059 858 4602 1063 853 4603 1064 859 4604 1062 854 4605 1065 859 4606 1062 853 4607 1064 859 4608 1062 855 4609 1067 860 4610 1066 855 4611 1067 859 4612 1062 854 4613 1065 851 4614 1058 860 4615 1066 855 4616 1067 860 4617 1066 851 4618 1058 856 4619 1057 887 4620 1069 888 4621 1070 890 4622 1068 889 4623 1071 890 4624 1068 888 4625 1070 857 4626 1056 901 4627 1072 856 4628 1057 901 4629 1072 857 4630 1056 902 4631 1073 902 4632 1073 858 4633 1060 903 4634 1074 858 4635 1060 902 4636 1073 857 4637 1056 903 4638 1076 858 4639 1063 904 4640 1075 859 4641 1062 904 4642 1075 858 4643 1063 904 4644 1075 860 4645 1066 905 4646 1077 860 4647 1066 904 4648 1075 859 4649 1062 856 4650 1057 901 4651 1072 905 4652 1077 905 4653 1077 860 4654 1066 856 4655 1057 862 4656 1080 897 4657 1081 896 4658 1078 896 4659 1078 861 4660 1079 862 4661 1080 897 4662 1081 862 4663 1080 898 4664 1082 863 4665 1083 898 4666 1082 862 4667 1080 898 4668 1085 863 4669 1086 899 4670 1084 864 4671 1087 899 4672 1084 863 4673 1086 899 4674 1084 865 4675 1089 900 4676 1088 865 4677 1089 899 4678 1084 864 4679 1087 861 4680 1079 896 4681 1078 900 4682 1088 900 4683 1088 865 4684 1089 861 4685 1079 867 4686 1092 891 4687 1090 866 4688 1091 891 4689 1090 867 4690 1092 892 4691 1093 892 4692 1093 867 4693 1092 893 4694 1094 868 4695 1095 893 4696 1094 867 4697 1092 893 4698 1097 868 4699 1098 894 4700 1096 869 4701 1099 894 4702 1096 868 4703 1098 894 4704 1096 870 4705 1101 895 4706 1100 870 4707 1101 894 4708 1096 869 4709 1099 866 4710 1091 891 4711 1090 895 4712 1100 895 4713 1100 870 4714 1101 866 4715 1091 872 4716 1105 876 4717 1103 871 4718 1104 876 4719 1103 872 4720 1105 877 4721 1102 877 4722 1102 872 4723 1105 878 4724 1106 873 4725 1107 878 4726 1106 872 4727 1105 878 4728 1109 873 4729 1110 879 4730 1108 874 4731 1111 879 4732 1108 873 4733 1110 879 4734 1108 874 4735 1111 880 4736 1112 875 4737 1113 880 4738 1112 874 4739 1111 871 4740 1104 880 4741 1112 875 4742 1113 880 4743 1112 871 4744 1104 876 4745 1103 877 4746 1102 881 4747 1115 876 4748 1103 881 4749 1115 877 4750 1102 882 4751 1114 882 4752 1114 877 4753 1102 883 4754 1116 878 4755 1106 883 4756 1116 877 4757 1102 883 4758 1118 878 4759 1109 884 4760 1117 879 4761 1108 884 4762 1117 878 4763 1109 884 4764 1117 879 4765 1108 885 4766 1119 880 4767 1112 885 4768 1119 879 4769 1108 876 4770 1103 885 4771 1119 880 4772 1112 885 4773 1119 876 4774 1103 881 4775 1115 882 4776 1114 887 4777 1120 886 4778 1121 886 4779 1121 881 4780 1115 882 4781 1114 887 4782 1069 882 4783 1114 888 4784 1122 883 4785 1116 888 4786 1122 882 4787 1114 888 4788 1070 883 4789 1118 889 4790 1071 884 4791 1117 889 4792 1071 883 4793 1118 885 4794 1119 890 4795 1123 889 4796 1071 885 4797 1119 889 4798 1071 884 4799 1117 890 4800 1068 885 4801 1119 886 4802 1121 886 4803 1121 885 4804 1119 881 4805 1115 892 4806 1093 871 4807 1104 891 4808 1090 871 4809 1104 892 4810 1093 872 4811 1105 872 4812 1105 892 4813 1093 873 4814 1107 873 4815 1107 892 4816 1093 893 4817 1094 874 4818 1111 893 4819 1097 894 4820 1096 893 4821 1097 874 4822 1111 873 4823 1110 895 4824 1100 874 4825 1111 894 4826 1096 874 4827 1111 895 4828 1100 875 4829 1113 891 4830 1090 871 4831 1104 875 4832 1113 875 4833 1113 895 4834 1100 891 4835 1090 897 4836 1125 867 4837 1092 866 4838 1091 866 4839 1091 896 4840 1124 897 4841 1125 867 4842 1092 898 4843 1126 868 4844 1095 898 4845 1126 867 4846 1092 897 4847 1125 868 4848 1098 898 4849 1127 869 4850 1099 869 4851 1099 898 4852 1127 899 4853 1128 869 4854 1099 900 4855 1129 870 4856 1101 900 4857 1129 869 4858 1099 899 4859 1128 896 4860 1124 866 4861 1091 870 4862 1101 870 4863 1101 900 4864 1129 896 4865 1124 902 4866 1073 862 4867 1080 861 4868 1079 861 4869 1079 901 4870 1072 902 4871 1073 862 4872 1080 902 4873 1073 863 4874 1083 863 4875 1083 902 4876 1073 903 4877 1074 863 4878 1086 903 4879 1076 864 4880 1087 864 4881 1087 903 4882 1076 904 4883 1075 864 4884 1087 905 4885 1077 865 4886 1089 905 4887 1077 864 4888 1087 904 4889 1075 901 4890 1072 861 4891 1079 865 4892 1089 865 4893 1089 905 4894 1077 901 4895 1072 907 4896 1133 911 4897 1131 906 4898 1132 911 4899 1131 907 4900 1133 912 4901 1130 912 4902 1130 907 4903 1133 913 4904 1134 908 4905 1135 913 4906 1134 907 4907 1133 913 4908 1137 908 4909 1138 914 4910 1136 909 4911 1139 914 4912 1136 908 4913 1138 914 4914 1136 910 4915 1141 915 4916 1140 910 4917 1141 914 4918 1136 909 4919 1139 906 4920 1132 915 4921 1140 910 4922 1141 915 4923 1140 906 4924 1132 911 4925 1131 944 4926 1145 945 4927 1142 943 4928 1144 945 4929 1142 942 4930 1143 943 4931 1144 912 4932 1130 956 4933 1146 911 4934 1131 956 4935 1146 912 4936 1130 957 4937 1147 957 4938 1147 913 4939 1134 958 4940 1148 913 4941 1134 957 4942 1147 912 4943 1130 958 4944 1150 913 4945 1137 959 4946 1149 914 4947 1136 959 4948 1149 913 4949 1137 959 4950 1149 915 4951 1140 960 4952 1151 915 4953 1140 959 4954 1149 914 4955 1136 911 4956 1131 960 4957 1151 915 4958 1140 960 4959 1151 911 4960 1131 956 4961 1146 917 4962 1154 951 4963 1152 916 4964 1153 951 4965 1152 917 4966 1154 952 4967 1155 952 4968 1155 918 4969 1157 953 4970 1156 918 4971 1157 952 4972 1155 917 4973 1154 953 4974 1159 918 4975 1160 954 4976 1158 919 4977 1161 954 4978 1158 918 4979 1160 954 4980 1158 920 4981 1163 955 4982 1162 920 4983 1163 954 4984 1158 919 4985 1161 955 4986 1162 920 4987 1163 916 4988 1153 955 4989 1162 916 4990 1153 951 4991 1152 922 4992 1166 946 4993 1164 921 4994 1165 946 4995 1164 922 4996 1166 947 4997 1167 947 4998 1167 923 4999 1169 948 5000 1168 923 5001 1169 947 5002 1167 922 5003 1166 948 5004 1171 923 5005 1172 949 5006 1170 924 5007 1173 949 5008 1170 923 5009 1172 949 5010 1170 925 5011 1175 950 5012 1174 925 5013 1175 949 5014 1170 924 5015 1173 921 5016 1165 950 5017 1174 925 5018 1175 950 5019 1174 921 5020 1165 946 5021 1164 927 5022 1179 931 5023 1177 926 5024 1178 931 5025 1177 927 5026 1179 932 5027 1176 932 5028 1176 928 5029 1181 933 5030 1180 928 5031 1181 932 5032 1176 927 5033 1179 933 5034 1183 928 5035 1184 934 5036 1182 929 5037 1185 934 5038 1182 928 5039 1184 934 5040 1182 930 5041 1187 935 5042 1186 930 5043 1187 934 5044 1182 929 5045 1185 926 5046 1178 935 5047 1186 930 5048 1187 935 5049 1186 926 5050 1178 931 5051 1177 932 5052 1176 936 5053 1189 931 5054 1177 936 5055 1189 932 5056 1176 937 5057 1188 937 5058 1188 933 5059 1180 938 5060 1190 933 5061 1180 937 5062 1188 932 5063 1176 938 5064 1192 933 5065 1183 939 5066 1191 934 5067 1182 939 5068 1191 933 5069 1183 939 5070 1191 935 5071 1186 940 5072 1193 935 5073 1186 939 5074 1191 934 5075 1182 931 5076 1177 940 5077 1193 935 5078 1186 940 5079 1193 931 5080 1177 936 5081 1189 937 5082 1188 941 5083 1194 936 5084 1189 937 5085 1188 942 5086 1143 941 5087 1194 942 5088 1143 937 5089 1188 943 5090 1195 938 5091 1190 943 5092 1195 937 5093 1188 943 5094 1144 938 5095 1192 944 5096 1145 939 5097 1191 944 5098 1145 938 5099 1192 940 5100 1193 945 5101 1196 944 5102 1145 940 5103 1193 944 5104 1145 939 5105 1191 945 5106 1142 940 5107 1193 941 5108 1197 941 5109 1197 940 5110 1193 936 5111 1189 947 5112 1167 926 5113 1178 946 5114 1164 926 5115 1178 947 5116 1167 927 5117 1179 948 5118 1168 927 5119 1179 947 5120 1167 927 5121 1179 948 5122 1168 928 5123 1181 949 5124 1170 929 5125 1185 948 5126 1171 948 5127 1171 929 5128 1185 928 5129 1184 950 5130 1174 929 5131 1185 949 5132 1170 929 5133 1185 950 5134 1174 930 5135 1187 946 5136 1164 930 5137 1187 950 5138 1174 930 5139 1187 946 5140 1164 926 5141 1178 952 5142 1155 921 5143 1198 951 5144 1152 921 5145 1198 952 5146 1155 922 5147 1199 953 5148 1156 922 5149 1199 952 5150 1155 922 5151 1199 953 5152 1156 923 5153 1200 924 5154 1201 953 5155 1159 954 5156 1158 953 5157 1159 924 5158 1201 923 5159 1202 955 5160 1162 924 5161 1201 954 5162 1158 924 5163 1201 955 5164 1162 925 5165 1203 951 5166 1152 925 5167 1203 955 5168 1162 925 5169 1203 951 5170 1152 921 5171 1198 957 5172 1147 916 5173 1153 956 5174 1146 916 5175 1153 957 5176 1147 917 5177 1154 958 5178 1148 917 5179 1154 957 5180 1147 917 5181 1154 958 5182 1148 918 5183 1157 959 5184 1149 919 5185 1161 958 5186 1150 958 5187 1150 919 5188 1161 918 5189 1160 960 5190 1151 919 5191 1161 959 5192 1149 919 5193 1161 960 5194 1151 920 5195 1163 956 5196 1146 920 5197 1163 960 5198 1151 920 5199 1163 956 5200 1146 916 5201 1153 962 5202 1207 966 5203 1205 961 5204 1206 966 5205 1205 962 5206 1207 967 5207 1204 967 5208 1204 963 5209 1209 968 5210 1208 963 5211 1209 967 5212 1204 962 5213 1207 968 5214 1211 963 5215 1212 969 5216 1210 964 5217 1213 969 5218 1210 963 5219 1212 969 5220 1210 965 5221 1215 970 5222 1214 965 5223 1215 969 5224 1210 964 5225 1213 961 5226 1206 970 5227 1214 965 5228 1215 970 5229 1214 961 5230 1206 966 5231 1205 999 5232 1219 1000 5233 1216 998 5234 1218 1000 5235 1216 997 5236 1217 998 5237 1218 967 5238 1204 1011 5239 1220 966 5240 1205 1011 5241 1220 967 5242 1204 1012 5243 1221 1012 5244 1221 968 5245 1208 1013 5246 1222 968 5247 1208 1012 5248 1221 967 5249 1204 1013 5250 1224 968 5251 1211 1014 5252 1223 969 5253 1210 1014 5254 1223 968 5255 1211 1014 5256 1223 970 5257 1214 1015 5258 1225 970 5259 1214 1014 5260 1223 969 5261 1210 966 5262 1205 1015 5263 1225 970 5264 1214 1015 5265 1225 966 5266 1205 1011 5267 1220 972 5268 1228 1006 5269 1226 971 5270 1227 1006 5271 1226 972 5272 1228 1007 5273 1229 1007 5274 1229 973 5275 1231 1008 5276 1230 973 5277 1231 1007 5278 1229 972 5279 1228 1008 5280 1233 973 5281 1234 1009 5282 1232 974 5283 1235 1009 5284 1232 973 5285 1234 1009 5286 1232 975 5287 1237 1010 5288 1236 975 5289 1237 1009 5290 1232 974 5291 1235 971 5292 1227 1010 5293 1236 975 5294 1237 1010 5295 1236 971 5296 1227 1006 5297 1226 977 5298 1240 1001 5299 1238 976 5300 1239 1001 5301 1238 977 5302 1240 1002 5303 1241 1002 5304 1241 978 5305 1243 1003 5306 1242 978 5307 1243 1002 5308 1241 977 5309 1240 1003 5310 1245 978 5311 1246 1004 5312 1244 979 5313 1247 1004 5314 1244 978 5315 1246 1004 5316 1244 980 5317 1249 1005 5318 1248 980 5319 1249 1004 5320 1244 979 5321 1247 976 5322 1239 1005 5323 1248 980 5324 1249 1005 5325 1248 976 5326 1239 1001 5327 1238 982 5328 1253 986 5329 1251 981 5330 1252 986 5331 1251 982 5332 1253 987 5333 1250 987 5334 1250 983 5335 1255 988 5336 1254 983 5337 1255 987 5338 1250 982 5339 1253 988 5340 1257 983 5341 1258 989 5342 1256 984 5343 1259 989 5344 1256 983 5345 1258 989 5346 1256 985 5347 1261 990 5348 1260 985 5349 1261 989 5350 1256 984 5351 1259 981 5352 1252 990 5353 1260 985 5354 1261 990 5355 1260 981 5356 1252 986 5357 1251 987 5358 1250 991 5359 1263 986 5360 1251 991 5361 1263 987 5362 1250 992 5363 1262 992 5364 1262 988 5365 1254 993 5366 1264 988 5367 1254 992 5368 1262 987 5369 1250 993 5370 1266 988 5371 1257 994 5372 1265 989 5373 1256 994 5374 1265 988 5375 1257 994 5376 1265 990 5377 1260 995 5378 1267 990 5379 1260 994 5380 1265 989 5381 1256 986 5382 1251 995 5383 1267 990 5384 1260 995 5385 1267 986 5386 1251 991 5387 1263 992 5388 1262 996 5389 1268 991 5390 1263 992 5391 1262 997 5392 1217 996 5393 1268 997 5394 1217 992 5395 1262 998 5396 1269 993 5397 1264 998 5398 1269 992 5399 1262 998 5400 1218 993 5401 1266 999 5402 1219 994 5403 1265 999 5404 1219 993 5405 1266 995 5406 1267 1000 5407 1270 999 5408 1219 995 5409 1267 999 5410 1219 994 5411 1265 991 5412 1263 996 5413 1271 995 5414 1267 1000 5415 1216 995 5416 1267 996 5417 1271 1002 5418 1241 981 5419 1252 1001 5420 1238 981 5421 1252 1002 5422 1241 982 5423 1253 1003 5424 1242 982 5425 1253 1002 5426 1241 982 5427 1253 1003 5428 1242 983 5429 1255 1004 5430 1244 984 5431 1259 1003 5432 1245 1003 5433 1245 984 5434 1259 983 5435 1258 1005 5436 1248 984 5437 1259 1004 5438 1244 984 5439 1259 1005 5440 1248 985 5441 1261 1001 5442 1238 985 5443 1261 1005 5444 1248 985 5445 1261 1001 5446 1238 981 5447 1252 1007 5448 1229 976 5449 1272 1006 5450 1226 976 5451 1272 1007 5452 1229 977 5453 1273 1008 5454 1230 977 5455 1273 1007 5456 1229 977 5457 1273 1008 5458 1230 978 5459 1274 1009 5460 1232 979 5461 1275 1008 5462 1233 1008 5463 1233 979 5464 1275 978 5465 1276 1010 5466 1236 979 5467 1275 1009 5468 1232 979 5469 1275 1010 5470 1236 980 5471 1277 1006 5472 1226 980 5473 1277 1010 5474 1236 980 5475 1277 1006 5476 1226 976 5477 1272 1012 5478 1221 971 5479 1227 1011 5480 1220 971 5481 1227 1012 5482 1221 972 5483 1228 1013 5484 1222 972 5485 1228 1012 5486 1221 972 5487 1228 1013 5488 1222 973 5489 1231 1014 5490 1223 974 5491 1235 1013 5492 1224 1013 5493 1224 974 5494 1235 973 5495 1234 1015 5496 1225 974 5497 1235 1014 5498 1223 974 5499 1235 1015 5500 1225 975 5501 1237 1011 5502 1220 975 5503 1237 1015 5504 1225 975 5505 1237 1011 5506 1220 971 5507 1227 1017 5508 1281 1021 5509 1279 1016 5510 1280 1021 5511 1279 1017 5512 1281 1022 5513 1278 1022 5514 1278 1018 5515 1283 1023 5516 1282 1018 5517 1283 1022 5518 1278 1017 5519 1281 1018 5520 1286 1024 5521 1284 1023 5522 1285 1019 5523 1287 1024 5524 1284 1018 5525 1286 1020 5526 1289 1024 5527 1284 1019 5528 1287 1024 5529 1284 1020 5530 1289 1025 5531 1288 1016 5532 1280 1025 5533 1288 1020 5534 1289 1025 5535 1288 1016 5536 1280 1021 5537 1279 1054 5538 1293 1055 5539 1290 1053 5540 1292 1055 5541 1290 1052 5542 1291 1053 5543 1292 1022 5544 1278 1066 5545 1294 1021 5546 1279 1066 5547 1294 1022 5548 1278 1067 5549 1295 1067 5550 1295 1023 5551 1282 1068 5552 1296 1023 5553 1282 1067 5554 1295 1022 5555 1278 1024 5556 1284 1069 5557 1297 1023 5558 1285 1023 5559 1285 1069 5560 1297 1068 5561 1298 1025 5562 1288 1069 5563 1297 1024 5564 1284 1069 5565 1297 1025 5566 1288 1070 5567 1299 1021 5568 1279 1070 5569 1299 1025 5570 1288 1021 5571 1279 1066 5572 1294 1070 5573 1299 1027 5574 1302 1061 5575 1300 1026 5576 1301 1061 5577 1300 1027 5578 1302 1062 5579 1303 1062 5580 1303 1028 5581 1305 1063 5582 1304 1028 5583 1305 1062 5584 1303 1027 5585 1302 1063 5586 1307 1028 5587 1308 1064 5588 1306 1029 5589 1309 1064 5590 1306 1028 5591 1308 1030 5592 1311 1064 5593 1306 1029 5594 1309 1064 5595 1306 1030 5596 1311 1065 5597 1310 1026 5598 1301 1065 5599 1310 1030 5600 1311 1065 5601 1310 1026 5602 1301 1061 5603 1300 1032 5604 1314 1056 5605 1312 1031 5606 1313 1056 5607 1312 1032 5608 1314 1057 5609 1315 1057 5610 1315 1033 5611 1317 1058 5612 1316 1033 5613 1317 1057 5614 1315 1032 5615 1314 1033 5616 1320 1059 5617 1318 1058 5618 1319 1034 5619 1321 1059 5620 1318 1033 5621 1320 1035 5622 1323 1059 5623 1318 1034 5624 1321 1059 5625 1318 1035 5626 1323 1060 5627 1322 1031 5628 1313 1060 5629 1322 1035 5630 1323 1031 5631 1313 1056 5632 1312 1060 5633 1322 1037 5634 1327 1041 5635 1325 1036 5636 1326 1041 5637 1325 1037 5638 1327 1042 5639 1324 1042 5640 1324 1038 5641 1329 1043 5642 1328 1038 5643 1329 1042 5644 1324 1037 5645 1327 1043 5646 1331 1038 5647 1332 1044 5648 1330 1039 5649 1333 1044 5650 1330 1038 5651 1332 1044 5652 1330 1040 5653 1335 1045 5654 1334 1040 5655 1335 1044 5656 1330 1039 5657 1333 1036 5658 1326 1045 5659 1334 1040 5660 1335 1045 5661 1334 1036 5662 1326 1041 5663 1325 1042 5664 1324 1046 5665 1337 1041 5666 1325 1046 5667 1337 1042 5668 1324 1047 5669 1336 1047 5670 1336 1043 5671 1328 1048 5672 1338 1043 5673 1328 1047 5674 1336 1042 5675 1324 1048 5676 1340 1043 5677 1331 1049 5678 1339 1044 5679 1330 1049 5680 1339 1043 5681 1331 1049 5682 1339 1045 5683 1334 1050 5684 1341 1045 5685 1334 1049 5686 1339 1044 5687 1330 1041 5688 1325 1050 5689 1341 1045 5690 1334 1050 5691 1341 1041 5692 1325 1046 5693 1337 1047 5694 1336 1051 5695 1342 1046 5696 1337 1047 5697 1336 1052 5698 1291 1051 5699 1342 1052 5700 1291 1047 5701 1336 1053 5702 1343 1048 5703 1338 1053 5704 1343 1047 5705 1336 1053 5706 1292 1048 5707 1340 1054 5708 1293 1049 5709 1339 1054 5710 1293 1048 5711 1340 1050 5712 1341 1055 5713 1344 1054 5714 1293 1050 5715 1341 1054 5716 1293 1049 5717 1339 1046 5718 1337 1051 5719 1345 1050 5720 1341 1055 5721 1290 1050 5722 1341 1051 5723 1345 1057 5724 1315 1036 5725 1326 1056 5726 1312 1036 5727 1326 1057 5728 1315 1037 5729 1327 1058 5730 1316 1037 5731 1327 1057 5732 1315 1037 5733 1327 1058 5734 1316 1038 5735 1329 1059 5736 1318 1039 5737 1333 1058 5738 1319 1038 5739 1332 1058 5740 1319 1039 5741 1333 1060 5742 1322 1039 5743 1333 1059 5744 1318 1039 5745 1333 1060 5746 1322 1040 5747 1335 1056 5748 1312 1040 5749 1335 1060 5750 1322 1040 5751 1335 1056 5752 1312 1036 5753 1326 1062 5754 1303 1031 5755 1346 1061 5756 1300 1031 5757 1346 1062 5758 1303 1032 5759 1347 1063 5760 1304 1032 5761 1347 1062 5762 1303 1032 5763 1347 1063 5764 1304 1033 5765 1348 1064 5766 1306 1034 5767 1349 1063 5768 1307 1033 5769 1350 1063 5770 1307 1034 5771 1349 1065 5772 1310 1034 5773 1349 1064 5774 1306 1034 5775 1349 1065 5776 1310 1035 5777 1351 1061 5778 1300 1035 5779 1351 1065 5780 1310 1035 5781 1351 1061 5782 1300 1031 5783 1346 1067 5784 1295 1026 5785 1301 1066 5786 1294 1026 5787 1301 1067 5788 1295 1027 5789 1302 1068 5790 1296 1027 5791 1302 1067 5792 1295 1027 5793 1302 1068 5794 1296 1028 5795 1305 1069 5796 1297 1029 5797 1309 1068 5798 1298 1028 5799 1308 1068 5800 1298 1029 5801 1309 1070 5802 1299 1029 5803 1309 1069 5804 1297 1029 5805 1309 1070 5806 1299 1030 5807 1311 1066 5808 1294 1030 5809 1311 1070 5810 1299 1030 5811 1311 1066 5812 1294 1026 5813 1301 1076 5814 1353 1072 5815 1355 1077 5816 1352 1072 5817 1355 1076 5818 1353 1071 5819 1354 1077 5820 1352 1073 5821 1357 1078 5822 1356 1073 5823 1357 1077 5824 1352 1072 5825 1355 1073 5826 1360 1079 5827 1358 1078 5828 1359 1074 5829 1361 1079 5830 1358 1073 5831 1360 1075 5832 1363 1079 5833 1358 1074 5834 1361 1079 5835 1358 1075 5836 1363 1080 5837 1362 1080 5838 1362 1071 5839 1354 1076 5840 1353 1071 5841 1354 1080 5842 1362 1075 5843 1363 1111 5844 1364 1077 5845 1352 1112 5846 1365 1077 5847 1352 1111 5848 1364 1076 5849 1353 1112 5850 1365 1078 5851 1356 1113 5852 1366 1078 5853 1356 1112 5854 1365 1077 5855 1352 1078 5856 1359 1114 5857 1367 1113 5858 1368 1079 5859 1358 1114 5860 1367 1078 5861 1359 1080 5862 1362 1114 5863 1367 1079 5864 1358 1114 5865 1367 1080 5866 1362 1115 5867 1369 1076 5868 1353 1111 5869 1364 1115 5870 1369 1076 5871 1353 1115 5872 1369 1080 5873 1362 1106 5874 1370 1082 5875 1372 1107 5876 1373 1082 5877 1372 1106 5878 1370 1081 5879 1371 1107 5880 1373 1083 5881 1375 1108 5882 1374 1083 5883 1375 1107 5884 1373 1082 5885 1372 1083 5886 1378 1109 5887 1376 1108 5888 1377 1084 5889 1379 1109 5890 1376 1083 5891 1378 1085 5892 1381 1109 5893 1376 1084 5894 1379 1109 5895 1376 1085 5896 1381 1110 5897 1380 1081 5898 1371 1106 5899 1370 1110 5900 1380 1081 5901 1371 1110 5902 1380 1085 5903 1381 1101 5904 1382 1087 5905 1384 1102 5906 1385 1087 5907 1384 1101 5908 1382 1086 5909 1383 1102 5910 1385 1088 5911 1387 1103 5912 1386 1088 5913 1387 1102 5914 1385 1087 5915 1384 1088 5916 1390 1104 5917 1388 1103 5918 1389 1089 5919 1391 1104 5920 1388 1088 5921 1390 1104 5922 1388 1090 5923 1393 1105 5924 1392 1090 5925 1393 1104 5926 1388 1089 5927 1391 1086 5928 1383 1101 5929 1382 1105 5930 1392 1086 5931 1383 1105 5932 1392 1090 5933 1393 1096 5934 1395 1091 5935 1396 1097 5936 1394 1092 5937 1397 1097 5938 1394 1091 5939 1396 1093 5940 1399 1098 5941 1398 1097 5942 1394 1097 5943 1394 1092 5944 1397 1093 5945 1399 1094 5946 1403 1099 5947 1400 1093 5948 1402 1098 5949 1401 1093 5950 1402 1099 5951 1400 1095 5952 1405 1099 5953 1400 1094 5954 1403 1099 5955 1400 1095 5956 1405 1100 5957 1404 1091 5958 1396 1096 5959 1395 1100 5960 1404 1091 5961 1396 1100 5962 1404 1095 5963 1405 1102 5964 1385 1092 5965 1397 1091 5966 1396 1102 5967 1385 1091 5968 1396 1101 5969 1382 1103 5970 1386 1092 5971 1397 1102 5972 1385 1092 5973 1397 1103 5974 1386 1093 5975 1399 1104 5976 1388 1094 5977 1403 1103 5978 1389 1093 5979 1402 1103 5980 1389 1094 5981 1403 1105 5982 1392 1094 5983 1403 1104 5984 1388 1094 5985 1403 1105 5986 1392 1095 5987 1405 1101 5988 1382 1091 5989 1396 1095 5990 1405 1101 5991 1382 1095 5992 1405 1105 5993 1392 1107 5994 1407 1087 5995 1384 1086 5996 1383 1107 5997 1407 1086 5998 1383 1106 5999 1406 1108 6000 1408 1087 6001 1384 1107 6002 1407 1087 6003 1384 1108 6004 1408 1088 6005 1387 1109 6006 1410 1089 6007 1391 1108 6008 1409 1088 6009 1390 1108 6010 1409 1089 6011 1391 1110 6012 1411 1089 6013 1391 1109 6014 1410 1089 6015 1391 1110 6016 1411 1090 6017 1393 1106 6018 1406 1086 6019 1383 1090 6020 1393 1106 6021 1406 1090 6022 1393 1110 6023 1411 1081 6024 1371 1112 6025 1365 1082 6026 1372 1112 6027 1365 1081 6028 1371 1111 6029 1364 1113 6030 1366 1082 6031 1372 1112 6032 1365 1082 6033 1372 1113 6034 1366 1083 6035 1375 1114 6036 1367 1084 6037 1379 1113 6038 1368 1083 6039 1378 1113 6040 1368 1084 6041 1379 1115 6042 1369 1084 6043 1379 1114 6044 1367 1084 6045 1379 1115 6046 1369 1085 6047 1381 1111 6048 1364 1081 6049 1371 1085 6050 1381 1111 6051 1364 1085 6052 1381 1115 6053 1369 1099 6054 1400 1096 6055 1412 1098 6056 1401 1096 6057 1412 1099 6058 1400 1100 6059 1404 1121 6060 1414 1117 6061 1416 1122 6062 1413 1117 6063 1416 1121 6064 1414 1116 6065 1415 1117 6066 1416 1123 6067 1417 1122 6068 1413 1123 6069 1417 1117 6070 1416 1118 6071 1418 1118 6072 1421 1124 6073 1419 1123 6074 1420 1119 6075 1422 1124 6076 1419 1118 6077 1421 1119 6078 1422 1125 6079 1423 1124 6080 1419 1120 6081 1424 1125 6082 1423 1119 6083 1422 1125 6084 1423 1116 6085 1415 1121 6086 1414 1116 6087 1415 1125 6088 1423 1120 6089 1424 1156 6090 1425 1122 6091 1413 1157 6092 1426 1122 6093 1413 1156 6094 1425 1121 6095 1414 1157 6096 1426 1123 6097 1417 1158 6098 1427 1123 6099 1417 1157 6100 1426 1122 6101 1413 1123 6102 1420 1159 6103 1428 1158 6104 1429 1124 6105 1419 1159 6106 1428 1123 6107 1420 1159 6108 1428 1125 6109 1423 1160 6110 1430 1125 6111 1423 1159 6112 1428 1124 6113 1419 1121 6114 1414 1156 6115 1425 1160 6116 1430 1121 6117 1414 1160 6118 1430 1125 6119 1423 1151 6120 1431 1127 6121 1433 1152 6122 1434 1127 6123 1433 1151 6124 1431 1126 6125 1432 1152 6126 1434 1128 6127 1436 1153 6128 1435 1128 6129 1436 1152 6130 1434 1127 6131 1433 1128 6132 1439 1154 6133 1437 1153 6134 1438 1129 6135 1440 1154 6136 1437 1128 6137 1439 1154 6138 1437 1130 6139 1442 1155 6140 1441 1130 6141 1442 1154 6142 1437 1129 6143 1440 1126 6144 1432 1151 6145 1431 1155 6146 1441 1126 6147 1432 1155 6148 1441 1130 6149 1442 1132 6150 1445 1147 6151 1446 1146 6152 1443 1132 6153 1445 1146 6154 1443 1131 6155 1444 1132 6156 1445 1148 6157 1447 1147 6158 1446 1148 6159 1447 1132 6160 1445 1133 6161 1448 1133 6162 1451 1149 6163 1449 1148 6164 1450 1134 6165 1452 1149 6166 1449 1133 6167 1451 1149 6168 1449 1135 6169 1454 1150 6170 1453 1135 6171 1454 1149 6172 1449 1134 6173 1452 1131 6174 1444 1146 6175 1443 1150 6176 1453 1131 6177 1444 1150 6178 1453 1135 6179 1454 1141 6180 1456 1136 6181 1457 1142 6182 1455 1137 6183 1458 1142 6184 1455 1136 6185 1457 1138 6186 1460 1143 6187 1459 1142 6188 1455 1142 6189 1455 1137 6190 1458 1138 6191 1460 1139 6192 1464 1144 6193 1461 1138 6194 1463 1143 6195 1462 1138 6196 1463 1144 6197 1461 1144 6198 1461 1140 6199 1466 1145 6200 1465 1140 6201 1466 1144 6202 1461 1139 6203 1464 1136 6204 1457 1141 6205 1456 1145 6206 1465 1136 6207 1457 1145 6208 1465 1140 6209 1466 1147 6210 1446 1137 6211 1458 1136 6212 1457 1147 6213 1446 1136 6214 1457 1146 6215 1443 1148 6216 1447 1138 6217 1460 1147 6218 1446 1137 6219 1458 1147 6220 1446 1138 6221 1460 1149 6222 1449 1139 6223 1464 1148 6224 1450 1138 6225 1463 1148 6226 1450 1139 6227 1464 1150 6228 1453 1139 6229 1464 1149 6230 1449 1139 6231 1464 1150 6232 1453 1140 6233 1466 1146 6234 1443 1136 6235 1457 1140 6236 1466 1146 6237 1443 1140 6238 1466 1150 6239 1453 1152 6240 1468 1132 6241 1445 1131 6242 1444 1152 6243 1468 1131 6244 1444 1151 6245 1467 1153 6246 1469 1132 6247 1445 1152 6248 1468 1132 6249 1445 1153 6250 1469 1133 6251 1448 1154 6252 1471 1134 6253 1452 1153 6254 1470 1133 6255 1451 1153 6256 1470 1134 6257 1452 1155 6258 1472 1134 6259 1452 1154 6260 1471 1134 6261 1452 1155 6262 1472 1135 6263 1454 1151 6264 1467 1131 6265 1444 1135 6266 1454 1151 6267 1467 1135 6268 1454 1155 6269 1472 1157 6270 1426 1127 6271 1433 1126 6272 1432 1157 6273 1426 1126 6274 1432 1156 6275 1425 1158 6276 1427 1127 6277 1433 1157 6278 1426 1127 6279 1433 1158 6280 1427 1128 6281 1436 1159 6282 1428 1129 6283 1440 1158 6284 1429 1128 6285 1439 1158 6286 1429 1129 6287 1440 1160 6288 1430 1129 6289 1440 1159 6290 1428 1129 6291 1440 1160 6292 1430 1130 6293 1442 1156 6294 1425 1126 6295 1432 1130 6296 1442 1156 6297 1425 1130 6298 1442 1160 6299 1430 1143 6300 1462 1144 6301 1461 1145 6302 1465 1145 6303 1465 1141 6304 1473 1143 6305 1462 1166 6306 1475 1162 6307 1477 1167 6308 1474 1162 6309 1477 1166 6310 1475 1161 6311 1476 1162 6312 1477 1168 6313 1478 1167 6314 1474 1168 6315 1478 1162 6316 1477 1163 6317 1479 1163 6318 1479 1169 6319 1480 1168 6320 1478 1169 6321 1480 1163 6322 1479 1164 6323 1481 1164 6324 1484 1170 6325 1482 1169 6326 1483 1165 6327 1485 1170 6328 1482 1164 6329 1484 1170 6330 1482 1161 6331 1476 1166 6332 1475 1161 6333 1476 1170 6334 1482 1165 6335 1485 1202 6336 1487 1166 6337 1475 1167 6338 1474 1166 6339 1475 1202 6340 1487 1201 6341 1486 1167 6342 1474 1203 6343 1488 1202 6344 1487 1203 6345 1488 1167 6346 1474 1168 6347 1478 1168 6348 1478 1204 6349 1489 1203 6350 1488 1204 6351 1489 1168 6352 1478 1169 6353 1480 1169 6354 1483 1205 6355 1490 1204 6356 1491 1170 6357 1482 1205 6358 1490 1169 6359 1483 1166 6360 1475 1201 6361 1486 1205 6362 1490 1205 6363 1490 1170 6364 1482 1166 6365 1475 1197 6366 1495 1171 6367 1493 1172 6368 1494 1171 6369 1493 1197 6370 1495 1196 6371 1492 1172 6372 1494 1198 6373 1496 1197 6374 1495 1198 6375 1496 1172 6376 1494 1173 6377 1497 1173 6378 1497 1199 6379 1498 1198 6380 1496 1174 6381 1499 1199 6382 1498 1173 6383 1497 1174 6384 1502 1200 6385 1500 1199 6386 1501 1175 6387 1503 1200 6388 1500 1174 6389 1502 1171 6390 1493 1196 6391 1492 1200 6392 1500 1200 6393 1500 1175 6394 1503 1171 6395 1493 1192 6396 1507 1176 6397 1505 1177 6398 1506 1176 6399 1505 1192 6400 1507 1191 6401 1504 1177 6402 1506 1193 6403 1508 1192 6404 1507 1193 6405 1508 1177 6406 1506 1178 6407 1509 1178 6408 1509 1194 6409 1510 1193 6410 1508 1194 6411 1510 1178 6412 1509 1179 6413 1511 1179 6414 1514 1195 6415 1512 1194 6416 1513 1180 6417 1515 1195 6418 1512 1179 6419 1514 1176 6420 1505 1191 6421 1504 1195 6422 1512 1195 6423 1512 1180 6424 1515 1176 6425 1505 1186 6426 1517 1181 6427 1518 1187 6428 1516 1182 6429 1519 1187 6430 1516 1181 6431 1518 1183 6432 1522 1188 6433 1520 1187 6434 1521 1187 6435 1521 1182 6436 1519 1183 6437 1522 1184 6438 1525 1189 6439 1523 1183 6440 1522 1188 6441 1524 1183 6442 1522 1189 6443 1523 1184 6444 1527 1190 6445 1526 1189 6446 1523 1185 6447 1528 1190 6448 1526 1184 6449 1527 1181 6450 1518 1186 6451 1517 1190 6452 1529 1190 6453 1529 1185 6454 1528 1181 6455 1518 1192 6456 1507 1182 6457 1519 1181 6458 1518 1192 6459 1507 1181 6460 1518 1191 6461 1504 1193 6462 1508 1183 6463 1522 1192 6464 1507 1182 6465 1519 1192 6466 1507 1183 6467 1522 1194 6468 1510 1184 6469 1525 1193 6470 1508 1183 6471 1522 1193 6472 1508 1184 6473 1525 1195 6474 1512 1185 6475 1528 1194 6476 1513 1184 6477 1527 1194 6478 1513 1185 6479 1528 1191 6480 1504 1181 6481 1518 1185 6482 1528 1185 6483 1528 1195 6484 1512 1191 6485 1504 1177 6486 1506 1196 6487 1530 1197 6488 1531 1196 6489 1530 1177 6490 1506 1176 6491 1505 1198 6492 1532 1178 6493 1509 1197 6494 1531 1177 6495 1506 1197 6496 1531 1178 6497 1509 1199 6498 1533 1179 6499 1511 1198 6500 1532 1178 6501 1509 1198 6502 1532 1179 6503 1511 1200 6504 1535 1180 6505 1515 1199 6506 1534 1179 6507 1514 1199 6508 1534 1180 6509 1515 1196 6510 1530 1176 6511 1505 1180 6512 1515 1196 6513 1530 1180 6514 1515 1200 6515 1535 1172 6516 1494 1201 6517 1486 1202 6518 1487 1201 6519 1486 1172 6520 1494 1171 6521 1493 1203 6522 1488 1173 6523 1497 1202 6524 1487 1172 6525 1494 1202 6526 1487 1173 6527 1497 1204 6528 1489 1174 6529 1499 1203 6530 1488 1173 6531 1497 1203 6532 1488 1174 6533 1499 1205 6534 1490 1175 6535 1503 1204 6536 1491 1174 6537 1502 1204 6538 1491 1175 6539 1503 1201 6540 1486 1171 6541 1493 1175 6542 1503 1201 6543 1486 1175 6544 1503 1205 6545 1490 1188 6546 1524 1189 6547 1536 1190 6548 1529 1188 6549 1524 1190 6550 1529 1186 6551 1517 1211 6552 1538 1206 6553 1539 1212 6554 1537 1207 6555 1540 1212 6556 1537 1206 6557 1539 1207 6558 1540 1213 6559 1541 1212 6560 1537 1213 6561 1541 1207 6562 1540 1208 6563 1542 1208 6564 1545 1214 6565 1543 1213 6566 1544 1214 6567 1543 1208 6568 1545 1209 6569 1546 1209 6570 1546 1215 6571 1547 1214 6572 1543 1210 6573 1548 1215 6574 1547 1209 6575 1546 1215 6576 1547 1206 6577 1539 1211 6578 1538 1206 6579 1539 1215 6580 1547 1210 6581 1548 1247 6582 1550 1211 6583 1538 1212 6584 1537 1211 6585 1538 1247 6586 1550 1246 6587 1549 1212 6588 1537 1248 6589 1551 1247 6590 1550 1248 6591 1551 1212 6592 1537 1213 6593 1541 1213 6594 1544 1249 6595 1552 1248 6596 1553 1249 6597 1552 1213 6598 1544 1214 6599 1543 1214 6600 1543 1250 6601 1554 1249 6602 1552 1215 6603 1547 1250 6604 1554 1214 6605 1543 1211 6606 1538 1246 6607 1549 1250 6608 1554 1250 6609 1554 1215 6610 1547 1211 6611 1538 1242 6612 1558 1216 6613 1556 1217 6614 1557 1216 6615 1556 1242 6616 1558 1241 6617 1555 1217 6618 1557 1243 6619 1559 1242 6620 1558 1243 6621 1559 1217 6622 1557 1218 6623 1560 1218 6624 1563 1244 6625 1561 1243 6626 1562 1244 6627 1561 1218 6628 1563 1219 6629 1564 1219 6630 1564 1245 6631 1565 1244 6632 1561 1220 6633 1566 1245 6634 1565 1219 6635 1564 1216 6636 1556 1241 6637 1555 1245 6638 1565 1245 6639 1565 1220 6640 1566 1216 6641 1556 1237 6642 1570 1221 6643 1568 1222 6644 1569 1221 6645 1568 1237 6646 1570 1236 6647 1567 1222 6648 1569 1238 6649 1571 1237 6650 1570 1238 6651 1571 1222 6652 1569 1223 6653 1572 1223 6654 1575 1239 6655 1573 1238 6656 1574 1239 6657 1573 1223 6658 1575 1224 6659 1576 1224 6660 1576 1240 6661 1577 1239 6662 1573 1225 6663 1578 1240 6664 1577 1224 6665 1576 1221 6666 1568 1236 6667 1567 1240 6668 1577 1240 6669 1577 1225 6670 1578 1221 6671 1568 1231 6672 1580 1226 6673 1581 1232 6674 1579 1227 6675 1582 1232 6676 1579 1226 6677 1581 1228 6678 1584 1233 6679 1583 1232 6680 1579 1232 6681 1579 1227 6682 1582 1228 6683 1584 1233 6684 1586 1228 6685 1587 1234 6686 1585 1234 6687 1585 1228 6688 1587 1229 6689 1588 1229 6690 1588 1235 6691 1589 1234 6692 1585 1230 6693 1590 1235 6694 1589 1229 6695 1588 1226 6696 1581 1231 6697 1580 1235 6698 1589 1235 6699 1589 1230 6700 1590 1226 6701 1581 1237 6702 1570 1227 6703 1582 1226 6704 1581 1237 6705 1570 1226 6706 1581 1236 6707 1567 1238 6708 1571 1228 6709 1584 1237 6710 1570 1227 6711 1582 1237 6712 1570 1228 6713 1584 1239 6714 1573 1229 6715 1588 1238 6716 1574 1228 6717 1587 1238 6718 1574 1229 6719 1588 1240 6720 1577 1230 6721 1590 1239 6722 1573 1229 6723 1588 1239 6724 1573 1230 6725 1590 1236 6726 1567 1226 6727 1581 1230 6728 1590 1230 6729 1590 1240 6730 1577 1236 6731 1567 1222 6732 1592 1241 6733 1555 1242 6734 1558 1241 6735 1555 1222 6736 1592 1221 6737 1591 1243 6738 1559 1223 6739 1593 1242 6740 1558 1222 6741 1592 1242 6742 1558 1223 6743 1593 1244 6744 1561 1224 6745 1594 1243 6746 1562 1223 6747 1595 1243 6748 1562 1224 6749 1594 1245 6750 1565 1225 6751 1596 1244 6752 1561 1224 6753 1594 1244 6754 1561 1225 6755 1596 1241 6756 1555 1221 6757 1591 1225 6758 1596 1225 6759 1596 1245 6760 1565 1241 6761 1555 1217 6762 1557 1246 6763 1549 1247 6764 1550 1246 6765 1549 1217 6766 1557 1216 6767 1556 1248 6768 1551 1218 6769 1560 1247 6770 1550 1217 6771 1557 1247 6772 1550 1218 6773 1560 1249 6774 1552 1219 6775 1564 1248 6776 1553 1218 6777 1563 1248 6778 1553 1219 6779 1564 1250 6780 1554 1220 6781 1566 1249 6782 1552 1219 6783 1564 1249 6784 1552 1220 6785 1566 1246 6786 1549 1216 6787 1556 1220 6788 1566 1220 6789 1566 1250 6790 1554 1246 6791 1549 1234 6792 1585 1231 6793 1597 1233 6794 1586 1231 6795 1597 1234 6796 1585 1235 6797 1589 1256 6798 1599 1251 6799 1600 1257 6800 1598 1257 6801 1598 1251 6802 1600 1252 6803 1601 1257 6804 1603 1252 6805 1604 1258 6806 1602 1258 6807 1602 1252 6808 1604 1253 6809 1605 1253 6810 1605 1259 6811 1606 1258 6812 1602 1259 6813 1606 1253 6814 1605 1254 6815 1607 1254 6816 1607 1260 6817 1608 1259 6818 1606 1255 6819 1609 1260 6820 1608 1254 6821 1607 1260 6822 1608 1251 6823 1600 1256 6824 1599 1251 6825 1600 1260 6826 1608 1255 6827 1609 1292 6828 1611 1256 6829 1599 1257 6830 1598 1256 6831 1599 1292 6832 1611 1291 6833 1610 1257 6834 1603 1293 6835 1612 1292 6836 1613 1293 6837 1612 1257 6838 1603 1258 6839 1602 1258 6840 1602 1294 6841 1614 1293 6842 1612 1294 6843 1614 1258 6844 1602 1259 6845 1606 1259 6846 1606 1295 6847 1615 1294 6848 1614 1260 6849 1608 1295 6850 1615 1259 6851 1606 1256 6852 1599 1291 6853 1610 1295 6854 1615 1295 6855 1615 1260 6856 1608 1256 6857 1599 1287 6858 1619 1261 6859 1617 1262 6860 1618 1261 6861 1617 1287 6862 1619 1286 6863 1616 1262 6864 1622 1288 6865 1620 1287 6866 1621 1288 6867 1620 1262 6868 1622 1263 6869 1623 1263 6870 1623 1289 6871 1624 1288 6872 1620 1289 6873 1624 1263 6874 1623 1264 6875 1625 1264 6876 1625 1290 6877 1626 1289 6878 1624 1265 6879 1627 1290 6880 1626 1264 6881 1625 1261 6882 1617 1286 6883 1616 1290 6884 1626 1290 6885 1626 1265 6886 1627 1261 6887 1617 1282 6888 1631 1266 6889 1629 1267 6890 1630 1266 6891 1629 1282 6892 1631 1281 6893 1628 1267 6894 1634 1283 6895 1632 1282 6896 1633 1283 6897 1632 1267 6898 1634 1268 6899 1635 1268 6900 1635 1284 6901 1636 1283 6902 1632 1284 6903 1636 1268 6904 1635 1269 6905 1637 1269 6906 1637 1285 6907 1638 1284 6908 1636 1270 6909 1639 1285 6910 1638 1269 6911 1637 1266 6912 1629 1281 6913 1628 1285 6914 1638 1285 6915 1638 1270 6916 1639 1266 6917 1629 1276 6918 1641 1271 6919 1642 1277 6920 1640 1272 6921 1643 1277 6922 1640 1271 6923 1642 1273 6924 1647 1278 6925 1644 1277 6926 1645 1277 6927 1645 1272 6928 1646 1273 6929 1647 1278 6930 1649 1273 6931 1647 1279 6932 1648 1279 6933 1648 1273 6934 1647 1274 6935 1650 1274 6936 1650 1280 6937 1651 1279 6938 1648 1275 6939 1652 1280 6940 1651 1274 6941 1650 1271 6942 1642 1276 6943 1641 1280 6944 1653 1280 6945 1653 1275 6946 1652 1271 6947 1642 1272 6948 1643 1281 6949 1628 1282 6950 1631 1281 6951 1628 1272 6952 1643 1271 6953 1642 1283 6954 1632 1273 6955 1647 1282 6956 1633 1272 6957 1646 1282 6958 1633 1273 6959 1647 1284 6960 1636 1274 6961 1650 1283 6962 1632 1273 6963 1647 1283 6964 1632 1274 6965 1650 1285 6966 1638 1275 6967 1652 1284 6968 1636 1274 6969 1650 1284 6970 1636 1275 6971 1652 1281 6972 1628 1271 6973 1642 1275 6974 1652 1275 6975 1652 1285 6976 1638 1281 6977 1628 1267 6978 1630 1286 6979 1654 1287 6980 1655 1286 6981 1654 1267 6982 1630 1266 6983 1629 1288 6984 1657 1268 6985 1635 1287 6986 1656 1267 6987 1634 1287 6988 1656 1268 6989 1635 1289 6990 1658 1269 6991 1637 1288 6992 1657 1268 6993 1635 1288 6994 1657 1269 6995 1637 1290 6996 1659 1270 6997 1639 1289 6998 1658 1269 6999 1637 1289 7000 1658 1270 7001 1639 1286 7002 1654 1266 7003 1629 1270 7004 1639 1270 7005 1639 1290 7006 1659 1286 7007 1654 1262 7008 1618 1291 7009 1610 1292 7010 1611 1291 7011 1610 1262 7012 1618 1261 7013 1617 1293 7014 1612 1263 7015 1623 1292 7016 1613 1262 7017 1622 1292 7018 1613 1263 7019 1623 1294 7020 1614 1264 7021 1625 1293 7022 1612 1263 7023 1623 1293 7024 1612 1264 7025 1625 1295 7026 1615 1265 7027 1627 1294 7028 1614 1264 7029 1625 1294 7030 1614 1265 7031 1627 1291 7032 1610 1261 7033 1617 1265 7034 1627 1265 7035 1627 1295 7036 1615 1291 7037 1610 1279 7038 1661 1276 7039 1660 1278 7040 1644 1276 7041 1660 1279 7042 1661 1280 7043 1651 1301 7044 1663 1296 7045 1664 1302 7046 1662 1302 7047 1662 1296 7048 1664 1297 7049 1665 1302 7050 1662 1297 7051 1665 1303 7052 1666 1303 7053 1666 1297 7054 1665 1298 7055 1667 1298 7056 1667 1304 7057 1668 1303 7058 1666 1304 7059 1668 1298 7060 1667 1299 7061 1669 1299 7062 1672 1305 7063 1670 1304 7064 1671 1300 7065 1673 1305 7066 1670 1299 7067 1672 1305 7068 1670 1296 7069 1664 1301 7070 1663 1296 7071 1664 1305 7072 1670 1300 7073 1673 1337 7074 1675 1301 7075 1663 1302 7076 1662 1301 7077 1663 1337 7078 1675 1336 7079 1674 1302 7080 1662 1338 7081 1676 1337 7082 1675 1338 7083 1676 1302 7084 1662 1303 7085 1666 1338 7086 1676 1304 7087 1668 1339 7088 1677 1304 7089 1668 1338 7090 1676 1303 7091 1666 1304 7092 1671 1340 7093 1678 1339 7094 1679 1305 7095 1670 1340 7096 1678 1304 7097 1671 1301 7098 1663 1336 7099 1674 1340 7100 1678 1340 7101 1678 1305 7102 1670 1301 7103 1663 1332 7104 1683 1306 7105 1681 1307 7106 1682 1306 7107 1681 1332 7108 1683 1331 7109 1680 1307 7110 1682 1333 7111 1684 1332 7112 1683 1333 7113 1684 1307 7114 1682 1308 7115 1685 1308 7116 1685 1334 7117 1686 1333 7118 1684 1334 7119 1686 1308 7120 1685 1309 7121 1687 1309 7122 1690 1335 7123 1688 1334 7124 1689 1310 7125 1691 1335 7126 1688 1309 7127 1690 1306 7128 1681 1331 7129 1680 1335 7130 1688 1335 7131 1688 1310 7132 1691 1306 7133 1681 1327 7134 1695 1311 7135 1693 1312 7136 1694 1311 7137 1693 1327 7138 1695 1326 7139 1692 1327 7140 1695 1312 7141 1694 1328 7142 1696 1328 7143 1696 1312 7144 1694 1313 7145 1697 1313 7146 1697 1329 7147 1698 1328 7148 1696 1329 7149 1698 1313 7150 1697 1314 7151 1699 1314 7152 1702 1330 7153 1700 1329 7154 1701 1315 7155 1703 1330 7156 1700 1314 7157 1702 1311 7158 1693 1326 7159 1692 1330 7160 1700 1330 7161 1700 1315 7162 1703 1311 7163 1693 1321 7164 1705 1316 7165 1706 1322 7166 1704 1322 7167 1704 1316 7168 1706 1317 7169 1707 1318 7170 1710 1323 7171 1708 1322 7172 1709 1322 7173 1709 1317 7174 1707 1318 7175 1710 1323 7176 1712 1318 7177 1710 1324 7178 1711 1324 7179 1711 1318 7180 1710 1319 7181 1713 1319 7182 1715 1325 7183 1714 1324 7184 1711 1320 7185 1716 1325 7186 1714 1319 7187 1715 1316 7188 1706 1321 7189 1705 1325 7190 1717 1325 7191 1717 1320 7192 1716 1316 7193 1706 1317 7194 1707 1326 7195 1692 1327 7196 1695 1326 7197 1692 1317 7198 1707 1316 7199 1706 1328 7200 1696 1318 7201 1710 1327 7202 1695 1317 7203 1707 1327 7204 1695 1318 7205 1710 1329 7206 1698 1319 7207 1713 1328 7208 1696 1318 7209 1710 1328 7210 1696 1319 7211 1713 1330 7212 1700 1320 7213 1716 1329 7214 1701 1319 7215 1715 1329 7216 1701 1320 7217 1716 1326 7218 1692 1316 7219 1706 1320 7220 1716 1320 7221 1716 1330 7222 1700 1326 7223 1692 1312 7224 1694 1331 7225 1718 1332 7226 1719 1331 7227 1718 1312 7228 1694 1311 7229 1693 1333 7230 1720 1313 7231 1697 1332 7232 1719 1312 7233 1694 1332 7234 1719 1313 7235 1697 1334 7236 1721 1313 7237 1697 1333 7238 1720 1313 7239 1697 1334 7240 1721 1314 7241 1699 1335 7242 1723 1315 7243 1703 1334 7244 1722 1314 7245 1702 1334 7246 1722 1315 7247 1703 1331 7248 1718 1311 7249 1693 1315 7250 1703 1315 7251 1703 1335 7252 1723 1331 7253 1718 1307 7254 1682 1336 7255 1674 1337 7256 1675 1336 7257 1674 1307 7258 1682 1306 7259 1681 1338 7260 1676 1308 7261 1685 1337 7262 1675 1307 7263 1682 1337 7264 1675 1308 7265 1685 1339 7266 1677 1309 7267 1687 1338 7268 1676 1308 7269 1685 1338 7270 1676 1309 7271 1687 1340 7272 1678 1310 7273 1691 1339 7274 1679 1309 7275 1690 1339 7276 1679 1310 7277 1691 1336 7278 1674 1306 7279 1681 1310 7280 1691 1310 7281 1691 1340 7282 1678 1336 7283 1674 1324 7284 1724 1321 7285 1705 1323 7286 1712 1321 7287 1705 1324 7288 1724 1325 7289 1717 1346 7290 1726 1341 7291 1727 1347 7292 1725 1347 7293 1725 1341 7294 1727 1342 7295 1728 1347 7296 1725 1342 7297 1728 1348 7298 1729 1343 7299 1730 1348 7300 1729 1342 7301 1728 1348 7302 1732 1344 7303 1734 1349 7304 1731 1344 7305 1734 1348 7306 1732 1343 7307 1733 1349 7308 1731 1344 7309 1734 1350 7310 1735 1345 7311 1736 1350 7312 1735 1344 7313 1734 1350 7314 1735 1341 7315 1727 1346 7316 1726 1341 7317 1727 1350 7318 1735 1345 7319 1736 1372 7320 1738 1346 7321 1726 1347 7322 1725 1346 7323 1726 1372 7324 1738 1371 7325 1737 1372 7326 1738 1347 7327 1725 1373 7328 1739 1348 7329 1729 1373 7330 1739 1347 7331 1725 1373 7332 1741 1349 7333 1731 1374 7334 1740 1349 7335 1731 1373 7336 1741 1348 7337 1732 1374 7338 1740 1349 7339 1731 1375 7340 1742 1350 7341 1735 1375 7342 1742 1349 7343 1731 1346 7344 1726 1371 7345 1737 1375 7346 1742 1375 7347 1742 1350 7348 1735 1346 7349 1726 1367 7350 1746 1351 7351 1744 1352 7352 1745 1351 7353 1744 1367 7354 1746 1366 7355 1743 1367 7356 1746 1352 7357 1745 1368 7358 1747 1353 7359 1748 1368 7360 1747 1352 7361 1745 1368 7362 1750 1354 7363 1752 1369 7364 1749 1354 7365 1752 1368 7366 1750 1353 7367 1751 1369 7368 1749 1354 7369 1752 1370 7370 1753 1355 7371 1754 1370 7372 1753 1354 7373 1752 1366 7374 1743 1355 7375 1754 1351 7376 1744 1355 7377 1754 1366 7378 1743 1370 7379 1753 1361 7380 1755 1356 7381 1756 1362 7382 1758 1362 7383 1758 1356 7384 1756 1357 7385 1757 1358 7386 1760 1363 7387 1759 1362 7388 1758 1362 7389 1758 1357 7390 1757 1358 7391 1760 1363 7392 1762 1358 7393 1763 1364 7394 1761 1364 7395 1761 1358 7396 1763 1359 7397 1764 1359 7398 1764 1365 7399 1765 1364 7400 1761 1360 7401 1766 1365 7402 1765 1359 7403 1764 1356 7404 1756 1361 7405 1755 1365 7406 1765 1365 7407 1765 1360 7408 1766 1356 7409 1756 1357 7410 1757 1366 7411 1743 1367 7412 1746 1366 7413 1743 1357 7414 1757 1356 7415 1756 1358 7416 1760 1367 7417 1746 1368 7418 1747 1357 7419 1757 1367 7420 1746 1358 7421 1760 1358 7422 1763 1369 7423 1749 1359 7424 1764 1369 7425 1749 1358 7426 1763 1368 7427 1750 1360 7428 1766 1369 7429 1749 1370 7430 1753 1359 7431 1764 1369 7432 1749 1360 7433 1766 1356 7434 1756 1370 7435 1753 1366 7436 1743 1370 7437 1753 1356 7438 1756 1360 7439 1766 1352 7440 1768 1371 7441 1737 1372 7442 1738 1371 7443 1737 1352 7444 1768 1351 7445 1767 1353 7446 1769 1372 7447 1738 1373 7448 1739 1352 7449 1768 1372 7450 1738 1353 7451 1769 1353 7452 1771 1374 7453 1740 1354 7454 1770 1374 7455 1740 1353 7456 1771 1373 7457 1741 1375 7458 1742 1355 7459 1772 1374 7460 1740 1354 7461 1770 1374 7462 1740 1355 7463 1772 1371 7464 1737 1351 7465 1767 1355 7466 1772 1355 7467 1772 1375 7468 1742 1371 7469 1737 1377 7470 1776 1382 7471 1773 1376 7472 1775 1376 7473 1775 1382 7474 1773 1381 7475 1774 1382 7476 1773 1377 7477 1776 1383 7478 1777 1378 7479 1778 1383 7480 1777 1377 7481 1776 1383 7482 1780 1379 7483 1782 1384 7484 1779 1379 7485 1782 1383 7486 1780 1378 7487 1781 1384 7488 1779 1379 7489 1782 1385 7490 1783 1380 7491 1784 1385 7492 1783 1379 7493 1782 1385 7494 1783 1376 7495 1775 1381 7496 1774 1376 7497 1775 1385 7498 1783 1380 7499 1784 1381 7500 1774 1402 7501 1786 1401 7502 1785 1402 7503 1786 1381 7504 1774 1382 7505 1773 1402 7506 1786 1382 7507 1773 1403 7508 1787 1383 7509 1777 1403 7510 1787 1382 7511 1773 1403 7512 1789 1384 7513 1779 1404 7514 1788 1384 7515 1779 1403 7516 1789 1383 7517 1780 1404 7518 1788 1384 7519 1779 1405 7520 1790 1385 7521 1783 1405 7522 1790 1384 7523 1779 1381 7524 1774 1401 7525 1785 1405 7526 1790 1405 7527 1790 1385 7528 1783 1381 7529 1774 1386 7530 1792 1397 7531 1794 1396 7532 1791 1397 7533 1794 1386 7534 1792 1387 7535 1793 1397 7536 1794 1387 7537 1793 1398 7538 1795 1388 7539 1796 1398 7540 1795 1387 7541 1793 1398 7542 1798 1389 7543 1800 1399 7544 1797 1389 7545 1800 1398 7546 1798 1388 7547 1799 1399 7548 1797 1389 7549 1800 1400 7550 1801 1390 7551 1802 1400 7552 1801 1389 7553 1800 1396 7554 1791 1390 7555 1802 1386 7556 1792 1390 7557 1802 1396 7558 1791 1400 7559 1801 1391 7560 1803 1396 7561 1791 1392 7562 1804 1392 7563 1804 1396 7564 1791 1397 7565 1794 1398 7566 1795 1392 7567 1804 1397 7568 1794 1398 7569 1795 1393 7570 1805 1392 7571 1804 1394 7572 1806 1398 7573 1798 1399 7574 1797 1393 7575 1807 1398 7576 1798 1394 7577 1806 1395 7578 1808 1399 7579 1797 1400 7580 1801 1394 7581 1806 1399 7582 1797 1395 7583 1808 1396 7584 1791 1391 7585 1803 1395 7586 1808 1395 7587 1808 1400 7588 1801 1396 7589 1791 1401 7590 1785 1387 7591 1810 1386 7592 1809 1387 7593 1810 1401 7594 1785 1402 7595 1786 1388 7596 1811 1402 7597 1786 1403 7598 1787 1387 7599 1810 1402 7600 1786 1388 7601 1811 1388 7602 1813 1404 7603 1788 1389 7604 1812 1404 7605 1788 1388 7606 1813 1403 7607 1789 1390 7608 1814 1404 7609 1788 1405 7610 1790 1404 7611 1788 1390 7612 1814 1389 7613 1812 1401 7614 1785 1386 7615 1809 1390 7616 1814 1390 7617 1814 1405 7618 1790 1401 7619 1785 1407 7620 1818 1412 7621 1815 1406 7622 1817 1406 7623 1817 1412 7624 1815 1411 7625 1816 1412 7626 1815 1407 7627 1818 1413 7628 1819 1408 7629 1820 1413 7630 1819 1407 7631 1818 1413 7632 1819 1408 7633 1820 1414 7634 1821 1409 7635 1822 1414 7636 1821 1408 7637 1820 1414 7638 1824 1409 7639 1825 1415 7640 1823 1410 7641 1826 1415 7642 1823 1409 7643 1825 1406 7644 1817 1415 7645 1823 1410 7646 1826 1415 7647 1823 1406 7648 1817 1411 7649 1816 1411 7650 1816 1437 7651 1828 1436 7652 1827 1437 7653 1828 1411 7654 1816 1412 7655 1815 1437 7656 1828 1412 7657 1815 1438 7658 1829 1413 7659 1819 1438 7660 1829 1412 7661 1815 1438 7662 1829 1414 7663 1821 1439 7664 1830 1414 7665 1821 1438 7666 1829 1413 7667 1819 1439 7668 1832 1414 7669 1824 1440 7670 1831 1415 7671 1823 1440 7672 1831 1414 7673 1824 1411 7674 1816 1440 7675 1831 1415 7676 1823 1440 7677 1831 1411 7678 1816 1436 7679 1827 1416 7680 1834 1432 7681 1836 1431 7682 1833 1432 7683 1836 1416 7684 1834 1417 7685 1835 1432 7686 1836 1417 7687 1835 1433 7688 1837 1418 7689 1838 1433 7690 1837 1417 7691 1835 1433 7692 1837 1419 7693 1840 1434 7694 1839 1419 7695 1840 1433 7696 1837 1418 7697 1838 1434 7698 1842 1419 7699 1843 1435 7700 1841 1420 7701 1844 1435 7702 1841 1419 7703 1843 1435 7704 1841 1420 7705 1844 1416 7706 1834 1435 7707 1841 1416 7708 1834 1431 7709 1833 1426 7710 1845 1421 7711 1846 1427 7712 1848 1427 7713 1848 1421 7714 1846 1422 7715 1847 1423 7716 1851 1428 7717 1849 1427 7718 1850 1423 7719 1851 1427 7720 1850 1422 7721 1847 1428 7722 1853 1423 7723 1851 1429 7724 1852 1429 7725 1852 1423 7726 1851 1424 7727 1854 1429 7728 1852 1424 7729 1856 1430 7730 1855 1425 7731 1857 1430 7732 1855 1424 7733 1856 1421 7734 1846 1426 7735 1845 1430 7736 1858 1430 7737 1858 1425 7738 1857 1421 7739 1846 1431 7740 1833 1422 7741 1847 1421 7742 1846 1422 7743 1847 1431 7744 1833 1432 7745 1836 1423 7746 1851 1432 7747 1836 1433 7748 1837 1422 7749 1847 1432 7750 1836 1423 7751 1851 1434 7752 1839 1423 7753 1851 1433 7754 1837 1423 7755 1851 1434 7756 1839 1424 7757 1854 1425 7758 1857 1434 7759 1842 1435 7760 1841 1434 7761 1842 1425 7762 1857 1424 7763 1856 1421 7764 1846 1435 7765 1841 1431 7766 1833 1435 7767 1841 1421 7768 1846 1425 7769 1857 1436 7770 1859 1417 7771 1835 1416 7772 1834 1417 7773 1835 1436 7774 1859 1437 7775 1860 1418 7776 1838 1437 7777 1860 1438 7778 1861 1437 7779 1860 1418 7780 1838 1417 7781 1835 1439 7782 1862 1418 7783 1838 1438 7784 1861 1418 7785 1838 1439 7786 1862 1419 7787 1840 1420 7788 1844 1439 7789 1863 1440 7790 1864 1439 7791 1863 1420 7792 1844 1419 7793 1843 1436 7794 1859 1420 7795 1844 1440 7796 1864 1420 7797 1844 1436 7798 1859 1416 7799 1834 1442 7800 1868 1446 7801 1866 1441 7802 1867 1446 7803 1866 1442 7804 1868 1447 7805 1865 1443 7806 1870 1448 7807 1869 1442 7808 1868 1442 7809 1868 1448 7810 1869 1447 7811 1865 1444 7812 1872 1449 7813 1871 1443 7814 1870 1443 7815 1870 1449 7816 1871 1448 7817 1869 1445 7818 1876 1450 7819 1873 1444 7820 1875 1444 7821 1875 1450 7822 1873 1449 7823 1874 1441 7824 1867 1450 7825 1873 1445 7826 1876 1450 7827 1873 1441 7828 1867 1446 7829 1866 1466 7830 1877 1447 7831 1865 1467 7832 1878 1447 7833 1865 1466 7834 1877 1446 7835 1866 1448 7836 1869 1468 7837 1879 1447 7838 1865 1447 7839 1865 1468 7840 1879 1467 7841 1878 1449 7842 1871 1469 7843 1880 1448 7844 1869 1448 7845 1869 1469 7846 1880 1468 7847 1879 1450 7848 1873 1470 7849 1881 1449 7850 1874 1449 7851 1874 1470 7852 1881 1469 7853 1882 1470 7854 1881 1446 7855 1866 1466 7856 1877 1446 7857 1866 1470 7858 1881 1450 7859 1873 1451 7860 1884 1462 7861 1886 1461 7862 1883 1462 7863 1886 1451 7864 1884 1452 7865 1885 1462 7866 1886 1452 7867 1885 1463 7868 1887 1453 7869 1888 1463 7870 1887 1452 7871 1885 1463 7872 1887 1454 7873 1890 1464 7874 1889 1454 7875 1890 1463 7876 1887 1453 7877 1888 1464 7878 1892 1454 7879 1893 1465 7880 1891 1455 7881 1894 1465 7882 1891 1454 7883 1893 1455 7884 1894 1461 7885 1883 1465 7886 1891 1461 7887 1883 1455 7888 1894 1451 7889 1884 1457 7890 1896 1461 7891 1883 1462 7892 1886 1456 7893 1895 1461 7894 1883 1457 7895 1896 1463 7896 1887 1457 7897 1898 1462 7898 1886 1463 7899 1887 1458 7900 1897 1457 7901 1898 1459 7902 1899 1463 7903 1887 1464 7904 1889 1458 7905 1900 1463 7906 1887 1459 7907 1899 1460 7908 1901 1464 7909 1892 1465 7910 1891 1464 7911 1892 1460 7912 1901 1459 7913 1899 1461 7914 1883 1460 7915 1902 1465 7916 1891 1461 7917 1883 1456 7918 1895 1460 7919 1902 1466 7920 1903 1452 7921 1885 1451 7922 1884 1452 7923 1885 1466 7924 1903 1467 7925 1904 1468 7926 1905 1452 7927 1885 1467 7928 1904 1452 7929 1885 1468 7930 1905 1453 7931 1888 1469 7932 1906 1453 7933 1888 1468 7934 1905 1453 7935 1888 1469 7936 1906 1454 7937 1890 1470 7938 1908 1454 7939 1893 1469 7940 1907 1454 7941 1893 1470 7942 1908 1455 7943 1894 1470 7944 1908 1451 7945 1884 1455 7946 1894 1451 7947 1884 1470 7948 1908 1466 7949 1903 1476 7950 1910 1472 7951 1912 1477 7952 1909 1472 7953 1912 1476 7954 1910 1471 7955 1911 1473 7956 1914 1478 7957 1913 1472 7958 1912 1472 7959 1912 1478 7960 1913 1477 7961 1909 1474 7962 1916 1479 7963 1915 1473 7964 1914 1473 7965 1914 1479 7966 1915 1478 7967 1913 1475 7968 1918 1480 7969 1917 1474 7970 1916 1474 7971 1916 1480 7972 1917 1479 7973 1915 1480 7974 1919 1471 7975 1911 1476 7976 1910 1471 7977 1911 1480 7978 1919 1475 7979 1920 1491 7980 1921 1477 7981 1909 1492 7982 1922 1477 7983 1909 1491 7984 1921 1476 7985 1910 1478 7986 1913 1493 7987 1923 1477 7988 1909 1477 7989 1909 1493 7990 1923 1492 7991 1922 1479 7992 1915 1494 7993 1924 1478 7994 1913 1478 7995 1913 1494 7996 1924 1493 7997 1923 1480 7998 1917 1495 7999 1925 1479 8000 1915 1479 8001 1915 1495 8002 1925 1494 8003 1924 1495 8004 1926 1476 8005 1910 1491 8006 1921 1476 8007 1910 1495 8008 1926 1480 8009 1919 1487 8010 1930 1481 8011 1928 1482 8012 1929 1486 8013 1927 1481 8014 1928 1487 8015 1930 1483 8016 1933 1488 8017 1931 1487 8018 1932 1483 8019 1933 1487 8020 1932 1482 8021 1929 1488 8022 1935 1483 8023 1933 1489 8024 1934 1484 8025 1936 1489 8026 1934 1483 8027 1933 1489 8028 1934 1484 8029 1936 1490 8030 1937 1485 8031 1938 1490 8032 1937 1484 8033 1936 1481 8034 1928 1490 8035 1939 1485 8036 1940 1481 8037 1928 1486 8038 1927 1490 8039 1939 1492 8040 1942 1481 8041 1928 1491 8042 1941 1481 8043 1928 1492 8044 1942 1482 8045 1929 1493 8046 1943 1483 8047 1933 1492 8048 1942 1492 8049 1942 1483 8050 1933 1482 8051 1929 1494 8052 1944 1484 8053 1936 1493 8054 1943 1493 8055 1943 1484 8056 1936 1483 8057 1933 1495 8058 1945 1485 8059 1938 1494 8060 1944 1494 8061 1944 1485 8062 1938 1484 8063 1936 1491 8064 1941 1485 8065 1940 1495 8066 1946 1485 8067 1940 1491 8068 1941 1481 8069 1928 1364 8070 1761 1361 8071 1947 1363 8072 1762 1361 8073 1947 1364 8074 1761 1365 8075 1765 1394 8076 1806 1391 8077 1948 1393 8078 1807 1391 8079 1948 1394 8080 1806 1395 8081 1808 1429 8082 1949 1426 8083 1845 1428 8084 1853 1426 8085 1845 1429 8086 1949 1430 8087 1858 838 8088 1047 839 8089 1950 836 8090 1042 836 8091 1042 839 8092 1950 840 8093 1049 1459 8094 1951 1456 8095 1895 1458 8096 1900 1456 8097 1895 1459 8098 1951 1460 8099 1902 1486 8100 1927 1489 8101 1952 1490 8102 1937 1489 8103 1952 1486 8104 1927 1488 8105 1935 417 8106 560 1511 8107 1953 1510 8108 1954 1511 8109 1953 417 8110 560 418 8111 559 1668 8112 194 107 8113 188 108 8114 187 1668 8115 194 108 8116 187 109 8117 189 1498 8118 1956 19 8119 29 2967 8120 1955 19 8121 29 1498 8122 1956 158 8123 30 2967 8124 1955 25 8125 42 2968 8126 1957 25 8127 42 2967 8128 1955 19 8129 29 25 8130 42 163 8131 51 1706 8132 254 1706 8133 254 2968 8134 1957 25 8135 42 146 8136 235 152 8137 247 1497 8138 1958 152 8139 247 158 8140 30 1497 8141 1958 1503 8142 1960 410 8143 557 411 8144 556 410 8145 557 1503 8146 1960 2970 8147 1961 1504 8148 1962 411 8149 556 412 8150 558 411 8151 556 1504 8152 1962 1503 8153 1960 1710 8154 255 412 8155 558 413 8156 256 412 8157 558 1710 8158 255 1504 8159 1962 1889 8160 562 174 8161 544 396 8162 543 1889 8163 562 396 8164 543 1507 8165 1963 1507 8166 1963 396 8167 543 407 8168 282 1507 8169 1963 407 8170 282 1509 8171 283 1499 8172 267 400 8173 266 410 8174 1964 1499 8175 267 410 8176 1964 2970 8177 1965 1510 8178 1954 1725 8179 280 417 8180 560 417 8181 560 1725 8182 280 173 8183 279 0 8184 1968 1514 8185 1969 1513 8186 1966 1513 8187 1966 1512 8188 1967 0 8189 1968 1513 8190 1966 1515 8191 1971 1512 8192 1967 1515 8193 1971 1513 8194 1966 1516 8195 1970 1516 8196 1970 1517 8197 1973 1515 8198 1971 1517 8199 1973 1516 8200 1970 1518 8201 1972 1517 8202 1973 1518 8203 1972 1520 8204 1974 1517 8205 1973 1520 8206 1974 1519 8207 1975 1519 8208 1975 1520 8209 1974 1522 8210 1976 1519 8211 1975 1522 8212 1976 1521 8213 1977 1522 8214 1976 6 8215 1979 1521 8216 1977 6 8217 1979 1522 8218 1976 12 8219 1978 1514 8220 1982 1524 8221 1983 1523 8222 1980 1514 8223 1982 1523 8224 1980 1513 8225 1981 1513 8226 1981 1523 8227 1980 1525 8228 1984 1513 8229 1981 1525 8230 1984 1516 8231 1985 1525 8232 1984 1518 8233 1987 1516 8234 1985 1518 8235 1987 1525 8236 1984 1526 8237 1986 1526 8238 1986 1520 8239 1989 1518 8240 1987 1520 8241 1989 1526 8242 1986 1527 8243 1988 1527 8244 1988 1522 8245 1991 1520 8246 1989 1522 8247 1991 1527 8248 1988 1528 8249 1990 1528 8250 1990 12 8251 1993 1522 8252 1991 12 8253 1993 1528 8254 1990 18 8255 1992 1529 8256 1996 1532 8257 1997 1531 8258 1994 1529 8259 1996 1531 8260 1994 1530 8261 1995 1519 8262 1975 1534 8263 1999 1533 8264 1998 1534 8265 1999 1519 8266 1975 1521 8267 1977 1517 8268 1973 1533 8269 1998 1535 8270 2000 1533 8271 1998 1517 8272 1973 1519 8273 1975 1515 8274 1971 1535 8275 2000 1536 8276 2001 1535 8277 2000 1515 8278 1971 1517 8279 1973 1512 8280 1967 1536 8281 2001 1537 8282 2002 1536 8283 2001 1512 8284 1967 1515 8285 1971 1540 8286 2003 1539 8287 2004 1538 8288 2005 1540 8289 2003 1538 8290 2005 1541 8291 2006 1532 8292 1997 1543 8293 2008 1542 8294 2007 1542 8295 2007 1531 8296 1994 1532 8297 1997 1533 8298 1998 1545 8299 2010 1544 8300 2009 1545 8301 2010 1533 8302 1998 1534 8303 1999 1546 8304 2011 1535 8305 2000 1533 8306 1998 1546 8307 2011 1533 8308 1998 1544 8309 2009 1536 8310 2001 1546 8311 2011 1547 8312 2012 1546 8313 2011 1536 8314 2001 1535 8315 2000 1537 8316 2002 1547 8317 2012 1548 8318 2013 1547 8319 2012 1537 8320 2002 1536 8321 2001 1540 8322 2003 1549 8323 2015 31 8324 2014 1549 8325 2015 1540 8326 2003 1541 8327 2006 1542 8328 2007 1551 8329 2017 1550 8330 2016 1551 8331 2017 1542 8332 2007 1543 8333 2008 1544 8334 2009 1553 8335 2019 1552 8336 2018 1553 8337 2019 1544 8338 2009 1545 8339 2010 1554 8340 2020 1546 8341 2011 1544 8342 2009 1554 8343 2020 1544 8344 2009 1552 8345 2018 1546 8346 2011 1555 8347 2021 1547 8348 2012 1555 8349 2021 1546 8350 2011 1554 8351 2020 1548 8352 2013 1555 8353 2021 1556 8354 2022 1555 8355 2021 1548 8356 2013 1547 8357 2012 1549 8358 2015 135 8359 2023 31 8360 2014 135 8361 2023 1549 8362 2015 1557 8363 2024 1558 8364 2025 32 8365 2026 202 8366 2027 32 8367 2026 1558 8368 2025 1553 8369 2019 1559 8370 2028 1552 8371 2018 1553 8372 2019 1559 8373 2028 1553 8374 2019 1558 8375 2025 1554 8376 2020 1552 8377 2018 1560 8378 2029 1560 8379 2029 1552 8380 2018 1559 8381 2028 1554 8382 2020 1561 8383 2030 1555 8384 2021 1561 8385 2030 1554 8386 2020 1560 8387 2029 1556 8388 2022 1561 8389 2030 1562 8390 2031 1561 8391 2030 1556 8392 2022 1555 8393 2021 208 8394 2033 253 8395 2034 1564 8396 2032 1563 8397 2035 1564 8398 2032 253 8399 2034 1565 8400 2037 195 8401 2039 1566 8402 2036 195 8403 2039 1565 8404 2037 39 8405 2038 1567 8406 2041 1565 8407 2037 1568 8408 2040 1568 8409 2040 1565 8410 2037 1566 8411 2036 1569 8412 2043 1567 8413 2041 1570 8414 2042 1570 8415 2042 1567 8416 2041 1568 8417 2040 1571 8418 2045 1569 8419 2043 1572 8420 2044 1572 8421 2044 1569 8422 2043 1570 8423 2042 1573 8424 2047 1572 8425 2044 1574 8426 2046 1572 8427 2044 1573 8428 2047 1571 8429 2045 315 8430 2049 1575 8431 2051 1577 8432 2048 1575 8433 2051 315 8434 2049 1576 8435 2050 1578 8436 2053 189 8437 2055 1579 8438 2052 189 8439 2055 1578 8440 2053 46 8441 2054 1580 8442 2057 1578 8443 2053 1581 8444 2056 1581 8445 2056 1578 8446 2053 1579 8447 2052 1582 8448 2059 1580 8449 2057 1583 8450 2058 1583 8451 2058 1580 8452 2057 1581 8453 2056 1584 8454 2061 1582 8455 2059 1585 8456 2060 1585 8457 2060 1582 8458 2059 1583 8459 2058 1586 8460 2063 1584 8461 2061 1587 8462 2062 1587 8463 2062 1584 8464 2061 1585 8465 2060 1588 8466 2066 289 8467 2064 288 8468 2065 289 8469 2064 1588 8470 2066 1589 8471 2067 52 8472 2070 1591 8473 2068 1590 8474 2069 1591 8475 2068 52 8476 2070 59 8477 2071 1592 8478 2073 1590 8479 2069 1593 8480 2072 1593 8481 2072 1590 8482 2069 1591 8483 2068 1594 8484 2075 1592 8485 2073 1595 8486 2074 1595 8487 2074 1592 8488 2073 1593 8489 2072 1596 8490 2077 1594 8491 2075 1597 8492 2076 1597 8493 2076 1594 8494 2075 1595 8495 2074 1598 8496 2079 1596 8497 2077 1599 8498 2078 1597 8499 2076 1599 8500 2078 1596 8501 2077 1600 8502 2082 222 8503 2080 221 8504 2081 222 8505 2080 1600 8506 2082 1601 8507 2083 59 8508 2086 1602 8509 2084 1591 8510 2085 1602 8511 2084 59 8512 2086 66 8513 2087 1605 8514 2088 1604 8515 2089 1603 8516 2090 1605 8517 2088 1603 8518 2090 1602 8519 2084 1606 8520 2092 1604 8521 2089 1607 8522 2091 1607 8523 2091 1604 8524 2089 1605 8525 2088 1597 8526 2094 1606 8527 2092 1608 8528 2093 1608 8529 2093 1606 8530 2092 1609 8531 2095 1599 8532 2097 1597 8533 2094 1610 8534 2096 1610 8535 2096 1597 8536 2094 1611 8537 2098 347 8538 2100 1613 8539 2102 348 8540 2099 1613 8541 2102 347 8542 2100 1612 8543 2101 66 8544 2087 1614 8545 2103 1602 8546 2084 1614 8547 2103 66 8548 2087 72 8549 2104 1602 8550 2084 1615 8551 2105 1605 8552 2088 1615 8553 2105 1602 8554 2084 1614 8555 2103 1616 8556 2106 1607 8557 2091 1605 8558 2088 1616 8559 2106 1605 8560 2088 1615 8561 2105 1617 8562 2107 1608 8563 2093 1609 8564 2095 1617 8565 2107 1609 8566 2095 1618 8567 2108 1610 8568 2096 1611 8569 2098 1619 8570 2109 1619 8571 2109 1611 8572 2098 1620 8573 2110 1619 8574 2109 1621 8575 2112 1610 8576 2096 1621 8577 2112 1619 8578 2109 1622 8579 2111 72 8580 2104 1624 8581 2113 1614 8582 2103 1624 8583 2113 72 8584 2104 1625 8585 2114 1614 8586 2103 1626 8587 2115 1615 8588 2105 1626 8589 2115 1614 8590 2103 1624 8591 2113 1616 8592 2106 1615 8593 2105 1627 8594 2116 1627 8595 2116 1615 8596 2105 1626 8597 2115 1628 8598 2117 1617 8599 2107 1618 8600 2108 1628 8601 2117 1618 8602 2108 1629 8603 2118 1631 8604 2120 1630 8605 2121 1632 8606 2119 1633 8607 2122 1632 8608 2119 1630 8609 2121 1634 8610 2124 1632 8611 2119 1635 8612 2123 1632 8613 2119 1634 8614 2124 1631 8615 2120 1524 8616 1983 1637 8617 2125 1523 8618 1980 1524 8619 1983 1638 8620 2126 1637 8621 2125 1523 8622 1980 1637 8623 2125 1639 8624 2127 1523 8625 1980 1639 8626 2127 1525 8627 1984 1525 8628 1984 1639 8629 2127 1640 8630 2128 1525 8631 1984 1640 8632 2128 1526 8633 1986 1640 8634 2128 1527 8635 1988 1526 8636 1986 1527 8637 1988 1640 8638 2128 1641 8639 2129 1641 8640 2129 1528 8641 1990 1527 8642 1988 1528 8643 1990 1641 8644 2129 1642 8645 2130 1642 8646 2130 18 8647 1992 1528 8648 1990 18 8649 1992 1642 8650 2130 1643 8651 2131 1638 8652 2126 1644 8653 2132 1637 8654 2125 1638 8655 2126 89 8656 2133 1644 8657 2132 1637 8658 2125 1645 8659 2134 1639 8660 2127 1637 8661 2125 1644 8662 2132 1645 8663 2134 1639 8664 2127 1645 8665 2134 1646 8666 2135 1639 8667 2127 1646 8668 2135 1640 8669 2128 1646 8670 2135 1641 8671 2129 1640 8672 2128 1641 8673 2129 1646 8674 2135 1647 8675 2136 1647 8676 2136 1642 8677 2130 1641 8678 2129 1642 8679 2130 1647 8680 2136 1648 8681 2137 1648 8682 2137 1643 8683 2131 1642 8684 2130 1643 8685 2131 1648 8686 2137 95 8687 2138 89 8688 2133 1649 8689 2139 1644 8690 2132 89 8691 2133 1650 8692 2140 1649 8693 2139 1644 8694 2132 1649 8695 2139 1651 8696 2141 1644 8697 2132 1651 8698 2141 1645 8699 2134 1645 8700 2134 1651 8701 2141 1652 8702 2142 1645 8703 2134 1652 8704 2142 1646 8705 2135 1652 8706 2142 1647 8707 2136 1646 8708 2135 1647 8709 2136 1652 8710 2142 1653 8711 2143 1653 8712 2143 1648 8713 2137 1647 8714 2136 1648 8715 2137 1653 8716 2143 1654 8717 2144 1654 8718 2144 95 8719 2138 1648 8720 2137 95 8721 2138 1654 8722 2144 101 8723 2145 1650 8724 2140 1656 8725 2147 1655 8726 2146 1650 8727 2140 1655 8728 2146 1649 8729 2139 1655 8730 2146 1651 8731 2141 1649 8732 2139 1651 8733 2141 1655 8734 2146 1657 8735 2148 1657 8736 2148 1658 8737 2149 1651 8738 2141 1651 8739 2141 1658 8740 2149 1652 8741 2142 1652 8742 2142 1658 8743 2149 1659 8744 2150 1652 8745 2142 1659 8746 2150 1653 8747 2143 1653 8748 2143 1659 8749 2150 1660 8750 2151 1653 8751 2143 1660 8752 2151 1654 8753 2144 1654 8754 2144 1660 8755 2151 1661 8756 2152 1654 8757 2144 1661 8758 2152 101 8759 2145 107 8760 2154 1655 8761 2146 1656 8762 2147 1655 8763 2146 107 8764 2154 1662 8765 2153 1662 8766 2153 1657 8767 2148 1655 8768 2146 1657 8769 2148 1662 8770 2153 1663 8771 2155 1663 8772 2155 1658 8773 2149 1657 8774 2148 1658 8775 2149 1663 8776 2155 1664 8777 2156 1658 8778 2149 1664 8779 2156 1665 8780 2157 1658 8781 2149 1665 8782 2157 1659 8783 2150 1659 8784 2150 1666 8785 2158 1660 8786 2151 1659 8787 2150 1665 8788 2157 1666 8789 2158 1660 8790 2151 113 8791 2159 1661 8792 2152 113 8793 2159 1660 8794 2151 1666 8795 2158 1664 8796 2156 1663 8797 2155 1668 8798 2160 1668 8799 2160 1667 8800 2161 1664 8801 2156 1664 8802 2156 1669 8803 2162 1665 8804 2157 1669 8805 2162 1664 8806 2156 1667 8807 2161 1665 8808 2157 113 8809 2159 1666 8810 2158 113 8811 2159 1665 8812 2157 1669 8813 2162 38 8814 2164 1670 8815 2163 1556 8816 2022 1670 8817 2163 38 8818 2164 115 8819 2165 1548 8820 2013 1670 8821 2163 1671 8822 2166 1670 8823 2163 1548 8824 2013 1556 8825 2022 1537 8826 2002 1548 8827 2013 1672 8828 2167 1671 8829 2166 1672 8830 2167 1548 8831 2013 1512 8832 1967 1537 8833 2002 1673 8834 2168 1672 8835 2167 1673 8836 2168 1537 8837 2002 1673 8838 2168 114 8839 2169 1512 8840 1967 1512 8841 1967 114 8842 2169 0 8843 1968 1674 8844 2170 1670 8845 2171 115 8846 2172 1674 8847 2170 115 8848 2172 121 8849 2173 1671 8850 2175 1674 8851 2170 1675 8852 2174 1674 8853 2170 1671 8854 2175 1670 8855 2171 1672 8856 2177 1675 8857 2174 1676 8858 2176 1675 8859 2174 1672 8860 2177 1671 8861 2175 1676 8862 2176 1673 8863 2179 1672 8864 2177 1673 8865 2179 1676 8866 2176 1677 8867 2178 1677 8868 2178 114 8869 2181 1673 8870 2179 114 8871 2181 1677 8872 2178 120 8873 2180 1674 8874 2170 126 8875 2183 1678 8876 2182 126 8877 2183 1674 8878 2170 121 8879 2173 1675 8880 2174 1678 8881 2182 1679 8882 2184 1678 8883 2182 1675 8884 2174 1674 8885 2170 1676 8886 2176 1679 8887 2184 1680 8888 2185 1679 8889 2184 1676 8890 2176 1675 8891 2174 1677 8892 2178 1680 8893 2185 1681 8894 2186 1680 8895 2185 1677 8896 2178 1676 8897 2176 1681 8898 2186 120 8899 2180 1677 8900 2178 120 8901 2180 1681 8902 2186 1682 8903 2187 1678 8904 2182 1684 8905 2189 1683 8906 2188 1684 8907 2189 1678 8908 2182 126 8909 2183 1679 8910 2184 1683 8911 2188 1685 8912 2190 1683 8913 2188 1679 8914 2184 1678 8915 2182 1680 8916 2185 1685 8917 2190 1686 8918 2191 1685 8919 2190 1680 8920 2185 1679 8921 2184 1681 8922 2186 1686 8923 2191 1687 8924 2192 1686 8925 2191 1681 8926 2186 1680 8927 2185 1682 8928 2187 1687 8929 2192 1688 8930 2193 1687 8931 2192 1682 8932 2187 1681 8933 2186 1683 8934 2188 135 8935 2023 1557 8936 2024 135 8937 2023 1683 8938 2188 1684 8939 2189 1685 8940 2190 1557 8941 2024 1549 8942 2015 1557 8943 2024 1685 8944 2190 1683 8945 2188 1686 8946 2191 1549 8947 2015 1541 8948 2006 1549 8949 2015 1686 8950 2191 1685 8951 2190 1687 8952 2192 1686 8953 2191 1538 8954 2005 1538 8955 2005 1686 8956 2191 1541 8957 2006 1687 8958 2192 1538 8959 2005 1539 8960 2004 1539 8961 2004 1688 8962 2193 1687 8963 2192 1689 8964 2194 6 8965 1979 140 8966 2195 6 8967 1979 1689 8968 2194 1521 8969 1977 1534 8970 1999 1689 8971 2194 1690 8972 2196 1689 8973 2194 1534 8974 1999 1521 8975 1977 1534 8976 1999 1691 8977 2197 1545 8978 2010 1691 8979 2197 1534 8980 1999 1690 8981 2196 1553 8982 2019 1545 8983 2010 1692 8984 2198 1692 8985 2198 1545 8986 2010 1691 8987 2197 32 8988 2026 1692 8989 2198 145 8990 2199 1692 8991 2198 32 8992 2026 1553 8993 2019 140 8994 2202 1694 8995 2203 1693 8996 2200 1693 8997 2200 1689 8998 2201 140 8999 2202 1690 9000 2205 1689 9001 2201 1695 9002 2204 1693 9003 2200 1695 9004 2204 1689 9005 2201 1691 9006 2207 1690 9007 2205 1696 9008 2206 1696 9009 2206 1690 9010 2205 1695 9011 2204 1692 9012 2209 1691 9013 2207 1697 9014 2208 1697 9015 2208 1691 9016 2207 1696 9017 2206 145 9018 2211 1697 9019 2208 1698 9020 2210 1697 9021 2208 145 9022 2211 1692 9023 2209 1700 9024 2213 1694 9025 2203 1701 9026 2212 1694 9027 2203 1700 9028 2213 1693 9029 2200 1695 9030 2204 1693 9031 2200 1702 9032 2214 1702 9033 2214 1693 9034 2200 1700 9035 2213 1696 9036 2206 1695 9037 2204 1703 9038 2215 1703 9039 2215 1695 9040 2204 1702 9041 2214 1704 9042 2216 1696 9043 2206 1703 9044 2215 1696 9045 2206 1704 9046 2216 1697 9047 2208 1697 9048 2208 1704 9049 2216 1705 9050 2217 1705 9051 2217 1698 9052 2210 1697 9053 2208 1496 9054 2218 1699 9055 2219 1705 9056 2217 1698 9057 2210 1705 9058 2217 1699 9059 2219 1701 9060 2212 1529 9061 1996 1700 9062 2213 1700 9063 2213 1529 9064 1996 1530 9065 1995 1702 9066 2214 1530 9067 1995 1531 9068 1994 1530 9069 1995 1702 9070 2214 1700 9071 2213 1703 9072 2215 1531 9073 1994 1542 9074 2007 1531 9075 1994 1703 9076 2215 1702 9077 2214 1550 9078 2016 1704 9079 2216 1703 9080 2215 1550 9081 2016 1703 9082 2215 1542 9083 2007 1550 9084 2016 1705 9085 2217 1704 9086 2216 1705 9087 2217 1550 9088 2016 1551 9089 2017 1706 9090 2220 1496 9091 2218 1551 9092 2017 1705 9093 2217 1551 9094 2017 1496 9095 2218 1707 9096 2224 1709 9097 2222 1708 9098 2223 1709 9099 2222 1707 9100 2224 1710 9101 2221 1711 9102 2227 1713 9103 2225 1712 9104 2226 1713 9105 2225 1711 9106 2227 164 9107 2228 1712 9108 2226 1715 9109 2229 1714 9110 2230 1715 9111 2229 1712 9112 2226 1713 9113 2225 1500 9114 2232 1716 9115 2234 1717 9116 2231 1716 9117 2234 1500 9118 2232 1499 9119 2233 164 9120 2228 1718 9121 2235 1713 9122 2225 1718 9123 2235 164 9124 2228 167 9125 2236 1713 9126 2225 1719 9127 2237 1715 9128 2229 1719 9129 2237 1713 9130 2225 1718 9131 2235 1500 9132 2232 1720 9133 2238 1501 9134 2239 1720 9135 2238 1500 9136 2232 1717 9137 2231 167 9138 2236 1721 9139 2240 1718 9140 2235 1721 9141 2240 167 9142 2236 170 9143 2241 1719 9144 2237 1718 9145 2235 1722 9146 2242 1722 9147 2242 1718 9148 2235 1721 9149 2240 1502 9150 2244 1501 9151 2239 1723 9152 2243 1723 9153 2243 1501 9154 2239 1720 9155 2238 1725 9156 2246 1724 9157 2245 170 9158 2241 1724 9159 2245 1721 9160 2240 170 9161 2241 1721 9162 2240 1726 9163 2247 1722 9164 2242 1726 9165 2247 1721 9166 2240 1724 9167 2245 1509 9168 2249 1502 9169 2244 1727 9170 2248 1727 9171 2248 1502 9172 2244 1723 9173 2243 1728 9174 2251 1730 9175 2253 1729 9176 2250 1730 9177 2253 1728 9178 2251 1714 9179 2252 1732 9180 2255 1731 9181 2256 1733 9182 2254 1733 9183 2254 1731 9184 2256 1734 9185 2257 1738 9186 2261 1737 9187 2258 1735 9188 2260 1737 9189 2258 1736 9190 2259 1735 9191 2260 1736 9192 2259 1737 9193 2258 1740 9194 2262 1736 9195 2259 1740 9196 2262 1739 9197 2263 1729 9198 2250 1742 9199 2265 1741 9200 2264 1742 9201 2265 1729 9202 2250 1730 9203 2253 1733 9204 2254 1744 9205 2266 1743 9206 2267 1744 9207 2266 1733 9208 2254 1734 9209 2257 1747 9210 2268 1746 9211 2269 1745 9212 2270 1747 9213 2268 1745 9214 2270 1748 9215 2271 1747 9216 2268 1749 9217 2272 1746 9218 2269 1749 9219 2272 179 9220 2273 1746 9221 2269 1741 9222 2264 1751 9223 2275 1750 9224 2274 1751 9225 2275 1741 9226 2264 1742 9227 2265 1743 9228 2267 1750 9229 2274 1752 9230 2276 1750 9231 2274 1743 9232 2267 1744 9233 2266 1748 9234 2271 1752 9235 2276 1753 9236 2277 1753 9237 2277 1747 9238 2268 1748 9239 2271 1747 9240 2268 188 9241 2278 1749 9242 2272 188 9243 2278 1747 9244 2268 1753 9245 2277 1579 9246 2052 189 9247 2055 1590 9248 2069 189 9249 2055 52 9250 2070 1590 9251 2069 1592 9252 2073 1581 9253 2056 1579 9254 2052 1592 9255 2073 1579 9256 2052 1590 9257 2069 1594 9258 2075 1583 9259 2058 1581 9260 2056 1594 9261 2075 1581 9262 2056 1592 9263 2073 1585 9264 2060 1583 9265 2058 1596 9266 2077 1583 9267 2058 1594 9268 2075 1596 9269 2077 1587 9270 2062 1596 9271 2077 1598 9272 2079 1596 9273 2077 1587 9274 2062 1585 9275 2060 273 9276 2281 272 9277 2282 1755 9278 2279 273 9279 2281 1755 9280 2279 1754 9281 2280 1566 9282 2036 46 9283 2054 1578 9284 2053 46 9285 2054 1566 9286 2036 195 9287 2039 1580 9288 2057 1568 9289 2040 1566 9290 2036 1580 9291 2057 1566 9292 2036 1578 9293 2053 1582 9294 2059 1570 9295 2042 1568 9296 2040 1582 9297 2059 1568 9298 2040 1580 9299 2057 1572 9300 2044 1570 9301 2042 1584 9302 2061 1584 9303 2061 1570 9304 2042 1582 9305 2059 1574 9306 2046 1584 9307 2061 1586 9308 2063 1584 9309 2061 1574 9310 2046 1572 9311 2044 1757 9312 2286 301 9313 2284 304 9314 2285 301 9315 2284 1757 9316 2286 1756 9317 2283 1558 9318 2025 202 9319 2027 1565 9320 2037 202 9321 2027 39 9322 2038 1565 9323 2037 1567 9324 2041 1559 9325 2028 1558 9326 2025 1567 9327 2041 1558 9328 2025 1565 9329 2037 1569 9330 2043 1560 9331 2029 1559 9332 2028 1569 9333 2043 1559 9334 2028 1567 9335 2041 1561 9336 2030 1560 9337 2029 1571 9338 2045 1571 9339 2045 1560 9340 2029 1569 9341 2043 1562 9342 2031 1571 9343 2045 1573 9344 2047 1571 9345 2045 1562 9346 2031 1561 9347 2030 1760 9348 2290 325 9349 2288 1758 9350 2289 325 9351 2288 1760 9352 2290 1759 9353 2287 1598 9354 2292 1761 9355 2293 58 9356 2291 58 9357 2291 1761 9358 2293 210 9359 2294 1599 9360 2296 65 9361 2297 1762 9362 2295 1762 9363 2295 65 9364 2297 1763 9365 2298 1598 9366 2292 1599 9367 2296 1761 9368 2293 1761 9369 2293 1599 9370 2296 1762 9371 2295 1761 9372 2293 1764 9373 2300 210 9374 2294 1763 9375 2298 1766 9376 2302 1765 9377 2301 1765 9378 2301 1762 9379 2295 1763 9380 2298 1762 9381 2295 1765 9382 2301 1764 9383 2300 1764 9384 2300 1761 9385 2293 1762 9386 2295 1764 9387 2300 1768 9388 2304 1767 9389 2303 1770 9390 2306 1765 9391 2301 1766 9392 2302 1765 9393 2301 1770 9394 2306 1769 9395 2305 1764 9396 2300 1769 9397 2305 1768 9398 2304 1769 9399 2305 1764 9400 2300 1765 9401 2301 1767 9402 2303 1771 9403 2308 218 9404 2307 1771 9405 2308 1767 9406 2303 1768 9407 2304 1769 9408 2305 1773 9409 2310 1772 9410 2309 1773 9411 2310 1769 9412 2305 1770 9413 2306 1768 9414 2304 1772 9415 2309 1771 9416 2308 1772 9417 2309 1768 9418 2304 1769 9419 2305 1600 9420 2082 218 9421 2307 1771 9422 2308 221 9423 2081 218 9424 2307 1600 9425 2082 1773 9426 2310 1601 9427 2083 1772 9428 2309 1773 9429 2310 222 9430 2080 1601 9431 2083 1771 9432 2308 1601 9433 2083 1600 9434 2082 1601 9435 2083 1771 9436 2308 1772 9437 2309 1774 9438 2314 65 9439 2312 1599 9440 2313 65 9441 2312 1774 9442 2314 225 9443 2311 1610 9444 2316 226 9445 2318 1775 9446 2315 226 9447 2318 1610 9448 2316 1621 9449 2317 1775 9450 2315 1599 9451 2313 1610 9452 2316 1599 9453 2313 1775 9454 2315 1774 9455 2314 1777 9456 2320 225 9457 2311 1774 9458 2314 225 9459 2311 1777 9460 2320 1776 9461 2319 342 9462 2323 1779 9463 2321 1778 9464 2322 342 9465 2323 345 9466 357 1779 9467 2321 1780 9468 2324 1774 9469 2314 1775 9470 2315 1774 9471 2314 1780 9472 2324 1777 9473 2320 1781 9474 2326 1776 9475 2319 1777 9476 2320 1776 9477 2319 1781 9478 2326 232 9479 2325 229 9480 2328 233 9481 2329 1782 9482 2327 1782 9483 2327 1780 9484 2324 229 9485 2328 1782 9486 2327 1777 9487 2320 1780 9488 2324 1777 9489 2320 1782 9490 2327 1781 9491 2326 1783 9492 2331 232 9493 2325 1781 9494 2326 232 9495 2325 1783 9496 2331 236 9497 2330 233 9498 2329 237 9499 2333 1784 9500 2332 1784 9501 2332 1782 9502 2327 233 9503 2329 1784 9504 2332 1781 9505 2326 1782 9506 2327 1781 9507 2326 1784 9508 2332 1783 9509 2331 1785 9510 2335 236 9511 2330 1783 9512 2331 236 9513 2330 1785 9514 2335 240 9515 2334 241 9516 2337 1784 9517 2332 237 9518 2333 1784 9519 2332 241 9520 2337 1786 9521 2336 1783 9522 2331 1786 9523 2336 1785 9524 2335 1786 9525 2336 1783 9526 2331 1784 9527 2332 1556 9528 2339 1787 9529 2340 38 9530 2338 38 9531 2338 1787 9532 2340 244 9533 2341 58 9534 2291 1788 9535 2342 1598 9536 2292 1788 9537 2342 58 9538 2291 245 9539 2343 1587 9540 2345 1788 9541 2342 1789 9542 2344 1788 9543 2342 1587 9544 2345 1598 9545 2292 1789 9546 2349 1586 9547 2347 1587 9548 2348 1586 9549 2347 1789 9550 2349 1790 9551 2346 1574 9552 2351 1790 9553 2353 1791 9554 2350 1790 9555 2353 1574 9556 2351 1586 9557 2352 1573 9558 2355 1791 9559 2357 1792 9560 2354 1791 9561 2357 1573 9562 2355 1574 9563 2356 1562 9564 2359 1573 9565 2360 1793 9566 2358 1792 9567 2361 1793 9568 2358 1573 9569 2360 1793 9570 2363 1787 9571 2340 1562 9572 2362 1787 9573 2340 1556 9574 2339 1562 9575 2362 253 9576 2034 244 9577 2341 1563 9578 2035 1563 9579 2035 244 9580 2341 1787 9581 2340 245 9582 2343 254 9583 2365 1794 9584 2364 1794 9585 2364 1788 9586 2342 245 9587 2343 1789 9588 2344 1794 9589 2364 1795 9590 2366 1794 9591 2364 1789 9592 2344 1788 9593 2342 1790 9594 2346 1795 9595 2368 1796 9596 2367 1795 9597 2368 1790 9598 2346 1789 9599 2349 1791 9600 2350 1796 9601 2370 1797 9602 2369 1796 9603 2370 1791 9604 2350 1790 9605 2353 1792 9606 2354 1797 9607 2372 1798 9608 2371 1797 9609 2372 1792 9610 2354 1791 9611 2357 1793 9612 2358 1798 9613 2374 1564 9614 2373 1798 9615 2374 1793 9616 2358 1792 9617 2361 1787 9618 2340 1793 9619 2363 1563 9620 2035 1563 9621 2035 1793 9622 2363 1564 9623 2032 1799 9624 2376 1801 9625 2377 1800 9626 2375 1795 9627 2366 1801 9628 2377 1799 9629 2376 254 9630 2365 1803 9631 2379 1802 9632 2378 1802 9633 2378 1794 9634 2364 254 9635 2365 1801 9636 2377 1795 9637 2366 1794 9638 2364 1801 9639 2377 1794 9640 2364 1802 9641 2378 1804 9642 2381 1800 9643 2375 1801 9644 2377 1800 9645 2375 1804 9646 2381 264 9647 2380 1805 9648 2382 1802 9649 2378 1803 9650 2379 1805 9651 2382 1803 9652 2379 265 9653 2383 1801 9654 2377 1805 9655 2382 1804 9656 2381 1805 9657 2382 1801 9658 2377 1802 9659 2378 264 9660 2380 1806 9661 2384 268 9662 2385 1806 9663 2384 264 9664 2380 1804 9665 2381 1807 9666 2386 1805 9667 2382 265 9668 2383 1807 9669 2386 265 9670 2383 269 9671 2387 1804 9672 2381 1807 9673 2386 1806 9674 2384 1807 9675 2386 1804 9676 2381 1805 9677 2382 272 9678 2282 268 9679 2385 1755 9680 2279 1755 9681 2279 268 9682 2385 1806 9683 2384 269 9684 2387 273 9685 2281 1754 9686 2280 1754 9687 2280 1807 9688 2386 269 9689 2387 1806 9690 2384 1754 9691 2280 1755 9692 2279 1754 9693 2280 1806 9694 2384 1807 9695 2386 1809 9696 2390 1808 9697 2389 1796 9698 2367 1808 9699 2389 1809 9700 2390 276 9701 2388 1810 9702 2391 1795 9703 2368 1799 9704 2392 1810 9705 2391 1799 9706 2392 277 9707 2393 1796 9708 2367 1810 9709 2391 1809 9710 2390 1810 9711 2391 1796 9712 2367 1795 9713 2368 276 9714 2388 1811 9715 2395 280 9716 2394 1811 9717 2395 276 9718 2388 1809 9719 2390 1810 9720 2391 281 9721 2397 1812 9722 2396 281 9723 2397 1810 9724 2391 277 9725 2393 1809 9726 2390 1812 9727 2396 1811 9728 2395 1812 9729 2396 1809 9730 2390 1810 9731 2391 280 9732 2394 1813 9733 2399 284 9734 2398 1813 9735 2399 280 9736 2394 1811 9737 2395 281 9738 2397 1814 9739 2400 1812 9740 2396 1814 9741 2400 281 9742 2397 285 9743 2401 1811 9744 2395 1814 9745 2400 1813 9746 2399 1814 9747 2400 1811 9748 2395 1812 9749 2396 1588 9750 2066 284 9751 2398 1813 9752 2399 288 9753 2402 284 9754 2398 1588 9755 2066 285 9756 2401 1589 9757 2067 1814 9758 2400 285 9759 2401 289 9760 2064 1589 9761 2067 1588 9762 2066 1813 9763 2399 1814 9764 2400 1588 9765 2066 1814 9766 2400 1589 9767 2067 1815 9768 2403 1796 9769 2370 1808 9770 2404 1815 9771 2403 1808 9772 2404 291 9773 2405 1797 9774 2369 1815 9775 2403 1816 9776 2406 1815 9777 2403 1797 9778 2369 1796 9779 2370 1816 9780 2406 201 9781 2408 1797 9782 2369 201 9783 2408 1816 9784 2406 294 9785 2407 291 9786 2405 1817 9787 2409 1815 9788 2403 1817 9789 2409 291 9790 2405 295 9791 2410 1816 9792 2406 1817 9793 2409 1818 9794 2411 1817 9795 2409 1816 9796 2406 1815 9797 2403 294 9798 2407 1818 9799 2411 298 9800 2412 1818 9801 2411 294 9802 2407 1816 9803 2406 295 9804 2410 1819 9805 2413 1817 9806 2409 1819 9807 2413 295 9808 2410 1820 9809 2414 1818 9810 2411 1819 9811 2413 1821 9812 2415 1819 9813 2413 1818 9814 2411 1817 9815 2409 298 9816 2412 1821 9817 2415 1822 9818 2416 1821 9819 2415 298 9820 2412 1818 9821 2411 1820 9822 2414 1756 9823 2283 1819 9824 2413 1820 9825 2414 301 9826 2284 1756 9827 2283 1821 9828 2415 1756 9829 2283 1757 9830 2286 1756 9831 2283 1821 9832 2415 1819 9833 2413 1757 9834 2286 1822 9835 2416 1821 9836 2415 304 9837 2285 1822 9838 2416 1757 9839 2286 1798 9840 2371 1824 9841 2419 45 9842 2418 1823 9843 2417 45 9844 2418 1824 9845 2419 1825 9846 2420 1797 9847 2372 201 9848 2421 1825 9849 2420 201 9850 2421 306 9851 2422 1798 9852 2371 1825 9853 2420 1824 9854 2419 1825 9855 2420 1798 9856 2371 1797 9857 2372 1823 9858 2417 1826 9859 2423 309 9860 2424 1826 9861 2423 1823 9862 2417 1824 9863 2419 306 9864 2422 1827 9865 2425 1825 9866 2420 1827 9867 2425 306 9868 2422 310 9869 2426 1824 9870 2419 1827 9871 2425 1826 9872 2423 1827 9873 2425 1824 9874 2419 1825 9875 2420 309 9876 2424 1829 9877 2428 1828 9878 2427 1829 9879 2428 309 9880 2424 1826 9881 2423 310 9882 2426 1830 9883 2429 1827 9884 2425 1830 9885 2429 310 9886 2426 1831 9887 2430 1826 9888 2423 1830 9889 2429 1829 9890 2428 1830 9891 2429 1826 9892 2423 1827 9893 2425 1575 9894 2051 1828 9895 2427 1829 9896 2428 1576 9897 2431 1828 9898 2427 1575 9899 2051 1831 9900 2430 1577 9901 2048 1830 9902 2429 1831 9903 2430 315 9904 2049 1577 9905 2048 1829 9906 2428 1577 9907 2048 1575 9908 2051 1577 9909 2048 1829 9910 2428 1830 9911 2429 1832 9912 2432 1798 9913 2374 45 9914 2433 1832 9915 2432 45 9916 2433 1833 9917 2434 1564 9918 2373 1832 9919 2432 1834 9920 2435 1832 9921 2432 1564 9922 2373 1798 9923 2374 1564 9924 2373 1834 9925 2435 208 9926 2436 319 9927 2437 208 9928 2436 1834 9929 2435 1835 9930 2438 1833 9931 2434 1836 9932 2439 1833 9933 2434 1835 9934 2438 1832 9935 2432 1835 9936 2438 1834 9937 2435 1832 9938 2432 1834 9939 2435 1835 9940 2438 1837 9941 2440 1837 9942 2440 319 9943 2437 1834 9944 2435 319 9945 2437 1837 9946 2440 1838 9947 2441 1839 9948 2442 1836 9949 2439 322 9950 2443 1836 9951 2439 1839 9952 2442 1835 9953 2438 1839 9954 2442 1837 9955 2440 1835 9956 2438 1837 9957 2440 1839 9958 2442 1840 9959 2444 1838 9960 2441 1840 9961 2444 1841 9962 2445 1840 9963 2444 1838 9964 2441 1837 9965 2440 322 9966 2443 325 9967 2288 1759 9968 2287 322 9969 2443 1759 9970 2287 1839 9971 2442 1840 9972 2444 1759 9973 2287 1760 9974 2290 1759 9975 2287 1840 9976 2444 1839 9977 2442 1760 9978 2290 1841 9979 2445 1840 9980 2444 1758 9981 2289 1841 9982 2445 1760 9983 2290 328 9984 2447 1775 9985 2315 226 9986 2318 1775 9987 2315 328 9988 2447 1842 9989 2446 1780 9990 2324 1775 9991 2315 1843 9992 2448 1843 9993 2448 1775 9994 2315 1842 9995 2446 331 9996 2449 1780 9997 2324 1843 9998 2448 1780 9999 2324 331 10000 2449 229 10001 2328 332 10002 2451 1842 10003 2453 328 10004 2450 1842 10005 2453 332 10006 2451 1844 10007 2452 1844 10008 2452 1843 10009 2455 1842 10010 2453 1843 10011 2455 1844 10012 2452 1845 10013 2454 331 10014 493 1843 10015 2455 1846 10016 492 1846 10017 492 1843 10018 2455 1845 10019 2454 1848 10020 2456 1844 10021 2452 332 10022 2451 1844 10023 2452 1848 10024 2456 1847 10025 2457 1847 10026 2457 1845 10027 2454 1844 10028 2452 1845 10029 2454 1847 10030 2457 1849 10031 2458 1849 10032 2458 1846 10033 492 1845 10034 2454 1846 10035 492 1849 10036 2458 337 10037 497 338 10038 2459 1847 10039 2457 1848 10040 2456 1847 10041 2457 338 10042 2459 1850 10043 2460 1850 10044 2460 1849 10045 2458 1847 10046 2457 1849 10047 2458 1850 10048 2460 1851 10049 2461 1851 10050 2461 337 10051 497 1849 10052 2458 337 10053 497 1851 10054 2461 341 10055 501 338 10056 2459 342 10057 2323 1778 10058 2322 338 10059 2459 1778 10060 2322 1850 10061 2460 1778 10062 2322 1851 10063 2461 1850 10064 2460 1851 10065 2461 1778 10066 2322 1779 10067 2321 1779 10068 2321 341 10069 501 1851 10070 2461 341 10071 501 1779 10072 2321 345 10073 357 240 10074 2334 1612 10075 2101 347 10076 2100 1612 10077 2101 240 10078 2334 1785 10079 2335 241 10080 2337 348 10081 2099 1613 10082 2102 1613 10083 2102 1786 10084 2336 241 10085 2337 1785 10086 2335 1613 10087 2102 1612 10088 2101 1613 10089 2102 1785 10090 2335 1786 10091 2336 1603 10092 2090 1593 10093 2462 1591 10094 2085 1593 10095 2462 1603 10096 2090 1604 10097 2089 1595 10098 2463 1593 10099 2462 1606 10100 2092 1606 10101 2092 1593 10102 2462 1604 10103 2089 1708 10104 2223 1505 10105 2464 1852 10106 2465 1505 10107 2464 1708 10108 2223 1709 10109 2222 1852 10110 2465 1854 10111 2466 1853 10112 2467 1854 10113 2466 1852 10114 2465 1505 10115 2464 1748 10116 2271 1745 10117 2270 1733 10118 2254 1748 10119 2271 1733 10120 2254 1743 10121 2267 1745 10122 2270 1855 10123 2468 1732 10124 2255 1732 10125 2255 1733 10126 2254 1745 10127 2270 1628 10128 2117 1855 10129 2468 1856 10130 2469 1855 10131 2468 1628 10132 2117 1732 10133 2255 1620 10134 2110 1608 10135 2093 1617 10136 2107 1620 10137 2110 1611 10138 2098 1608 10139 2093 1729 10140 2250 1741 10141 2264 1734 10142 2257 1744 10143 2266 1734 10144 2257 1741 10145 2264 1728 10146 2251 1729 10147 2250 1731 10148 2256 1734 10149 2257 1731 10150 2256 1729 10151 2250 1731 10152 2256 1629 10153 2118 1627 10154 2116 1627 10155 2116 1728 10156 2251 1731 10157 2256 1618 10158 2108 1609 10159 2095 1607 10160 2091 1618 10161 2108 1607 10162 2091 1616 10163 2106 1859 10164 2471 1858 10165 2472 1860 10166 2470 1857 10167 2473 1860 10168 2470 1858 10169 2472 1861 10170 2474 1862 10171 2475 1634 10172 2124 1861 10173 2474 1634 10174 2124 1635 10175 2123 1863 10176 2476 1740 10177 2262 179 10178 2273 1863 10179 2476 1739 10180 2263 1740 10181 2262 1746 10182 2269 179 10183 2273 1737 10184 2258 1737 10185 2258 179 10186 2273 1740 10187 2262 1745 10188 2270 1746 10189 2269 1738 10190 2261 1738 10191 2261 1746 10192 2269 1737 10193 2258 1855 10194 2468 1738 10195 2261 1735 10196 2260 1738 10197 2261 1855 10198 2468 1745 10199 2270 1855 10200 2468 1735 10201 2260 1856 10202 2469 1735 10203 2260 1633 10204 2122 1856 10205 2469 1864 10206 2477 1630 10207 2121 1631 10208 2120 1630 10209 2121 1864 10210 2477 1620 10211 2110 1624 10212 2113 1625 10213 2114 1712 10214 2479 1625 10215 2114 1711 10216 2478 1712 10217 2479 1626 10218 2115 1624 10219 2113 1714 10220 2252 1624 10221 2113 1712 10222 2479 1714 10223 2252 1728 10224 2251 1627 10225 2116 1626 10226 2115 1728 10227 2251 1626 10228 2115 1714 10229 2252 1732 10230 2255 1628 10231 2117 1629 10232 2118 1732 10233 2255 1629 10234 2118 1731 10235 2256 1736 10236 2259 1633 10237 2122 1735 10238 2260 1633 10239 2122 1736 10240 2259 1632 10241 2119 1736 10242 2259 1739 10243 2263 1632 10244 2119 1635 10245 2123 1632 10246 2119 1739 10247 2263 1628 10248 2117 1856 10249 2469 1617 10250 2107 1856 10251 2469 1620 10252 2110 1617 10253 2107 1629 10254 2118 1618 10255 2108 1616 10256 2106 1629 10257 2118 1616 10258 2106 1627 10259 2116 1861 10260 2474 1635 10261 2123 1739 10262 2263 1861 10263 2474 1739 10264 2263 1863 10265 2476 1856 10266 2469 1630 10267 2121 1620 10268 2110 1856 10269 2469 1633 10270 2122 1630 10271 2121 1860 10272 2470 1866 10273 2480 1865 10274 2481 1866 10275 2480 1860 10276 2470 1857 10277 2473 1866 10278 2480 1622 10279 2111 1619 10280 2109 1866 10281 2480 1619 10282 2109 1865 10283 2481 1862 10284 2475 1866 10285 2480 1857 10286 2473 1866 10287 2480 1862 10288 2475 1622 10289 2111 1634 10290 2124 1862 10291 2475 1858 10292 2472 1858 10293 2472 1862 10294 2475 1857 10295 2473 1631 10296 2120 1634 10297 2124 1859 10298 2471 1859 10299 2471 1634 10300 2124 1858 10301 2472 1864 10302 2477 1859 10303 2471 1860 10304 2470 1859 10305 2471 1864 10306 2477 1631 10307 2120 1864 10308 2477 1865 10309 2481 1619 10310 2109 1864 10311 2477 1860 10312 2470 1865 10313 2481 1868 10314 2485 1867 10315 2482 1715 10316 2484 1867 10317 2482 1714 10318 2483 1715 10319 2484 1867 10320 2489 1730 10321 2487 1714 10322 2488 1730 10323 2487 1867 10324 2489 1869 10325 2486 1869 10326 2486 1742 10327 2491 1730 10328 2487 1742 10329 2491 1869 10330 2486 1870 10331 2490 1870 10332 2490 1751 10333 2493 1742 10334 2491 1751 10335 2493 1870 10336 2490 1871 10337 2492 1750 10338 2495 1871 10339 2492 1872 10340 2494 1871 10341 2492 1750 10342 2495 1751 10343 2493 1752 10344 2497 1872 10345 2494 1873 10346 2496 1872 10347 2494 1752 10348 2497 1750 10349 2495 1753 10350 2499 1873 10351 2496 1874 10352 2498 1873 10353 2496 1753 10354 2499 1752 10355 2497 188 10356 2501 1753 10357 2499 1874 10358 2498 188 10359 2501 1874 10360 2498 1506 10361 2500 1722 10362 2503 1726 10363 2504 1875 10364 2502 1876 10365 2505 1875 10366 2502 1726 10367 2504 1875 10368 2502 1877 10369 2506 1722 10370 2503 1877 10371 2506 1719 10372 2507 1722 10373 2503 1877 10374 2506 1868 10375 2485 1719 10376 2507 1868 10377 2485 1715 10378 2484 1719 10379 2507 1717 10380 2231 1867 10381 2482 1868 10382 2485 1867 10383 2482 1717 10384 2231 1716 10385 2234 1867 10386 2489 1878 10387 2508 1869 10388 2486 1867 10389 2489 1716 10390 2509 1878 10391 2508 1869 10392 2486 1879 10393 2510 1870 10394 2490 1879 10395 2510 1869 10396 2486 1878 10397 2508 1870 10398 2490 1880 10399 2511 1871 10400 2492 1880 10401 2511 1870 10402 2490 1879 10403 2510 1872 10404 2494 1871 10405 2492 1881 10406 2512 1881 10407 2512 1871 10408 2492 1880 10409 2511 1873 10410 2496 1872 10411 2494 1882 10412 2513 1882 10413 2513 1872 10414 2494 1881 10415 2512 1874 10416 2498 1882 10417 2513 1883 10418 2514 1882 10419 2513 1874 10420 2498 1873 10421 2496 1883 10422 2514 1508 10423 2515 1506 10424 2500 1883 10425 2514 1506 10426 2500 1874 10427 2498 1875 10428 2502 1876 10429 2505 1723 10430 2243 1727 10431 2248 1723 10432 2243 1876 10433 2505 1723 10434 2243 1720 10435 2238 1875 10436 2502 1720 10437 2238 1877 10438 2506 1875 10439 2502 1720 10440 2238 1717 10441 2231 1877 10442 2506 1717 10443 2231 1868 10444 2485 1877 10445 2506 1716 10446 2509 1884 10447 2516 1878 10448 2508 1884 10449 2516 1716 10450 2509 1885 10451 2517 1879 10452 2510 1878 10453 2508 1886 10454 2518 1878 10455 2508 1884 10456 2516 1886 10457 2518 1879 10458 2510 1886 10459 2518 1707 10460 2224 1707 10461 2224 1880 10462 2511 1879 10463 2510 1708 10464 2223 1881 10465 2512 1880 10466 2511 1708 10467 2223 1880 10468 2511 1707 10469 2224 1881 10470 2512 1708 10471 2223 1852 10472 2465 1852 10473 2465 1882 10474 2513 1881 10475 2512 1853 10476 2467 1883 10477 2514 1882 10478 2513 1853 10479 2467 1882 10480 2513 1852 10481 2465 1854 10482 2466 1508 10483 2515 1853 10484 2467 1853 10485 2467 1508 10486 2515 1883 10487 2514 1724 10488 2245 1887 10489 2519 1726 10490 2247 1887 10491 2519 1724 10492 2245 1888 10493 2520 1889 10494 2523 1726 10495 2504 1887 10496 2521 1887 10497 2521 1511 10498 2522 1889 10499 2523 1892 10500 2525 1909 10501 2526 1891 10502 2524 1908 10503 2527 1891 10504 2524 1909 10505 2526 1909 10506 2526 1892 10507 2525 1910 10508 2529 1892 10509 2525 1893 10510 2528 1910 10511 2529 1910 10512 2529 1893 10513 2528 1911 10514 2531 1911 10515 2531 1893 10516 2528 1894 10517 2530 1911 10518 2531 1894 10519 2530 1912 10520 2533 1895 10521 2532 1912 10522 2533 1894 10523 2530 1912 10524 2533 1895 10525 2532 1913 10526 2535 1896 10527 2534 1913 10528 2535 1895 10529 2532 1897 10530 2536 1914 10531 2537 1896 10532 2534 1896 10533 2534 1914 10534 2537 1913 10535 2535 1898 10536 2538 1915 10537 2539 1897 10538 2536 1897 10539 2536 1915 10540 2539 1914 10541 2537 1899 10542 2540 1916 10543 2541 1898 10544 2538 1898 10545 2538 1916 10546 2541 1915 10547 2539 1900 10548 2542 1917 10549 2543 1899 10550 2540 1899 10551 2540 1917 10552 2543 1916 10553 2541 1901 10554 2544 1917 10555 2543 1900 10556 2542 1917 10557 2543 1901 10558 2544 1918 10559 2545 1902 10560 2546 1918 10561 2545 1901 10562 2544 1918 10563 2545 1902 10564 2546 1919 10565 2547 1903 10566 2548 1919 10567 2547 1902 10568 2546 1919 10569 2547 1903 10570 2548 1920 10571 2549 1904 10572 2550 1920 10573 2549 1903 10574 2548 1920 10575 2549 1904 10576 2550 1921 10577 2551 1905 10578 2552 1921 10579 2551 1904 10580 2550 1921 10581 2551 1905 10582 2552 1922 10583 2553 1922 10584 2553 1906 10585 2554 1923 10586 2555 1906 10587 2554 1922 10588 2553 1905 10589 2552 1907 10590 2556 1923 10591 2555 1906 10592 2554 1923 10593 2555 1907 10594 2556 1924 10595 2557 1909 10596 2526 1926 10597 2558 1908 10598 2527 1908 10599 2527 1926 10600 2558 1925 10601 2559 1910 10602 2529 1927 10603 2560 1909 10604 2526 1909 10605 2526 1927 10606 2560 1926 10607 2558 1911 10608 2531 1928 10609 2561 1910 10610 2529 1910 10611 2529 1928 10612 2561 1927 10613 2560 1912 10614 2533 1929 10615 2562 1911 10616 2531 1911 10617 2531 1929 10618 2562 1928 10619 2561 1913 10620 2535 1930 10621 2563 1912 10622 2533 1912 10623 2533 1930 10624 2563 1929 10625 2562 1914 10626 2537 1931 10627 2564 1913 10628 2535 1913 10629 2535 1931 10630 2564 1930 10631 2563 1915 10632 2539 1932 10633 2565 1914 10634 2537 1914 10635 2537 1932 10636 2565 1931 10637 2564 1916 10638 2541 1933 10639 2566 1915 10640 2539 1915 10641 2539 1933 10642 2566 1932 10643 2565 1917 10644 2543 1934 10645 2567 1916 10646 2541 1916 10647 2541 1934 10648 2567 1933 10649 2566 1918 10650 2545 1934 10651 2567 1917 10652 2543 1934 10653 2567 1918 10654 2545 1935 10655 2568 1919 10656 2547 1935 10657 2568 1918 10658 2545 1935 10659 2568 1919 10660 2547 1936 10661 2569 1920 10662 2549 1936 10663 2569 1919 10664 2547 1936 10665 2569 1920 10666 2549 1937 10667 2570 1921 10668 2551 1937 10669 2570 1920 10670 2549 1937 10671 2570 1921 10672 2551 1938 10673 2571 1922 10674 2553 1938 10675 2571 1921 10676 2551 1938 10677 2571 1922 10678 2553 1939 10679 2572 1923 10680 2555 1939 10681 2572 1922 10682 2553 1939 10683 2572 1923 10684 2555 1940 10685 2573 1941 10686 2574 1923 10687 2555 1924 10688 2557 1923 10689 2555 1941 10690 2574 1940 10691 2573 1926 10692 2558 1943 10693 2575 1925 10694 2559 1925 10695 2559 1943 10696 2575 1942 10697 2576 1927 10698 2560 1944 10699 2577 1926 10700 2558 1926 10701 2558 1944 10702 2577 1943 10703 2575 1928 10704 2561 1945 10705 2578 1927 10706 2560 1927 10707 2560 1945 10708 2578 1944 10709 2577 1929 10710 2562 1946 10711 2579 1928 10712 2561 1928 10713 2561 1946 10714 2579 1945 10715 2578 1930 10716 2563 1947 10717 2580 1929 10718 2562 1929 10719 2562 1947 10720 2580 1946 10721 2579 1931 10722 2564 1948 10723 2581 1930 10724 2563 1930 10725 2563 1948 10726 2581 1947 10727 2580 1932 10728 2565 1949 10729 2582 1931 10730 2564 1931 10731 2564 1949 10732 2582 1948 10733 2581 1933 10734 2566 1950 10735 2583 1932 10736 2565 1932 10737 2565 1950 10738 2583 1949 10739 2582 1934 10740 2567 1951 10741 2584 1933 10742 2566 1933 10743 2566 1951 10744 2584 1950 10745 2583 1935 10746 2568 1951 10747 2584 1934 10748 2567 1951 10749 2584 1935 10750 2568 1952 10751 2585 1936 10752 2569 1952 10753 2585 1935 10754 2568 1952 10755 2585 1936 10756 2569 1953 10757 2586 1937 10758 2570 1953 10759 2586 1936 10760 2569 1953 10761 2586 1937 10762 2570 1954 10763 2587 1938 10764 2571 1954 10765 2587 1937 10766 2570 1954 10767 2587 1938 10768 2571 1955 10769 2588 1939 10770 2572 1955 10771 2588 1938 10772 2571 1955 10773 2588 1939 10774 2572 1956 10775 2589 1940 10776 2573 1956 10777 2589 1939 10778 2572 1956 10779 2589 1940 10780 2573 1957 10781 2590 1958 10782 2591 1940 10783 2573 1941 10784 2574 1940 10785 2573 1958 10786 2591 1957 10787 2590 1943 10788 2575 1959 10789 2593 1942 10790 2576 1959 10791 2593 1943 10792 2575 1960 10793 2592 1944 10794 2577 1960 10795 2592 1943 10796 2575 1960 10797 2592 1944 10798 2577 1961 10799 2594 1945 10800 2578 1961 10801 2594 1944 10802 2577 1961 10803 2594 1945 10804 2578 1962 10805 2595 1946 10806 2579 1962 10807 2595 1945 10808 2578 1962 10809 2595 1946 10810 2579 1963 10811 2596 1947 10812 2580 1963 10813 2596 1946 10814 2579 1963 10815 2596 1947 10816 2580 1964 10817 2597 1948 10818 2581 1964 10819 2597 1947 10820 2580 1964 10821 2597 1948 10822 2581 1965 10823 2598 1949 10824 2582 1965 10825 2598 1948 10826 2581 1965 10827 2598 1949 10828 2582 1966 10829 2599 1950 10830 2583 1966 10831 2599 1949 10832 2582 1966 10833 2599 1950 10834 2583 1967 10835 2600 1951 10836 2584 1968 10837 2601 1950 10838 2583 1950 10839 2583 1968 10840 2601 1967 10841 2600 1952 10842 2585 1969 10843 2602 1951 10844 2584 1951 10845 2584 1969 10846 2602 1968 10847 2601 1953 10848 2586 1970 10849 2603 1952 10850 2585 1952 10851 2585 1970 10852 2603 1969 10853 2602 1954 10854 2587 1971 10855 2604 1953 10856 2586 1953 10857 2586 1971 10858 2604 1970 10859 2603 1955 10860 2588 1972 10861 2605 1954 10862 2587 1954 10863 2587 1972 10864 2605 1971 10865 2604 1956 10866 2589 1973 10867 2606 1955 10868 2588 1955 10869 2588 1973 10870 2606 1972 10871 2605 1957 10872 2590 1974 10873 2607 1956 10874 2589 1956 10875 2589 1974 10876 2607 1973 10877 2606 1958 10878 2591 1974 10879 2607 1957 10880 2590 1974 10881 2607 1958 10882 2591 1975 10883 2608 1960 10884 2592 1976 10885 2610 1959 10886 2593 1976 10887 2610 1960 10888 2592 1977 10889 2609 1961 10890 2594 1977 10891 2609 1960 10892 2592 1977 10893 2609 1961 10894 2594 1978 10895 2611 1962 10896 2595 1978 10897 2611 1961 10898 2594 1978 10899 2611 1962 10900 2595 1979 10901 2612 1963 10902 2596 1979 10903 2612 1962 10904 2595 1979 10905 2612 1963 10906 2596 1980 10907 2613 1964 10908 2597 1980 10909 2613 1963 10910 2596 1980 10911 2613 1964 10912 2597 1981 10913 2614 1965 10914 2598 1981 10915 2614 1964 10916 2597 1981 10917 2614 1965 10918 2598 1982 10919 2615 1966 10920 2599 1982 10921 2615 1965 10922 2598 1982 10923 2615 1966 10924 2599 1983 10925 2616 1967 10926 2600 1983 10927 2616 1966 10928 2599 1983 10929 2616 1967 10930 2600 1984 10931 2617 1968 10932 2601 1985 10933 2618 1967 10934 2600 1967 10935 2600 1985 10936 2618 1984 10937 2617 1969 10938 2602 1986 10939 2619 1968 10940 2601 1968 10941 2601 1986 10942 2619 1985 10943 2618 1970 10944 2603 1987 10945 2620 1969 10946 2602 1969 10947 2602 1987 10948 2620 1986 10949 2619 1971 10950 2604 1988 10951 2621 1970 10952 2603 1970 10953 2603 1988 10954 2621 1987 10955 2620 1972 10956 2605 1989 10957 2622 1971 10958 2604 1971 10959 2604 1989 10960 2622 1988 10961 2621 1973 10962 2606 1990 10963 2623 1972 10964 2605 1972 10965 2605 1990 10966 2623 1989 10967 2622 1974 10968 2607 1991 10969 2624 1973 10970 2606 1973 10971 2606 1991 10972 2624 1990 10973 2623 1975 10974 2608 1991 10975 2624 1974 10976 2607 1991 10977 2624 1975 10978 2608 1992 10979 2625 1993 10980 2627 1977 10981 2609 1994 10982 2626 1977 10983 2609 1993 10984 2627 1976 10985 2610 1994 10986 2626 1978 10987 2611 1995 10988 2628 1978 10989 2611 1994 10990 2626 1977 10991 2609 1979 10992 2612 1995 10993 2628 1978 10994 2611 1995 10995 2628 1979 10996 2612 1996 10997 2629 1980 10998 2613 1996 10999 2629 1979 11000 2612 1996 11001 2629 1980 11002 2613 1997 11003 2630 1981 11004 2614 1997 11005 2630 1980 11006 2613 1997 11007 2630 1981 11008 2614 1998 11009 2631 1982 11010 2615 1998 11011 2631 1981 11012 2614 1998 11013 2631 1982 11014 2615 1999 11015 2632 1983 11016 2616 1999 11017 2632 1982 11018 2615 1999 11019 2632 1983 11020 2616 2000 11021 2633 1984 11022 2617 2000 11023 2633 1983 11024 2616 2000 11025 2633 1984 11026 2617 2001 11027 2634 1985 11028 2618 2002 11029 2635 1984 11030 2617 1984 11031 2617 2002 11032 2635 2001 11033 2634 1986 11034 2619 2003 11035 2636 1985 11036 2618 1985 11037 2618 2003 11038 2636 2002 11039 2635 1987 11040 2620 2004 11041 2637 1986 11042 2619 1986 11043 2619 2004 11044 2637 2003 11045 2636 1988 11046 2621 2005 11047 2638 1987 11048 2620 1987 11049 2620 2005 11050 2638 2004 11051 2637 2005 11052 2638 1988 11053 2621 2006 11054 2639 1989 11055 2622 2006 11056 2639 1988 11057 2621 2006 11058 2639 1989 11059 2622 2007 11060 2640 1990 11061 2623 2007 11062 2640 1989 11063 2622 1991 11064 2624 2008 11065 2641 1990 11066 2623 2007 11067 2640 1990 11068 2623 2008 11069 2641 1992 11070 2625 2009 11071 2642 1991 11072 2624 2008 11073 2641 1991 11074 2624 2009 11075 2642 2012 11076 2645 1890 11077 2644 1891 11078 2524 1890 11079 2644 2012 11080 2645 2011 11081 2643 2011 11082 2643 2013 11083 2646 1890 11084 2644 2013 11085 2646 1907 11086 2556 1890 11087 2644 2013 11088 2646 2014 11089 2647 1907 11090 2556 2014 11091 2647 1924 11092 2557 1907 11093 2556 2014 11094 2647 1941 11095 2574 1924 11096 2557 1941 11097 2574 2014 11098 2647 2015 11099 2648 2015 11100 2648 1958 11101 2591 1941 11102 2574 1958 11103 2591 2015 11104 2648 2016 11105 2649 2016 11106 2649 2017 11107 2650 1958 11108 2591 1958 11109 2591 2017 11110 2650 1975 11111 2608 2018 11112 2651 1975 11113 2608 2017 11114 2650 1975 11115 2608 2018 11116 2651 1992 11117 2625 2018 11118 2651 2009 11119 2642 1992 11120 2625 2009 11121 2642 2018 11122 2651 2019 11123 2652 2019 11124 2652 2010 11125 2654 2009 11126 2642 2010 11127 2654 2019 11128 2652 2020 11129 2653 2010 11130 2654 2021 11131 2655 1993 11132 2627 2021 11133 2655 2010 11134 2654 2020 11135 2653 1993 11136 2627 2022 11137 2656 1976 11138 2610 2022 11139 2656 1993 11140 2627 2021 11141 2655 1976 11142 2610 2023 11143 2657 1959 11144 2593 2023 11145 2657 1976 11146 2610 2022 11147 2656 1942 11148 2576 2023 11149 2657 2024 11150 2658 2023 11151 2657 1942 11152 2576 1959 11153 2593 1925 11154 2559 1942 11155 2576 2025 11156 2659 2025 11157 2659 1942 11158 2576 2024 11159 2658 1908 11160 2527 2025 11161 2659 2026 11162 2660 2025 11163 2659 1908 11164 2527 1925 11165 2559 2026 11166 2660 1891 11167 2524 1908 11168 2527 1891 11169 2524 2026 11170 2660 2012 11171 2645 2028 11172 2662 2011 11173 2643 2012 11174 2645 2011 11175 2643 2028 11176 2662 2027 11177 2661 2027 11178 2661 2029 11179 2663 2011 11180 2643 2029 11181 2663 2013 11182 2646 2011 11183 2643 2029 11184 2663 2030 11185 2664 2013 11186 2646 2030 11187 2664 2014 11188 2647 2013 11189 2646 2030 11190 2664 2015 11191 2648 2014 11192 2647 2015 11193 2648 2030 11194 2664 2031 11195 2665 2031 11196 2665 2016 11197 2649 2015 11198 2648 2016 11199 2649 2031 11200 2665 2032 11201 2666 2016 11202 2649 2032 11203 2666 2033 11204 2667 2016 11205 2649 2033 11206 2667 2017 11207 2650 2017 11208 2650 2033 11209 2667 2034 11210 2668 2017 11211 2650 2034 11212 2668 2018 11213 2651 2034 11214 2668 2019 11215 2652 2018 11216 2651 2019 11217 2652 2034 11218 2668 2035 11219 2669 2035 11220 2669 2020 11221 2653 2019 11222 2652 2020 11223 2653 2035 11224 2669 2036 11225 2670 2020 11226 2653 2037 11227 2671 2021 11228 2655 2037 11229 2671 2020 11230 2653 2036 11231 2670 2021 11232 2655 2038 11233 2672 2022 11234 2656 2038 11235 2672 2021 11236 2655 2037 11237 2671 2022 11238 2656 2039 11239 2673 2023 11240 2657 2039 11241 2673 2022 11242 2656 2038 11243 2672 2024 11244 2658 2023 11245 2657 2040 11246 2674 2040 11247 2674 2023 11248 2657 2039 11249 2673 2025 11250 2659 2024 11251 2658 2041 11252 2675 2041 11253 2675 2024 11254 2658 2040 11255 2674 2026 11256 2660 2041 11257 2675 2042 11258 2676 2041 11259 2675 2026 11260 2660 2025 11261 2659 2042 11262 2676 2012 11263 2645 2026 11264 2660 2012 11265 2645 2042 11266 2676 2028 11267 2662 2046 11268 2680 2045 11269 2677 2043 11270 2679 2045 11271 2677 2044 11272 2678 2043 11273 2679 2047 11274 2682 2043 11275 2683 2048 11276 2681 2043 11277 2683 2049 11278 2684 2048 11279 2681 2053 11280 2688 2051 11281 2686 2050 11282 2687 2051 11283 2686 2053 11284 2688 2052 11285 2685 2044 11286 2678 2050 11287 2687 2054 11288 2689 2055 11289 2690 2054 11290 2689 2050 11291 2687 2049 11292 2684 2043 11293 2683 2057 11294 2691 2057 11295 2691 2056 11296 2692 2049 11297 2684 2054 11298 2689 2055 11299 2690 2058 11300 2693 2059 11301 2694 2058 11302 2693 2055 11303 2690 2057 11304 2691 2061 11305 2695 2056 11306 2692 2061 11307 2695 2060 11308 2696 2056 11309 2692 2058 11310 2693 2059 11311 2694 2062 11312 2697 2063 11313 2698 2062 11314 2697 2059 11315 2694 2061 11316 2695 2065 11317 2699 2060 11318 2696 2065 11319 2699 2064 11320 2700 2060 11321 2696 2062 11322 2697 2063 11323 2698 2066 11324 2701 2067 11325 2702 2066 11326 2701 2063 11327 2698 2068 11328 2704 2064 11329 2700 2069 11330 2703 2069 11331 2703 2064 11332 2700 2065 11333 2699 2071 11334 2706 2070 11335 2705 2067 11336 2702 2070 11337 2705 2066 11338 2701 2067 11339 2702 2072 11340 2708 2068 11341 2704 2073 11342 2707 2073 11343 2707 2068 11344 2704 2069 11345 2703 2074 11346 2710 2070 11347 2705 2075 11348 2709 2075 11349 2709 2070 11350 2705 2071 11351 2706 2074 11352 2712 2072 11353 2708 2076 11354 2711 2076 11355 2711 2072 11356 2708 2073 11357 2707 2045 11358 2677 2053 11359 2688 2044 11360 2678 2053 11361 2688 2050 11362 2687 2044 11363 2678 2052 11364 2714 2048 11365 2681 2049 11366 2684 2049 11367 2684 2051 11368 2713 2052 11369 2714 2043 11370 2679 2044 11371 2678 2057 11372 2715 2054 11373 2689 2057 11374 2715 2044 11375 2678 2049 11376 2684 2056 11377 2692 2051 11378 2713 2056 11379 2692 2055 11380 2716 2051 11381 2713 2057 11382 2715 2054 11383 2689 2061 11384 2717 2058 11385 2693 2061 11386 2717 2054 11387 2689 2056 11388 2692 2060 11389 2696 2055 11390 2716 2060 11391 2696 2059 11392 2718 2055 11393 2716 2061 11394 2717 2058 11395 2693 2065 11396 2719 2062 11397 2697 2065 11398 2719 2058 11399 2693 2060 11400 2696 2064 11401 2700 2059 11402 2718 2064 11403 2700 2063 11404 2720 2059 11405 2718 2066 11406 2701 2069 11407 2721 2062 11408 2697 2069 11409 2721 2065 11410 2719 2062 11411 2697 2068 11412 2704 2067 11413 2722 2063 11414 2720 2068 11415 2704 2063 11416 2720 2064 11417 2700 2070 11418 2705 2073 11419 2723 2066 11420 2701 2073 11421 2723 2069 11422 2721 2066 11423 2701 2071 11424 2724 2067 11425 2722 2072 11426 2708 2072 11427 2708 2067 11428 2722 2068 11429 2704 2074 11430 2710 2076 11431 2725 2070 11432 2705 2076 11433 2725 2073 11434 2723 2070 11435 2705 2075 11436 2726 2071 11437 2724 2072 11438 2708 2075 11439 2726 2072 11440 2708 2074 11441 2712 2079 11442 2728 2078 11443 2729 2080 11444 2727 2077 11445 2730 2080 11446 2727 2078 11447 2729 2082 11448 2732 2081 11449 2733 2079 11450 2731 2078 11451 2734 2079 11452 2731 2081 11453 2733 2086 11454 2738 2085 11455 2735 2083 11456 2737 2085 11457 2735 2084 11458 2736 2083 11459 2737 2081 11460 2733 2088 11461 2739 2087 11462 2740 2088 11463 2739 2081 11464 2733 2082 11465 2732 2089 11466 2743 2090 11467 2744 2085 11468 2741 2089 11469 2743 2085 11470 2741 2086 11471 2742 2091 11472 2746 2090 11473 2744 2089 11474 2743 2090 11475 2744 2091 11476 2746 2092 11477 2745 2093 11478 2747 2092 11479 2745 2091 11480 2746 2092 11481 2745 2093 11482 2747 2094 11483 2748 2094 11484 2748 2093 11485 2747 2096 11486 2750 2093 11487 2747 2095 11488 2749 2096 11489 2750 2096 11490 2750 2097 11491 2751 2098 11492 2752 2097 11493 2751 2096 11494 2750 2095 11495 2749 2098 11496 2752 2099 11497 2753 2100 11498 2754 2099 11499 2753 2098 11500 2752 2097 11501 2751 2100 11502 2754 2101 11503 2755 2102 11504 2756 2101 11505 2755 2100 11506 2754 2099 11507 2753 2104 11508 2758 2102 11509 2756 2103 11510 2757 2103 11511 2757 2102 11512 2756 2101 11513 2755 2105 11514 2759 2104 11515 2758 2103 11516 2757 2104 11517 2758 2105 11518 2759 2106 11519 2760 2107 11520 2761 2106 11521 2760 2105 11522 2759 2106 11523 2760 2107 11524 2761 2108 11525 2762 2109 11526 2763 2108 11527 2762 2107 11528 2761 2108 11529 2762 2109 11530 2763 2110 11531 2764 2109 11532 2763 2112 11533 2766 2110 11534 2764 2112 11535 2766 2109 11536 2763 2111 11537 2765 2113 11538 2767 2114 11539 2768 2111 11540 2765 2112 11541 2766 2111 11542 2765 2114 11543 2768 2114 11544 2768 2113 11545 2767 2077 11546 2730 2113 11547 2767 2080 11548 2727 2077 11549 2730 2115 11550 2770 2087 11551 2740 2116 11552 2769 2116 11553 2769 2087 11554 2740 2088 11555 2739 2118 11556 2771 2117 11557 2772 2115 11558 2770 2118 11559 2771 2115 11560 2770 2116 11561 2769 2119 11562 2774 2118 11563 2771 2120 11564 2773 2118 11565 2771 2119 11566 2774 2117 11567 2772 2120 11568 2773 2121 11569 2776 2119 11570 2774 2121 11571 2776 2120 11572 2773 2122 11573 2775 2122 11574 2775 2123 11575 2778 2121 11576 2776 2123 11577 2778 2122 11578 2775 2124 11579 2777 2124 11580 2777 2125 11581 2780 2123 11582 2778 2125 11583 2780 2124 11584 2777 2126 11585 2779 2125 11586 2780 2126 11587 2779 2127 11588 2782 2126 11589 2779 2128 11590 2781 2127 11591 2782 2127 11592 2782 2128 11593 2781 2129 11594 2784 2129 11595 2784 2128 11596 2781 2130 11597 2783 2131 11598 2786 2130 11599 2783 2132 11600 2785 2130 11601 2783 2131 11602 2786 2129 11603 2784 2131 11604 2786 2134 11605 2787 2133 11606 2788 2134 11607 2787 2131 11608 2786 2132 11609 2785 2136 11610 2789 2135 11611 2790 2133 11612 2788 2136 11613 2789 2133 11614 2788 2134 11615 2787 2138 11616 2791 2137 11617 2792 2135 11618 2790 2138 11619 2791 2135 11620 2790 2136 11621 2789 2083 11622 2737 2084 11623 2736 2140 11624 2793 2139 11625 2794 2140 11626 2793 2084 11627 2736 2140 11628 2793 2139 11629 2794 2138 11630 2791 2138 11631 2791 2139 11632 2794 2137 11633 2792 2088 11634 2739 2142 11635 2796 2141 11636 2795 2142 11637 2796 2088 11638 2739 2082 11639 2732 2116 11640 2769 2088 11641 2739 2143 11642 2797 2143 11643 2797 2088 11644 2739 2141 11645 2795 2118 11646 2771 2143 11647 2797 2144 11648 2798 2143 11649 2797 2118 11650 2771 2116 11651 2769 2120 11652 2773 2144 11653 2798 2145 11654 2799 2144 11655 2798 2120 11656 2773 2118 11657 2771 2145 11658 2799 2122 11659 2775 2120 11660 2773 2122 11661 2775 2145 11662 2799 2146 11663 2800 2146 11664 2800 2124 11665 2777 2122 11666 2775 2124 11667 2777 2146 11668 2800 2147 11669 2801 2147 11670 2801 2126 11671 2779 2124 11672 2777 2126 11673 2779 2147 11674 2801 2148 11675 2802 2148 11676 2802 2128 11677 2781 2126 11678 2779 2128 11679 2781 2148 11680 2802 2149 11681 2803 2128 11682 2781 2149 11683 2803 2150 11684 2804 2128 11685 2781 2150 11686 2804 2130 11687 2783 2132 11688 2785 2150 11689 2804 2151 11690 2805 2150 11691 2804 2132 11692 2785 2130 11693 2783 2134 11694 2787 2151 11695 2805 2152 11696 2806 2151 11697 2805 2134 11698 2787 2132 11699 2785 2136 11700 2789 2152 11701 2806 2153 11702 2807 2152 11703 2806 2136 11704 2789 2134 11705 2787 2138 11706 2791 2153 11707 2807 2154 11708 2808 2153 11709 2807 2138 11710 2791 2136 11711 2789 2140 11712 2793 2154 11713 2808 2155 11714 2809 2154 11715 2808 2140 11716 2793 2138 11717 2791 2155 11718 2809 2083 11719 2737 2140 11720 2793 2083 11721 2737 2155 11722 2809 2156 11723 2810 2156 11724 2810 2086 11725 2738 2083 11726 2737 2086 11727 2738 2156 11728 2810 2157 11729 2811 2086 11730 2742 2157 11731 2813 2158 11732 2812 2158 11733 2812 2089 11734 2743 2086 11735 2742 2089 11736 2743 2158 11737 2812 2159 11738 2814 2159 11739 2814 2091 11740 2746 2089 11741 2743 2091 11742 2746 2159 11743 2814 2160 11744 2815 2160 11745 2815 2093 11746 2747 2091 11747 2746 2093 11748 2747 2160 11749 2815 2161 11750 2816 2093 11751 2747 2161 11752 2816 2095 11753 2749 2095 11754 2749 2162 11755 2817 2097 11756 2751 2162 11757 2817 2095 11758 2749 2161 11759 2816 2097 11760 2751 2163 11761 2818 2099 11762 2753 2163 11763 2818 2097 11764 2751 2162 11765 2817 2101 11766 2755 2163 11767 2818 2164 11768 2819 2163 11769 2818 2101 11770 2755 2099 11771 2753 2103 11772 2757 2101 11773 2755 2165 11774 2820 2165 11775 2820 2101 11776 2755 2164 11777 2819 2166 11778 2821 2105 11779 2759 2103 11780 2757 2166 11781 2821 2103 11782 2757 2165 11783 2820 2167 11784 2822 2107 11785 2761 2105 11786 2759 2167 11787 2822 2105 11788 2759 2166 11789 2821 2107 11790 2761 2167 11791 2822 2168 11792 2823 2168 11793 2823 2109 11794 2763 2107 11795 2761 2109 11796 2763 2168 11797 2823 2169 11798 2824 2169 11799 2824 2111 11800 2765 2109 11801 2763 2111 11802 2765 2169 11803 2824 2170 11804 2825 2111 11805 2765 2170 11806 2825 2113 11807 2767 2170 11808 2825 2080 11809 2727 2113 11810 2767 2080 11811 2727 2170 11812 2825 2171 11813 2826 2080 11814 2727 2171 11815 2826 2172 11816 2827 2080 11817 2727 2172 11818 2827 2079 11819 2728 2172 11820 2828 2082 11821 2732 2079 11822 2731 2082 11823 2732 2172 11824 2828 2142 11825 2796 2173 11826 2829 2141 11827 2795 2142 11828 2796 2173 11829 2829 2142 11830 2796 2174 11831 2830 2175 11832 2831 2143 11833 2797 2141 11834 2795 2175 11835 2831 2141 11836 2795 2173 11837 2829 2143 11838 2797 2175 11839 2831 2176 11840 2832 2176 11841 2832 2144 11842 2798 2143 11843 2797 2144 11844 2798 2176 11845 2832 2177 11846 2833 2177 11847 2833 2145 11848 2799 2144 11849 2798 2177 11850 2833 2146 11851 2800 2145 11852 2799 2146 11853 2800 2177 11854 2833 2178 11855 2834 2178 11856 2834 2147 11857 2801 2146 11858 2800 2147 11859 2801 2178 11860 2834 2179 11861 2835 2179 11862 2835 2148 11863 2802 2147 11864 2801 2148 11865 2802 2179 11866 2835 2180 11867 2836 2180 11868 2836 2149 11869 2803 2148 11870 2802 2149 11871 2803 2180 11872 2836 2181 11873 2837 2181 11874 2837 2150 11875 2804 2149 11876 2803 2150 11877 2804 2181 11878 2837 2182 11879 2838 2182 11880 2838 2151 11881 2805 2150 11882 2804 2151 11883 2805 2182 11884 2838 2183 11885 2839 2152 11886 2806 2183 11887 2839 2184 11888 2840 2183 11889 2839 2152 11890 2806 2151 11891 2805 2153 11892 2807 2184 11893 2840 2185 11894 2841 2184 11895 2840 2153 11896 2807 2152 11897 2806 2154 11898 2808 2185 11899 2841 2186 11900 2842 2185 11901 2841 2154 11902 2808 2153 11903 2807 2155 11904 2809 2186 11905 2842 2187 11906 2843 2186 11907 2842 2155 11908 2809 2154 11909 2808 2156 11910 2810 2187 11911 2843 2188 11912 2844 2187 11913 2843 2156 11914 2810 2155 11915 2809 2157 11916 2811 2188 11917 2844 2189 11918 2845 2188 11919 2844 2157 11920 2811 2156 11921 2810 2157 11922 2813 2189 11923 2847 2190 11924 2846 2190 11925 2846 2158 11926 2812 2157 11927 2813 2158 11928 2812 2190 11929 2846 2191 11930 2848 2191 11931 2848 2159 11932 2814 2158 11933 2812 2159 11934 2814 2191 11935 2848 2192 11936 2849 2192 11937 2849 2160 11938 2815 2159 11939 2814 2160 11940 2815 2193 11941 2850 2161 11942 2816 2160 11943 2815 2192 11944 2849 2193 11945 2850 2161 11946 2816 2194 11947 2851 2162 11948 2817 2194 11949 2851 2161 11950 2816 2193 11951 2850 2162 11952 2817 2195 11953 2852 2163 11954 2818 2195 11955 2852 2162 11956 2817 2194 11957 2851 2163 11958 2818 2196 11959 2853 2164 11960 2819 2196 11961 2853 2163 11962 2818 2195 11963 2852 2197 11964 2854 2165 11965 2820 2164 11966 2819 2197 11967 2854 2164 11968 2819 2196 11969 2853 2198 11970 2855 2166 11971 2821 2165 11972 2820 2198 11973 2855 2165 11974 2820 2197 11975 2854 2166 11976 2821 2198 11977 2855 2199 11978 2856 2199 11979 2856 2167 11980 2822 2166 11981 2821 2167 11982 2822 2199 11983 2856 2200 11984 2857 2200 11985 2857 2168 11986 2823 2167 11987 2822 2200 11988 2857 2169 11989 2824 2168 11990 2823 2169 11991 2824 2200 11992 2857 2201 11993 2858 2201 11994 2858 2170 11995 2825 2169 11996 2824 2170 11997 2825 2201 11998 2858 2202 11999 2859 2202 12000 2859 2171 12001 2826 2170 12002 2825 2171 12003 2826 2202 12004 2859 2203 12005 2860 2203 12006 2860 2172 12007 2827 2171 12008 2826 2172 12009 2827 2203 12010 2860 2204 12011 2861 2204 12012 2862 2142 12013 2796 2172 12014 2828 2142 12015 2796 2204 12016 2862 2174 12017 2830 2139 12018 2794 2206 12019 2864 2205 12020 2863 2206 12021 2864 2139 12022 2794 2084 12023 2736 2205 12024 2863 2137 12025 2792 2139 12026 2794 2137 12027 2792 2205 12028 2863 2207 12029 2865 2137 12030 2792 2207 12031 2865 2208 12032 2866 2137 12033 2792 2208 12034 2866 2135 12035 2790 2092 12036 2745 2210 12037 2868 2209 12038 2867 2210 12039 2868 2092 12040 2745 2094 12041 2748 2092 12042 2745 2211 12043 2869 2090 12044 2744 2211 12045 2869 2092 12046 2745 2209 12047 2867 2090 12048 2744 2211 12049 2869 2212 12050 2870 2090 12051 2744 2212 12052 2870 2085 12053 2741 2212 12054 2871 2084 12055 2736 2085 12056 2735 2084 12057 2736 2212 12058 2871 2206 12059 2864 2213 12060 2872 2081 12061 2733 2087 12062 2740 2213 12063 2872 2087 12064 2740 2214 12065 2873 2213 12066 2872 2078 12067 2734 2081 12068 2733 2078 12069 2734 2213 12070 2872 2215 12071 2874 2077 12072 2730 2215 12073 2876 2216 12074 2875 2215 12075 2876 2077 12076 2730 2078 12077 2729 2114 12078 2768 2216 12079 2875 2217 12080 2877 2216 12081 2875 2114 12082 2768 2077 12083 2730 2112 12084 2766 2217 12085 2877 2218 12086 2878 2217 12087 2877 2112 12088 2766 2114 12089 2768 2218 12090 2878 2110 12091 2764 2112 12092 2766 2110 12093 2764 2218 12094 2878 2219 12095 2879 2219 12096 2879 2108 12097 2762 2110 12098 2764 2108 12099 2762 2219 12100 2879 2220 12101 2880 2108 12102 2762 2220 12103 2880 2221 12104 2881 2108 12105 2762 2221 12106 2881 2106 12107 2760 2221 12108 2881 2104 12109 2758 2106 12110 2760 2104 12111 2758 2221 12112 2881 2222 12113 2882 2222 12114 2882 2102 12115 2756 2104 12116 2758 2102 12117 2756 2222 12118 2882 2223 12119 2883 2102 12120 2756 2223 12121 2883 2224 12122 2884 2224 12123 2884 2100 12124 2754 2102 12125 2756 2224 12126 2884 2098 12127 2752 2100 12128 2754 2098 12129 2752 2224 12130 2884 2225 12131 2885 2096 12132 2750 2225 12133 2885 2226 12134 2886 2225 12135 2885 2096 12136 2750 2098 12137 2752 2133 12138 2788 2228 12139 2888 2227 12140 2887 2227 12141 2887 2131 12142 2786 2133 12143 2788 2131 12144 2786 2227 12145 2887 2229 12146 2889 2229 12147 2889 2129 12148 2784 2131 12149 2786 2229 12150 2889 2127 12151 2782 2129 12152 2784 2127 12153 2782 2229 12154 2889 2230 12155 2890 2231 12156 2891 2125 12157 2780 2127 12158 2782 2231 12159 2891 2127 12160 2782 2230 12161 2890 2125 12162 2780 2232 12163 2892 2123 12164 2778 2232 12165 2892 2125 12166 2780 2231 12167 2891 2121 12168 2776 2232 12169 2892 2233 12170 2893 2232 12171 2892 2121 12172 2776 2123 12173 2778 2121 12174 2776 2234 12175 2894 2119 12176 2774 2234 12177 2894 2121 12178 2776 2233 12179 2893 2119 12180 2774 2235 12181 2895 2117 12182 2772 2235 12183 2895 2119 12184 2774 2234 12185 2894 2117 12186 2772 2235 12187 2895 2236 12188 2896 2117 12189 2772 2236 12190 2896 2115 12191 2770 2115 12192 2770 2236 12193 2896 2214 12194 2873 2115 12195 2770 2214 12196 2873 2087 12197 2740 2135 12198 2790 2208 12199 2866 2228 12200 2888 2135 12201 2790 2228 12202 2888 2133 12203 2788 2094 12204 2748 2226 12205 2886 2210 12206 2868 2226 12207 2886 2094 12208 2748 2096 12209 2750 2205 12210 2863 2238 12211 2898 2237 12212 2897 2238 12213 2898 2205 12214 2863 2206 12215 2864 2237 12216 2897 2207 12217 2865 2205 12218 2863 2207 12219 2865 2237 12220 2897 2239 12221 2899 2207 12222 2865 2239 12223 2899 2240 12224 2900 2207 12225 2865 2240 12226 2900 2208 12227 2866 2240 12228 2900 2228 12229 2888 2208 12230 2866 2228 12231 2888 2240 12232 2900 2241 12233 2901 2241 12234 2901 2242 12235 2902 2228 12236 2888 2242 12237 2902 2227 12238 2887 2228 12239 2888 2242 12240 2902 2243 12241 2903 2227 12242 2887 2243 12243 2903 2229 12244 2889 2227 12245 2887 2230 12246 2890 2243 12247 2903 2244 12248 2904 2243 12249 2903 2230 12250 2890 2229 12251 2889 2245 12252 2905 2231 12253 2891 2230 12254 2890 2245 12255 2905 2230 12256 2890 2244 12257 2904 2231 12258 2891 2246 12259 2906 2232 12260 2892 2246 12261 2906 2231 12262 2891 2245 12263 2905 2233 12264 2893 2246 12265 2906 2247 12266 2907 2246 12267 2906 2233 12268 2893 2232 12269 2892 2233 12270 2893 2248 12271 2908 2234 12272 2894 2248 12273 2908 2233 12274 2893 2247 12275 2907 2235 12276 2895 2248 12277 2908 2249 12278 2909 2248 12279 2908 2235 12280 2895 2234 12281 2894 2235 12282 2895 2249 12283 2909 2250 12284 2910 2235 12285 2895 2250 12286 2910 2236 12287 2896 2236 12288 2896 2250 12289 2910 2251 12290 2911 2236 12291 2896 2251 12292 2911 2214 12293 2873 2251 12294 2911 2213 12295 2872 2214 12296 2873 2213 12297 2872 2251 12298 2911 2252 12299 2912 2252 12300 2912 2215 12301 2874 2213 12302 2872 2215 12303 2874 2252 12304 2912 2253 12305 2913 2215 12306 2876 2254 12307 2914 2216 12308 2875 2254 12309 2914 2215 12310 2876 2253 12311 2915 2217 12312 2877 2254 12313 2914 2255 12314 2916 2254 12315 2914 2217 12316 2877 2216 12317 2875 2218 12318 2878 2255 12319 2916 2256 12320 2917 2255 12321 2916 2218 12322 2878 2217 12323 2877 2257 12324 2918 2218 12325 2878 2256 12326 2917 2218 12327 2878 2257 12328 2918 2219 12329 2879 2257 12330 2918 2220 12331 2880 2219 12332 2879 2220 12333 2880 2257 12334 2918 2258 12335 2919 2220 12336 2880 2258 12337 2919 2259 12338 2920 2220 12339 2880 2259 12340 2920 2221 12341 2881 2259 12342 2920 2222 12343 2882 2221 12344 2881 2222 12345 2882 2259 12346 2920 2260 12347 2921 2260 12348 2921 2223 12349 2883 2222 12350 2882 2223 12351 2883 2260 12352 2921 2261 12353 2922 2261 12354 2922 2262 12355 2923 2223 12356 2883 2262 12357 2923 2224 12358 2884 2223 12359 2883 2262 12360 2923 2225 12361 2885 2224 12362 2884 2225 12363 2885 2262 12364 2923 2263 12365 2924 2226 12366 2886 2263 12367 2924 2241 12368 2925 2263 12369 2924 2226 12370 2886 2225 12371 2885 2226 12372 2886 2240 12373 2926 2210 12374 2868 2240 12375 2926 2226 12376 2886 2241 12377 2925 2209 12378 2867 2240 12379 2926 2239 12380 2927 2240 12381 2926 2209 12382 2867 2210 12383 2868 2209 12384 2867 2237 12385 2928 2211 12386 2869 2237 12387 2928 2209 12388 2867 2239 12389 2927 2211 12390 2869 2237 12391 2928 2238 12392 2929 2238 12393 2929 2212 12394 2870 2211 12395 2869 2242 12396 2902 2265 12397 2931 2264 12398 2930 2265 12399 2931 2242 12400 2902 2241 12401 2901 2264 12402 2930 2243 12403 2903 2242 12404 2902 2243 12405 2903 2264 12406 2930 2266 12407 2932 2244 12408 2904 2266 12409 2932 2267 12410 2933 2266 12411 2932 2244 12412 2904 2243 12413 2903 2268 12414 2934 2245 12415 2905 2244 12416 2904 2268 12417 2934 2244 12418 2904 2267 12419 2933 2245 12420 2905 2269 12421 2935 2246 12422 2906 2269 12423 2935 2245 12424 2905 2268 12425 2934 2247 12426 2907 2269 12427 2935 2270 12428 2936 2269 12429 2935 2247 12430 2907 2246 12431 2906 2247 12432 2907 2271 12433 2937 2248 12434 2908 2271 12435 2937 2247 12436 2907 2270 12437 2936 2249 12438 2909 2271 12439 2937 2272 12440 2938 2271 12441 2937 2249 12442 2909 2248 12443 2908 2273 12444 2939 2249 12445 2909 2272 12446 2938 2249 12447 2909 2273 12448 2939 2250 12449 2910 2274 12450 2940 2250 12451 2910 2273 12452 2939 2250 12453 2910 2274 12454 2940 2251 12455 2911 2251 12456 2911 2274 12457 2940 2275 12458 2941 2251 12459 2911 2275 12460 2941 2252 12461 2912 2254 12462 2914 2275 12463 2943 2274 12464 2942 2275 12465 2943 2254 12466 2914 2253 12467 2915 2255 12468 2916 2274 12469 2942 2276 12470 2944 2274 12471 2942 2255 12472 2916 2254 12473 2914 2256 12474 2917 2276 12475 2944 2277 12476 2945 2276 12477 2944 2256 12478 2917 2255 12479 2916 2278 12480 2946 2256 12481 2917 2277 12482 2945 2256 12483 2917 2278 12484 2946 2257 12485 2918 2278 12486 2946 2258 12487 2919 2257 12488 2918 2258 12489 2919 2278 12490 2946 2279 12491 2947 2258 12492 2919 2279 12493 2947 2280 12494 2948 2258 12495 2919 2280 12496 2948 2259 12497 2920 2280 12498 2948 2260 12499 2921 2259 12500 2920 2260 12501 2921 2280 12502 2948 2281 12503 2949 2281 12504 2949 2261 12505 2922 2260 12506 2921 2261 12507 2922 2281 12508 2949 2282 12509 2950 2282 12510 2950 2266 12511 2951 2261 12512 2922 2266 12513 2951 2262 12514 2923 2261 12515 2922 2266 12516 2951 2264 12517 2952 2262 12518 2923 2264 12519 2952 2263 12520 2924 2262 12521 2923 2264 12522 2952 2265 12523 2953 2263 12524 2924 2265 12525 2953 2241 12526 2925 2263 12527 2924 2267 12528 2933 2284 12529 2955 2283 12530 2954 2284 12531 2955 2267 12532 2933 2266 12533 2932 2268 12534 2934 2283 12535 2954 2285 12536 2956 2283 12537 2954 2268 12538 2934 2267 12539 2933 2268 12540 2934 2286 12541 2957 2269 12542 2935 2286 12543 2957 2268 12544 2934 2285 12545 2956 2270 12546 2936 2286 12547 2957 2287 12548 2958 2286 12549 2957 2270 12550 2936 2269 12551 2935 2271 12552 2937 2287 12553 2958 2288 12554 2959 2287 12555 2958 2271 12556 2937 2270 12557 2936 2272 12558 2938 2288 12559 2959 2289 12560 2960 2288 12561 2959 2272 12562 2938 2271 12563 2937 2290 12564 2961 2272 12565 2938 2289 12566 2960 2272 12567 2938 2290 12568 2961 2273 12569 2939 2273 12570 2939 2291 12571 2962 2274 12572 2940 2273 12573 2939 2290 12574 2961 2291 12575 2962 2276 12576 2944 2291 12577 2964 2290 12578 2963 2291 12579 2964 2276 12580 2944 2274 12581 2942 2277 12582 2945 2290 12583 2963 2289 12584 2965 2290 12585 2963 2277 12586 2945 2276 12587 2944 2277 12588 2945 2288 12589 2966 2278 12590 2946 2288 12591 2966 2277 12592 2945 2289 12593 2965 2287 12594 2967 2278 12595 2946 2288 12596 2966 2278 12597 2946 2287 12598 2967 2279 12599 2947 2279 12600 2947 2287 12601 2967 2286 12602 2968 2279 12603 2947 2286 12604 2968 2280 12605 2948 2286 12606 2968 2281 12607 2949 2280 12608 2948 2281 12609 2949 2286 12610 2968 2285 12611 2969 2281 12612 2949 2285 12613 2969 2283 12614 2970 2281 12615 2949 2283 12616 2970 2282 12617 2950 2282 12618 2950 2283 12619 2970 2284 12620 2971 2284 12621 2971 2266 12622 2951 2282 12623 2950 2294 12624 2972 2292 12625 2974 2295 12626 2975 2292 12627 2974 2294 12628 2972 2293 12629 2973 2293 12630 2973 2297 12631 2976 2296 12632 2977 2297 12633 2976 2293 12634 2973 2294 12635 2972 2296 12636 2977 2299 12637 2978 2298 12638 2979 2299 12639 2978 2296 12640 2977 2297 12641 2976 2298 12642 2982 2301 12643 2980 2300 12644 2981 2301 12645 2980 2298 12646 2982 2299 12647 2983 2301 12648 2980 2292 12649 2974 2300 12650 2981 2292 12651 2974 2301 12652 2980 2295 12653 2975 2302 12654 2985 2295 12655 2975 2303 12656 2984 2295 12657 2975 2302 12658 2985 2294 12659 2972 2294 12660 2972 2304 12661 2986 2297 12662 2976 2304 12663 2986 2294 12664 2972 2302 12665 2985 2299 12666 2978 2304 12667 2986 2305 12668 2987 2304 12669 2986 2299 12670 2978 2297 12671 2976 2299 12672 2983 2306 12673 2988 2301 12674 2980 2306 12675 2988 2299 12676 2983 2305 12677 2989 2303 12678 2984 2295 12679 2975 2306 12680 2988 2301 12681 2980 2306 12682 2988 2295 12683 2975 2309 12684 2991 2307 12685 2993 2310 12686 2990 2307 12687 2993 2309 12688 2991 2308 12689 2992 2308 12690 2992 2312 12691 2994 2311 12692 2995 2312 12693 2994 2308 12694 2992 2309 12695 2991 2311 12696 2995 2314 12697 2996 2313 12698 2997 2314 12699 2996 2311 12700 2995 2312 12701 2994 2313 12702 3000 2316 12703 2998 2315 12704 2999 2316 12705 2998 2313 12706 3000 2314 12707 3001 2310 12708 2990 2307 12709 2993 2316 12710 2998 2315 12711 2999 2316 12712 2998 2307 12713 2993 2310 12714 2990 2318 12715 3002 2317 12716 3003 2310 12717 2990 2317 12718 3003 2309 12719 2991 2317 12720 3004 2312 12721 2994 2309 12722 2991 2319 12723 3005 2312 12724 2994 2317 12725 3004 2320 12726 3006 2314 12727 2996 2312 12728 2994 2312 12729 2994 2319 12730 3005 2320 12731 3006 2321 12732 3008 2316 12733 2998 2314 12734 3001 2314 12735 3001 2320 12736 3007 2321 12737 3008 2318 12738 3009 2310 12739 2990 2321 12740 3008 2316 12741 2998 2321 12742 3008 2310 12743 2990 2308 12744 3011 2303 12745 2984 2307 12746 3010 2303 12747 2984 2308 12748 3011 2302 12749 2985 2311 12750 3012 2304 12751 2986 2302 12752 2985 2302 12753 2985 2308 12754 3011 2311 12755 3012 2305 12756 2987 2311 12757 3012 2313 12758 3013 2311 12759 3012 2305 12760 2987 2304 12761 2986 2315 12762 3015 2306 12763 2988 2305 12764 2989 2305 12765 2989 2313 12766 3014 2315 12767 3015 2307 12768 3010 2303 12769 2984 2315 12770 3015 2306 12771 2988 2315 12772 3015 2303 12773 2984 2325 12774 3019 2323 12775 3017 2322 12776 3018 2323 12777 3017 2325 12778 3019 2324 12779 3016 2323 12780 3017 2327 12781 3020 2326 12782 3021 2327 12783 3020 2323 12784 3017 2324 12785 3016 2326 12786 3024 2329 12787 3022 2328 12788 3023 2329 12789 3022 2326 12790 3024 2327 12791 3025 2330 12792 3027 2329 12793 3022 2331 12794 3026 2329 12795 3022 2330 12796 3027 2328 12797 3023 2331 12798 3026 2322 12799 3018 2330 12800 3027 2322 12801 3018 2331 12802 3026 2325 12803 3019 2336 12804 3030 2335 12805 3031 2334 12806 3028 2334 12807 3028 2333 12808 3029 2336 12809 3030 2337 12810 3033 2324 12811 3016 2338 12812 3032 2325 12813 3019 2338 12814 3032 2324 12815 3016 2337 12816 3033 2327 12817 3020 2324 12818 3016 2327 12819 3020 2337 12820 3033 2339 12821 3034 2327 12822 3025 2340 12823 3035 2329 12824 3022 2340 12825 3035 2327 12826 3025 2339 12827 3036 2331 12828 3026 2340 12829 3035 2341 12830 3037 2340 12831 3035 2331 12832 3026 2329 12833 3022 2338 12834 3032 2325 12835 3019 2341 12836 3037 2331 12837 3026 2341 12838 3037 2325 12839 3019 2344 12840 3039 2343 12841 3040 2345 12842 3038 2342 12843 3041 2345 12844 3038 2343 12845 3040 2343 12846 3040 2344 12847 3039 2347 12848 3042 2347 12849 3042 2346 12850 3043 2343 12851 3040 2346 12852 3046 2347 12853 3047 2349 12854 3044 2349 12855 3044 2348 12856 3045 2346 12857 3046 2349 12858 3044 2350 12859 3049 2348 12860 3045 2350 12861 3049 2349 12862 3044 2351 12863 3048 2345 12864 3038 2342 12865 3041 2351 12866 3048 2350 12867 3049 2351 12868 3048 2342 12869 3041 2354 12870 3051 2353 12871 3052 2355 12872 3050 2352 12873 3053 2355 12874 3050 2353 12875 3052 2353 12876 3052 2354 12877 3051 2357 12878 3054 2357 12879 3054 2356 12880 3055 2353 12881 3052 2356 12882 3058 2359 12883 3056 2358 12884 3057 2359 12885 3056 2356 12886 3058 2357 12887 3059 2360 12888 3061 2359 12889 3056 2361 12890 3060 2359 12891 3056 2360 12892 3061 2358 12893 3057 2355 12894 3050 2352 12895 3053 2361 12896 3060 2360 12897 3061 2361 12898 3060 2352 12899 3053 2365 12900 3065 2363 12901 3063 2362 12902 3064 2363 12903 3063 2365 12904 3065 2364 12905 3062 2363 12906 3063 2364 12907 3062 2367 12908 3066 2367 12909 3066 2366 12910 3067 2363 12911 3063 2366 12912 3070 2367 12913 3071 2369 12914 3068 2369 12915 3068 2368 12916 3069 2366 12917 3070 2368 12918 3069 2369 12919 3068 2371 12920 3072 2371 12921 3072 2370 12922 3073 2368 12923 3069 2371 12924 3072 2362 12925 3064 2370 12926 3073 2362 12927 3064 2371 12928 3072 2365 12929 3065 2373 12930 3075 2364 12931 3062 2365 12932 3065 2364 12933 3062 2373 12934 3075 2372 12935 3074 2364 12936 3062 2372 12937 3074 2374 12938 3076 2374 12939 3076 2367 12940 3066 2364 12941 3062 2367 12942 3071 2374 12943 3078 2375 12944 3077 2375 12945 3077 2369 12946 3068 2367 12947 3071 2369 12948 3068 2375 12949 3077 2376 12950 3079 2376 12951 3079 2371 12952 3072 2369 12953 3068 2376 12954 3079 2365 12955 3065 2371 12956 3072 2365 12957 3065 2376 12958 3079 2373 12959 3075 2332 12960 3080 2372 12961 3074 2373 12962 3075 2372 12963 3074 2332 12964 3080 2333 12965 3029 2372 12966 3074 2333 12967 3081 2334 12968 3028 2334 12969 3028 2374 12970 3076 2372 12971 3074 2335 12972 3031 2375 12973 3077 2374 12974 3078 2335 12975 3031 2374 12976 3078 2334 12977 3028 2336 12978 3030 2376 12979 3079 2335 12980 3082 2335 12981 3082 2376 12982 3079 2375 12983 3077 2376 12984 3079 2336 12985 3030 2332 12986 3083 2376 12987 3079 2332 12988 3083 2373 12989 3075 2363 12990 3063 2354 12991 3051 2362 12992 3064 2355 12993 3050 2362 12994 3064 2354 12995 3051 2366 12996 3067 2357 12997 3054 2354 12998 3051 2366 12999 3067 2354 13000 3051 2363 13001 3063 2368 13002 3069 2359 13003 3056 2357 13004 3059 2357 13005 3059 2366 13006 3070 2368 13007 3069 2361 13008 3060 2368 13009 3069 2370 13010 3073 2368 13011 3069 2361 13012 3060 2359 13013 3056 2362 13014 3064 2355 13015 3050 2370 13016 3073 2361 13017 3060 2370 13018 3073 2355 13019 3050 2353 13020 3085 2344 13021 3039 2352 13022 3084 2345 13023 3038 2352 13024 3084 2344 13025 3039 2356 13026 3086 2347 13027 3042 2344 13028 3039 2356 13029 3086 2344 13030 3039 2353 13031 3085 2358 13032 3088 2349 13033 3044 2347 13034 3047 2347 13035 3047 2356 13036 3087 2358 13037 3088 2351 13038 3048 2358 13039 3088 2360 13040 3089 2358 13041 3088 2351 13042 3048 2349 13043 3044 2352 13044 3084 2345 13045 3038 2360 13046 3089 2351 13047 3048 2360 13048 3089 2345 13049 3038 2343 13050 3040 2337 13051 3033 2342 13052 3041 2338 13053 3032 2342 13054 3041 2337 13055 3033 2346 13056 3043 2339 13057 3034 2337 13058 3033 2346 13059 3043 2337 13060 3033 2343 13061 3040 2348 13062 3045 2340 13063 3035 2339 13064 3036 2339 13065 3036 2346 13066 3046 2348 13067 3045 2341 13068 3037 2348 13069 3045 2350 13070 3049 2348 13071 3045 2341 13072 3037 2340 13073 3035 2342 13074 3041 2338 13075 3032 2350 13076 3049 2341 13077 3037 2350 13078 3049 2338 13079 3032 2380 13080 3093 2378 13081 3091 2377 13082 3092 2378 13083 3091 2380 13084 3093 2379 13085 3090 2378 13086 3096 2382 13087 3094 2381 13088 3095 2382 13089 3094 2378 13090 3096 2379 13091 3097 2381 13092 3095 2384 13093 3098 2383 13094 3099 2384 13095 3098 2381 13096 3095 2382 13097 3094 2385 13098 3101 2384 13099 3098 2386 13100 3100 2384 13101 3098 2385 13102 3101 2383 13103 3099 2386 13104 3100 2377 13105 3092 2385 13106 3101 2377 13107 3092 2386 13108 3100 2380 13109 3093 2391 13110 3104 2390 13111 3105 2389 13112 3102 2389 13113 3102 2388 13114 3103 2391 13115 3104 2392 13116 3107 2379 13117 3090 2393 13118 3106 2380 13119 3093 2393 13120 3106 2379 13121 3090 2382 13122 3094 2392 13123 3109 2394 13124 3108 2392 13125 3109 2382 13126 3094 2379 13127 3097 2382 13128 3094 2395 13129 3110 2384 13130 3098 2395 13131 3110 2382 13132 3094 2394 13133 3108 2386 13134 3100 2395 13135 3110 2396 13136 3111 2395 13137 3110 2386 13138 3100 2384 13139 3098 2393 13140 3106 2380 13141 3093 2396 13142 3111 2386 13143 3100 2396 13144 3111 2380 13145 3093 2399 13146 3113 2398 13147 3114 2400 13148 3112 2397 13149 3115 2400 13150 3112 2398 13151 3114 2401 13152 3117 2399 13153 3119 2402 13154 3116 2399 13155 3119 2401 13156 3117 2398 13157 3118 2401 13158 3117 2404 13159 3120 2403 13160 3121 2404 13161 3120 2401 13162 3117 2402 13163 3116 2405 13164 3123 2404 13165 3120 2406 13166 3122 2404 13167 3120 2405 13168 3123 2403 13169 3121 2400 13170 3112 2397 13171 3115 2406 13172 3122 2405 13173 3123 2406 13174 3122 2397 13175 3115 2409 13176 3125 2408 13177 3126 2410 13178 3124 2407 13179 3127 2410 13180 3124 2408 13181 3126 2411 13182 3129 2409 13183 3131 2412 13184 3128 2409 13185 3131 2411 13186 3129 2408 13187 3130 2411 13188 3129 2414 13189 3132 2413 13190 3133 2414 13191 3132 2411 13192 3129 2412 13193 3128 2415 13194 3135 2414 13195 3132 2416 13196 3134 2414 13197 3132 2415 13198 3135 2413 13199 3133 2410 13200 3124 2407 13201 3127 2416 13202 3134 2415 13203 3135 2416 13204 3134 2407 13205 3127 2420 13206 3139 2418 13207 3137 2417 13208 3138 2418 13209 3137 2420 13210 3139 2419 13211 3136 2421 13212 3141 2419 13213 3143 2422 13214 3140 2419 13215 3143 2421 13216 3141 2418 13217 3142 2421 13218 3141 2424 13219 3144 2423 13220 3145 2424 13221 3144 2421 13222 3141 2422 13223 3140 2425 13224 3147 2424 13225 3144 2426 13226 3146 2424 13227 3144 2425 13228 3147 2423 13229 3145 2426 13230 3146 2417 13231 3138 2425 13232 3147 2417 13233 3138 2426 13234 3146 2420 13235 3139 2428 13236 3149 2419 13237 3136 2420 13238 3139 2419 13239 3136 2428 13240 3149 2427 13241 3148 2422 13242 3140 2427 13243 3151 2429 13244 3150 2427 13245 3151 2422 13246 3140 2419 13247 3143 2422 13248 3140 2430 13249 3152 2424 13250 3144 2430 13251 3152 2422 13252 3140 2429 13253 3150 2426 13254 3146 2430 13255 3152 2431 13256 3153 2430 13257 3152 2426 13258 3146 2424 13259 3144 2431 13260 3153 2420 13261 3139 2426 13262 3146 2420 13263 3139 2431 13264 3153 2428 13265 3149 2388 13266 3154 2427 13267 3148 2387 13268 3155 2387 13269 3155 2427 13270 3148 2428 13271 3149 2427 13272 3151 2389 13273 3102 2429 13274 3150 2427 13275 3151 2388 13276 3103 2389 13277 3102 2429 13278 3150 2390 13279 3105 2430 13280 3152 2390 13281 3105 2429 13282 3150 2389 13283 3102 2390 13284 3105 2431 13285 3153 2430 13286 3152 2391 13287 3156 2431 13288 3153 2390 13289 3105 2431 13290 3153 2391 13291 3156 2387 13292 3155 2431 13293 3153 2387 13294 3155 2428 13295 3149 2418 13296 3137 2409 13297 3125 2417 13298 3138 2410 13299 3124 2417 13300 3138 2409 13301 3125 2412 13302 3128 2418 13303 3142 2421 13304 3141 2418 13305 3142 2412 13306 3128 2409 13307 3131 2423 13308 3145 2414 13309 3132 2412 13310 3128 2412 13311 3128 2421 13312 3141 2423 13313 3145 2416 13314 3134 2423 13315 3145 2425 13316 3147 2423 13317 3145 2416 13318 3134 2414 13319 3132 2417 13320 3138 2410 13321 3124 2425 13322 3147 2416 13323 3134 2425 13324 3147 2410 13325 3124 2408 13326 3158 2399 13327 3113 2407 13328 3157 2400 13329 3112 2407 13330 3157 2399 13331 3113 2402 13332 3116 2408 13333 3159 2411 13334 3160 2408 13335 3159 2402 13336 3116 2399 13337 3119 2413 13338 3161 2404 13339 3120 2402 13340 3116 2402 13341 3116 2411 13342 3160 2413 13343 3161 2406 13344 3122 2413 13345 3161 2415 13346 3162 2413 13347 3161 2406 13348 3122 2404 13349 3120 2407 13350 3157 2400 13351 3112 2415 13352 3162 2406 13353 3122 2415 13354 3162 2400 13355 3112 2398 13356 3114 2392 13357 3107 2397 13358 3115 2393 13359 3106 2397 13360 3115 2392 13361 3107 2394 13362 3108 2398 13363 3118 2401 13364 3117 2398 13365 3118 2394 13366 3108 2392 13367 3109 2403 13368 3121 2395 13369 3110 2394 13370 3108 2394 13371 3108 2401 13372 3117 2403 13373 3121 2396 13374 3111 2403 13375 3121 2405 13376 3123 2403 13377 3121 2396 13378 3111 2395 13379 3110 2397 13380 3115 2393 13381 3106 2405 13382 3123 2396 13383 3111 2405 13384 3123 2393 13385 3106 2435 13386 3166 2433 13387 3164 2432 13388 3165 2433 13389 3164 2435 13390 3166 2434 13391 3163 2436 13392 3168 2434 13393 3163 2437 13394 3167 2434 13395 3163 2436 13396 3168 2433 13397 3164 2436 13398 3171 2439 13399 3169 2438 13400 3170 2439 13401 3169 2436 13402 3171 2437 13403 3172 2440 13404 3174 2439 13405 3169 2441 13406 3173 2439 13407 3169 2440 13408 3174 2438 13409 3170 2441 13410 3173 2432 13411 3165 2440 13412 3174 2432 13413 3165 2441 13414 3173 2435 13415 3166 2446 13416 3177 2445 13417 3178 2444 13418 3175 2444 13419 3175 2443 13420 3176 2446 13421 3177 2447 13422 3180 2434 13423 3163 2448 13424 3179 2435 13425 3166 2448 13426 3179 2434 13427 3163 2437 13428 3167 2447 13429 3180 2449 13430 3181 2447 13431 3180 2437 13432 3167 2434 13433 3163 2437 13434 3172 2450 13435 3182 2439 13436 3169 2450 13437 3182 2437 13438 3172 2449 13439 3183 2441 13440 3173 2450 13441 3182 2451 13442 3184 2450 13443 3182 2441 13444 3173 2439 13445 3169 2448 13446 3179 2435 13447 3166 2451 13448 3184 2441 13449 3173 2451 13450 3184 2435 13451 3166 2454 13452 3186 2453 13453 3187 2455 13454 3185 2452 13455 3188 2455 13456 3185 2453 13457 3187 2456 13458 3190 2454 13459 3186 2457 13460 3189 2454 13461 3186 2456 13462 3190 2453 13463 3187 2456 13464 3193 2459 13465 3191 2458 13466 3192 2459 13467 3191 2456 13468 3193 2457 13469 3194 2460 13470 3196 2459 13471 3191 2461 13472 3195 2459 13473 3191 2460 13474 3196 2458 13475 3192 2455 13476 3185 2452 13477 3188 2461 13478 3195 2460 13479 3196 2461 13480 3195 2452 13481 3188 2464 13482 3198 2463 13483 3199 2465 13484 3197 2462 13485 3200 2465 13486 3197 2463 13487 3199 2466 13488 3202 2464 13489 3198 2467 13490 3201 2464 13491 3198 2466 13492 3202 2463 13493 3199 2466 13494 3205 2469 13495 3203 2468 13496 3204 2469 13497 3203 2466 13498 3205 2467 13499 3206 2470 13500 3208 2469 13501 3203 2471 13502 3207 2469 13503 3203 2470 13504 3208 2468 13505 3204 2465 13506 3197 2462 13507 3200 2471 13508 3207 2470 13509 3208 2471 13510 3207 2462 13511 3200 2475 13512 3212 2473 13513 3210 2472 13514 3211 2473 13515 3210 2475 13516 3212 2474 13517 3209 2476 13518 3214 2474 13519 3209 2477 13520 3213 2474 13521 3209 2476 13522 3214 2473 13523 3210 2476 13524 3217 2479 13525 3215 2478 13526 3216 2479 13527 3215 2476 13528 3217 2477 13529 3218 2480 13530 3220 2479 13531 3215 2481 13532 3219 2479 13533 3215 2480 13534 3220 2478 13535 3216 2481 13536 3219 2472 13537 3211 2480 13538 3220 2472 13539 3211 2481 13540 3219 2475 13541 3212 2483 13542 3222 2474 13543 3209 2475 13544 3212 2474 13545 3209 2483 13546 3222 2482 13547 3221 2477 13548 3213 2482 13549 3221 2484 13550 3223 2482 13551 3221 2477 13552 3213 2474 13553 3209 2477 13554 3218 2485 13555 3224 2479 13556 3215 2485 13557 3224 2477 13558 3218 2484 13559 3225 2481 13560 3219 2485 13561 3224 2486 13562 3226 2485 13563 3224 2481 13564 3219 2479 13565 3215 2486 13566 3226 2475 13567 3212 2481 13568 3219 2475 13569 3212 2486 13570 3226 2483 13571 3222 2443 13572 3176 2482 13573 3221 2442 13574 3227 2442 13575 3227 2482 13576 3221 2483 13577 3222 2482 13578 3221 2444 13579 3175 2484 13580 3223 2482 13581 3221 2443 13582 3228 2444 13583 3175 2484 13584 3225 2445 13585 3178 2485 13586 3224 2445 13587 3178 2484 13588 3225 2444 13589 3175 2445 13590 3229 2486 13591 3226 2485 13592 3224 2446 13593 3177 2486 13594 3226 2445 13595 3229 2486 13596 3226 2446 13597 3177 2442 13598 3227 2486 13599 3226 2442 13600 3227 2483 13601 3222 2473 13602 3210 2464 13603 3198 2472 13604 3211 2465 13605 3197 2472 13606 3211 2464 13607 3198 2467 13608 3201 2473 13609 3210 2476 13610 3214 2473 13611 3210 2467 13612 3201 2464 13613 3198 2478 13614 3216 2469 13615 3203 2467 13616 3206 2467 13617 3206 2476 13618 3217 2478 13619 3216 2471 13620 3207 2478 13621 3216 2480 13622 3220 2478 13623 3216 2471 13624 3207 2469 13625 3203 2472 13626 3211 2465 13627 3197 2480 13628 3220 2471 13629 3207 2480 13630 3220 2465 13631 3197 2463 13632 3231 2454 13633 3186 2462 13634 3230 2455 13635 3185 2462 13636 3230 2454 13637 3186 2457 13638 3189 2463 13639 3231 2466 13640 3232 2463 13641 3231 2457 13642 3189 2454 13643 3186 2468 13644 3234 2459 13645 3191 2457 13646 3194 2457 13647 3194 2466 13648 3233 2468 13649 3234 2461 13650 3195 2468 13651 3234 2470 13652 3235 2468 13653 3234 2461 13654 3195 2459 13655 3191 2462 13656 3230 2455 13657 3185 2470 13658 3235 2461 13659 3195 2470 13660 3235 2455 13661 3185 2453 13662 3187 2447 13663 3180 2452 13664 3188 2448 13665 3179 2452 13666 3188 2447 13667 3180 2449 13668 3181 2453 13669 3187 2456 13670 3190 2453 13671 3187 2449 13672 3181 2447 13673 3180 2458 13674 3192 2450 13675 3182 2449 13676 3183 2449 13677 3183 2456 13678 3193 2458 13679 3192 2451 13680 3184 2458 13681 3192 2460 13682 3196 2458 13683 3192 2451 13684 3184 2450 13685 3182 2452 13686 3188 2448 13687 3179 2460 13688 3196 2451 13689 3184 2460 13690 3196 2448 13691 3179 2488 13692 3237 2490 13693 3239 2489 13694 3236 2490 13695 3239 2488 13696 3237 2487 13697 3238 2491 13698 3241 2489 13699 3236 2492 13700 3240 2489 13701 3236 2491 13702 3241 2488 13703 3237 2491 13704 3241 2492 13705 3240 2494 13706 3242 2491 13707 3241 2494 13708 3242 2493 13709 3243 2494 13710 3247 2495 13711 3245 2493 13712 3246 2495 13713 3245 2494 13714 3247 2496 13715 3244 2487 13716 3238 2496 13717 3249 2490 13718 3239 2496 13719 3249 2487 13720 3238 2495 13721 3248 2501 13722 3252 2500 13723 3253 2499 13724 3250 2499 13725 3250 2498 13726 3251 2501 13727 3252 2490 13728 3239 2503 13729 3254 2489 13730 3236 2489 13731 3236 2503 13732 3254 2502 13733 3255 2502 13734 3255 2492 13735 3240 2489 13736 3236 2492 13737 3240 2502 13738 3255 2504 13739 3256 2492 13740 3240 2505 13741 3257 2494 13742 3242 2505 13743 3257 2492 13744 3240 2504 13745 3256 2505 13746 3259 2496 13747 3244 2494 13748 3247 2496 13749 3244 2505 13750 3259 2506 13751 3258 2490 13752 3239 2506 13753 3260 2503 13754 3254 2496 13755 3249 2506 13756 3260 2490 13757 3239 2509 13758 3262 2508 13759 3263 2510 13760 3261 2507 13761 3264 2510 13762 3261 2508 13763 3263 2509 13764 3262 2511 13765 3266 2508 13766 3263 2511 13767 3266 2509 13768 3262 2512 13769 3265 2511 13770 3266 2514 13771 3267 2513 13772 3268 2514 13773 3267 2511 13774 3266 2512 13775 3265 2514 13776 3272 2515 13777 3270 2513 13778 3271 2515 13779 3270 2514 13780 3272 2516 13781 3269 2510 13782 3261 2507 13783 3264 2516 13784 3273 2515 13785 3274 2516 13786 3273 2507 13787 3264 2517 13788 3278 2520 13789 3275 2518 13790 3277 2518 13791 3277 2520 13792 3275 2519 13793 3276 2519 13794 3276 2521 13795 3280 2518 13796 3277 2521 13797 3280 2519 13798 3276 2522 13799 3279 2521 13800 3280 2524 13801 3281 2523 13802 3282 2521 13803 3280 2522 13804 3279 2524 13805 3281 2524 13806 3286 2525 13807 3284 2523 13808 3285 2525 13809 3284 2524 13810 3286 2526 13811 3283 2525 13812 3284 2526 13813 3283 2517 13814 3278 2526 13815 3283 2520 13816 3275 2517 13817 3278 2530 13818 3290 2528 13819 3288 2527 13820 3289 2528 13821 3288 2530 13822 3290 2529 13823 3287 2531 13824 3292 2529 13825 3287 2532 13826 3291 2529 13827 3287 2531 13828 3292 2528 13829 3288 2531 13830 3292 2534 13831 3293 2533 13832 3294 2534 13833 3293 2531 13834 3292 2532 13835 3291 2535 13836 3296 2534 13837 3298 2536 13838 3295 2534 13839 3298 2535 13840 3296 2533 13841 3297 2536 13842 3295 2527 13843 3289 2535 13844 3296 2527 13845 3289 2536 13846 3295 2530 13847 3290 2538 13848 3300 2529 13849 3287 2530 13850 3290 2529 13851 3287 2538 13852 3300 2537 13853 3299 2532 13854 3291 2537 13855 3299 2539 13856 3301 2537 13857 3299 2532 13858 3291 2529 13859 3287 2532 13860 3291 2540 13861 3302 2534 13862 3293 2540 13863 3302 2532 13864 3291 2539 13865 3301 2536 13866 3295 2540 13867 3304 2541 13868 3303 2540 13869 3304 2536 13870 3295 2534 13871 3298 2541 13872 3303 2530 13873 3290 2536 13874 3295 2530 13875 3290 2541 13876 3303 2538 13877 3300 2498 13878 3251 2537 13879 3299 2497 13880 3305 2497 13881 3305 2537 13882 3299 2538 13883 3300 2537 13884 3299 2499 13885 3250 2539 13886 3301 2537 13887 3299 2498 13888 3306 2499 13889 3250 2539 13890 3301 2500 13891 3253 2540 13892 3302 2500 13893 3253 2539 13894 3301 2499 13895 3250 2500 13896 3307 2541 13897 3303 2540 13898 3304 2501 13899 3252 2541 13900 3303 2500 13901 3307 2541 13902 3303 2501 13903 3308 2497 13904 3305 2541 13905 3303 2497 13906 3305 2538 13907 3300 2528 13908 3288 2519 13909 3276 2527 13910 3289 2520 13911 3275 2527 13912 3289 2519 13913 3276 2528 13914 3288 2522 13915 3279 2519 13916 3276 2522 13917 3279 2528 13918 3288 2531 13919 3292 2533 13920 3294 2524 13921 3281 2522 13922 3279 2522 13923 3279 2531 13924 3292 2533 13925 3294 2526 13926 3283 2533 13927 3297 2535 13928 3296 2533 13929 3297 2526 13930 3283 2524 13931 3286 2527 13932 3289 2520 13933 3275 2535 13934 3296 2526 13935 3283 2535 13936 3296 2520 13937 3275 2510 13938 3261 2517 13939 3309 2509 13940 3262 2517 13941 3309 2518 13942 3310 2509 13943 3262 2518 13944 3310 2512 13945 3265 2509 13946 3262 2512 13947 3265 2518 13948 3310 2521 13949 3311 2523 13950 3312 2514 13951 3267 2512 13952 3265 2512 13953 3265 2521 13954 3311 2523 13955 3312 2516 13956 3269 2523 13957 3313 2525 13958 3314 2523 13959 3313 2516 13960 3269 2514 13961 3272 2517 13962 3309 2510 13963 3261 2525 13964 3315 2516 13965 3273 2525 13966 3315 2510 13967 3261 2503 13968 3254 2507 13969 3264 2502 13970 3255 2507 13971 3264 2508 13972 3263 2502 13973 3255 2508 13974 3263 2504 13975 3256 2502 13976 3255 2504 13977 3256 2508 13978 3263 2511 13979 3266 2513 13980 3268 2505 13981 3257 2504 13982 3256 2504 13983 3256 2511 13984 3266 2513 13985 3268 2506 13986 3258 2513 13987 3271 2515 13988 3270 2513 13989 3271 2506 13990 3258 2505 13991 3259 2506 13992 3260 2515 13993 3274 2503 13994 3254 2515 13995 3274 2507 13996 3264 2503 13997 3254 2543 13998 3317 2545 13999 3319 2544 14000 3316 2545 14001 3319 2543 14002 3317 2542 14003 3318 2544 14004 3316 2546 14005 3321 2543 14006 3317 2546 14007 3321 2544 14008 3316 2547 14009 3320 2546 14010 3324 2547 14011 3325 2549 14012 3322 2546 14013 3324 2549 14014 3322 2548 14015 3323 2549 14016 3322 2550 14017 3327 2548 14018 3323 2550 14019 3327 2549 14020 3322 2551 14021 3326 2542 14022 3318 2551 14023 3326 2545 14024 3319 2551 14025 3326 2542 14026 3318 2550 14027 3327 2545 14028 3319 2553 14029 3328 2544 14030 3316 2544 14031 3316 2553 14032 3328 2552 14033 3329 2552 14034 3329 2547 14035 3320 2544 14036 3316 2547 14037 3320 2552 14038 3329 2554 14039 3330 2547 14040 3325 2554 14041 3332 2555 14042 3331 2547 14043 3325 2555 14044 3331 2549 14045 3322 2555 14046 3331 2551 14047 3326 2549 14048 3322 2551 14049 3326 2555 14050 3331 2556 14051 3333 2545 14052 3319 2556 14053 3333 2553 14054 3328 2551 14055 3326 2556 14056 3333 2545 14057 3319 2557 14058 3337 2560 14059 3334 2558 14060 3336 2558 14061 3336 2560 14062 3334 2559 14063 3335 2559 14064 3335 2561 14065 3339 2558 14066 3336 2561 14067 3339 2559 14068 3335 2562 14069 3338 2561 14070 3342 2562 14071 3343 2564 14072 3340 2561 14073 3342 2564 14074 3340 2563 14075 3341 2564 14076 3340 2565 14077 3345 2563 14078 3341 2565 14079 3345 2564 14080 3340 2566 14081 3344 2557 14082 3337 2566 14083 3344 2560 14084 3334 2565 14085 3345 2566 14086 3344 2557 14087 3337 2567 14088 3349 2570 14089 3346 2568 14090 3348 2568 14091 3348 2570 14092 3346 2569 14093 3347 2569 14094 3347 2571 14095 3351 2568 14096 3348 2571 14097 3351 2569 14098 3347 2572 14099 3350 2571 14100 3354 2572 14101 3355 2574 14102 3352 2571 14103 3354 2574 14104 3352 2573 14105 3353 2574 14106 3352 2575 14107 3357 2573 14108 3353 2575 14109 3357 2574 14110 3352 2576 14111 3356 2567 14112 3349 2576 14113 3356 2570 14114 3346 2575 14115 3357 2576 14116 3356 2567 14117 3349 2577 14118 3360 2579 14119 3358 2578 14120 3359 2577 14121 3360 2580 14122 3361 2579 14123 3358 2579 14124 3358 2581 14125 3363 2578 14126 3359 2582 14127 3362 2581 14128 3363 2579 14129 3358 2581 14130 3366 2582 14131 3367 2584 14132 3364 2581 14133 3366 2584 14134 3364 2583 14135 3365 2584 14136 3364 2585 14137 3369 2583 14138 3365 2585 14139 3369 2584 14140 3364 2586 14141 3368 2586 14142 3368 2577 14143 3360 2585 14144 3369 2580 14145 3361 2577 14146 3360 2586 14147 3368 2569 14148 3347 2577 14149 3360 2578 14150 3359 2570 14151 3346 2577 14152 3360 2569 14153 3347 2578 14154 3359 2572 14155 3350 2569 14156 3347 2572 14157 3350 2578 14158 3359 2581 14159 3363 2583 14160 3365 2574 14161 3352 2572 14162 3355 2572 14163 3355 2581 14164 3366 2583 14165 3365 2576 14166 3356 2583 14167 3365 2585 14168 3369 2583 14169 3365 2576 14170 3356 2574 14171 3352 2570 14172 3346 2585 14173 3369 2577 14174 3360 2576 14175 3356 2585 14176 3369 2570 14177 3346 2559 14178 3335 2567 14179 3370 2568 14180 3371 2560 14181 3334 2567 14182 3370 2559 14183 3335 2568 14184 3371 2562 14185 3338 2559 14186 3335 2562 14187 3338 2568 14188 3371 2571 14189 3372 2573 14190 3374 2564 14191 3340 2562 14192 3343 2562 14193 3343 2571 14194 3373 2573 14195 3374 2566 14196 3344 2573 14197 3374 2575 14198 3375 2573 14199 3374 2566 14200 3344 2564 14201 3340 2560 14202 3334 2575 14203 3375 2567 14204 3370 2566 14205 3344 2575 14206 3375 2560 14207 3334 2553 14208 3328 2557 14209 3337 2552 14210 3329 2552 14211 3329 2557 14212 3337 2558 14213 3336 2558 14214 3336 2554 14215 3330 2552 14216 3329 2554 14217 3330 2558 14218 3336 2561 14219 3339 2563 14220 3341 2555 14221 3331 2554 14222 3332 2554 14223 3332 2561 14224 3342 2563 14225 3341 2556 14226 3333 2563 14227 3341 2565 14228 3345 2563 14229 3341 2556 14230 3333 2555 14231 3331 2553 14232 3328 2565 14233 3345 2557 14234 3337 2556 14235 3333 2565 14236 3345 2553 14237 3328 2584 14238 3364 2580 14239 3376 2586 14240 3368 2580 14241 3376 2584 14242 3364 2582 14243 3367 2588 14244 3378 2590 14245 3380 2589 14246 3377 2590 14247 3380 2588 14248 3378 2587 14249 3379 2588 14250 3378 2589 14251 3377 2592 14252 3381 2592 14253 3381 2591 14254 3382 2588 14255 3378 2591 14256 3385 2592 14257 3386 2594 14258 3383 2591 14259 3385 2594 14260 3383 2593 14261 3384 2593 14262 3384 2594 14263 3383 2596 14264 3387 2593 14265 3384 2596 14266 3387 2595 14267 3388 2587 14268 3379 2596 14269 3387 2590 14270 3380 2596 14271 3387 2587 14272 3379 2595 14273 3388 2590 14274 3380 2598 14275 3389 2589 14276 3377 2589 14277 3377 2598 14278 3389 2597 14279 3390 2597 14280 3390 2592 14281 3381 2589 14282 3377 2592 14283 3381 2597 14284 3390 2599 14285 3391 2592 14286 3386 2599 14287 3393 2600 14288 3392 2592 14289 3386 2600 14290 3392 2594 14291 3383 2600 14292 3392 2596 14293 3387 2594 14294 3383 2596 14295 3387 2600 14296 3392 2601 14297 3394 2590 14298 3380 2601 14299 3394 2598 14300 3389 2596 14301 3387 2601 14302 3394 2590 14303 3380 2602 14304 3398 2605 14305 3395 2603 14306 3397 2603 14307 3397 2605 14308 3395 2604 14309 3396 2604 14310 3396 2606 14311 3400 2603 14312 3397 2606 14313 3400 2604 14314 3396 2607 14315 3399 2606 14316 3403 2607 14317 3404 2609 14318 3401 2606 14319 3403 2609 14320 3401 2608 14321 3402 2609 14322 3401 2610 14323 3406 2608 14324 3402 2610 14325 3406 2609 14326 3401 2611 14327 3405 2602 14328 3398 2611 14329 3405 2605 14330 3395 2610 14331 3406 2611 14332 3405 2602 14333 3398 2613 14334 3409 2615 14335 3407 2614 14336 3408 2612 14337 3410 2615 14338 3407 2613 14339 3409 2613 14340 3409 2614 14341 3408 2617 14342 3411 2613 14343 3409 2617 14344 3411 2616 14345 3412 2616 14346 3415 2617 14347 3416 2619 14348 3413 2616 14349 3415 2619 14350 3413 2618 14351 3414 2619 14352 3413 2620 14353 3418 2618 14354 3414 2620 14355 3418 2619 14356 3413 2621 14357 3417 2612 14358 3410 2621 14359 3417 2615 14360 3407 2620 14361 3418 2621 14362 3417 2612 14363 3410 2622 14364 3421 2624 14365 3419 2623 14366 3420 2622 14367 3421 2625 14368 3422 2624 14369 3419 2624 14370 3419 2626 14371 3424 2623 14372 3420 2627 14373 3423 2626 14374 3424 2624 14375 3419 2626 14376 3427 2627 14377 3428 2629 14378 3425 2626 14379 3427 2629 14380 3425 2628 14381 3426 2629 14382 3425 2630 14383 3430 2628 14384 3426 2630 14385 3430 2629 14386 3425 2631 14387 3429 2631 14388 3429 2622 14389 3421 2630 14390 3430 2625 14391 3422 2622 14392 3421 2631 14393 3429 2614 14394 3408 2622 14395 3421 2623 14396 3420 2615 14397 3407 2622 14398 3421 2614 14399 3408 2626 14400 3424 2614 14401 3408 2623 14402 3420 2614 14403 3408 2626 14404 3424 2617 14405 3411 2628 14406 3426 2619 14407 3413 2617 14408 3416 2617 14409 3416 2626 14410 3427 2628 14411 3426 2621 14412 3417 2628 14413 3426 2630 14414 3430 2628 14415 3426 2621 14416 3417 2619 14417 3413 2615 14418 3407 2630 14419 3430 2622 14420 3421 2621 14421 3417 2630 14422 3430 2615 14423 3407 2604 14424 3396 2612 14425 3431 2613 14426 3432 2605 14427 3395 2612 14428 3431 2604 14429 3396 2613 14430 3432 2607 14431 3399 2604 14432 3396 2607 14433 3399 2613 14434 3432 2616 14435 3433 2618 14436 3435 2609 14437 3401 2607 14438 3404 2607 14439 3404 2616 14440 3434 2618 14441 3435 2611 14442 3405 2618 14443 3435 2620 14444 3436 2618 14445 3435 2611 14446 3405 2609 14447 3401 2605 14448 3395 2620 14449 3436 2612 14450 3431 2611 14451 3405 2620 14452 3436 2605 14453 3395 2597 14454 3390 2602 14455 3398 2603 14456 3397 2598 14457 3389 2602 14458 3398 2597 14459 3390 2603 14460 3397 2599 14461 3391 2597 14462 3390 2599 14463 3391 2603 14464 3397 2606 14465 3400 2608 14466 3402 2600 14467 3392 2599 14468 3393 2599 14469 3393 2606 14470 3403 2608 14471 3402 2601 14472 3394 2608 14473 3402 2610 14474 3406 2608 14475 3402 2601 14476 3394 2600 14477 3392 2598 14478 3389 2610 14479 3406 2602 14480 3398 2601 14481 3394 2610 14482 3406 2598 14483 3389 2629 14484 3425 2627 14485 3428 2631 14486 3429 2631 14487 3429 2627 14488 3428 2625 14489 3437 2633 14490 3439 2635 14491 3441 2634 14492 3438 2635 14493 3441 2633 14494 3439 2632 14495 3440 2633 14496 3439 2634 14497 3438 2637 14498 3442 2637 14499 3442 2636 14500 3443 2633 14501 3439 2636 14502 3446 2637 14503 3447 2639 14504 3444 2636 14505 3446 2639 14506 3444 2638 14507 3445 2638 14508 3445 2639 14509 3444 2641 14510 3448 2641 14511 3448 2640 14512 3449 2638 14513 3445 2632 14514 3440 2641 14515 3448 2635 14516 3441 2641 14517 3448 2632 14518 3440 2640 14519 3449 2642 14520 3451 2635 14521 3441 2643 14522 3450 2635 14523 3441 2642 14524 3451 2634 14525 3438 2634 14526 3438 2642 14527 3451 2644 14528 3452 2644 14529 3452 2637 14530 3442 2634 14531 3438 2637 14532 3447 2644 14533 3454 2645 14534 3453 2637 14535 3447 2645 14536 3453 2639 14537 3444 2639 14538 3444 2645 14539 3453 2646 14540 3455 2639 14541 3444 2646 14542 3455 2641 14543 3448 2635 14544 3441 2646 14545 3455 2643 14546 3450 2646 14547 3455 2635 14548 3441 2641 14549 3448 2649 14550 3457 2647 14551 3459 2650 14552 3456 2647 14553 3459 2649 14554 3457 2648 14555 3458 2648 14556 3458 2649 14557 3457 2652 14558 3460 2652 14559 3460 2651 14560 3461 2648 14561 3458 2651 14562 3464 2652 14563 3465 2654 14564 3462 2651 14565 3464 2654 14566 3462 2653 14567 3463 2653 14568 3463 2654 14569 3462 2656 14570 3466 2653 14571 3463 2656 14572 3466 2655 14573 3467 2647 14574 3459 2656 14575 3466 2650 14576 3456 2655 14577 3467 2656 14578 3466 2647 14579 3459 2659 14580 3469 2657 14581 3471 2660 14582 3468 2657 14583 3471 2659 14584 3469 2658 14585 3470 2658 14586 3470 2659 14587 3469 2662 14588 3472 2662 14589 3472 2661 14590 3473 2658 14591 3470 2661 14592 3476 2662 14593 3477 2664 14594 3474 2661 14595 3476 2664 14596 3474 2663 14597 3475 2663 14598 3475 2664 14599 3474 2666 14600 3478 2663 14601 3475 2666 14602 3478 2665 14603 3479 2657 14604 3471 2666 14605 3478 2660 14606 3468 2666 14607 3478 2657 14608 3471 2665 14609 3479 2667 14610 3482 2669 14611 3480 2668 14612 3481 2667 14613 3482 2670 14614 3483 2669 14615 3480 2672 14616 3484 2671 14617 3485 2669 14618 3480 2669 14619 3480 2671 14620 3485 2668 14621 3481 2671 14622 3488 2672 14623 3489 2674 14624 3486 2671 14625 3488 2674 14626 3486 2673 14627 3487 2673 14628 3487 2674 14629 3486 2676 14630 3490 2673 14631 3487 2676 14632 3490 2675 14633 3491 2676 14634 3490 2667 14635 3482 2675 14636 3491 2670 14637 3483 2667 14638 3482 2676 14639 3490 2659 14640 3469 2667 14641 3482 2668 14642 3481 2660 14643 3468 2667 14644 3482 2659 14645 3469 2671 14646 3485 2659 14647 3469 2668 14648 3481 2659 14649 3469 2671 14650 3485 2662 14651 3472 2673 14652 3487 2664 14653 3474 2662 14654 3477 2662 14655 3477 2671 14656 3488 2673 14657 3487 2675 14658 3491 2666 14659 3478 2664 14660 3474 2664 14661 3474 2673 14662 3487 2675 14663 3491 2660 14664 3468 2675 14665 3491 2667 14666 3482 2666 14667 3478 2675 14668 3491 2660 14669 3468 2658 14670 3470 2650 14671 3493 2657 14672 3471 2650 14673 3493 2658 14674 3470 2649 14675 3492 2661 14676 3473 2649 14677 3492 2658 14678 3470 2649 14679 3492 2661 14680 3473 2652 14681 3494 2652 14682 3495 2661 14683 3476 2663 14684 3475 2652 14685 3495 2663 14686 3475 2654 14687 3496 2665 14688 3479 2656 14689 3497 2654 14690 3496 2654 14691 3496 2663 14692 3475 2665 14693 3479 2650 14694 3493 2665 14695 3479 2657 14696 3471 2656 14697 3497 2665 14698 3479 2650 14699 3493 2648 14700 3458 2643 14701 3450 2647 14702 3459 2643 14703 3450 2648 14704 3458 2642 14705 3451 2651 14706 3461 2642 14707 3451 2648 14708 3458 2642 14709 3451 2651 14710 3461 2644 14711 3452 2644 14712 3454 2651 14713 3464 2653 14714 3463 2644 14715 3454 2653 14716 3463 2645 14717 3453 2655 14718 3467 2646 14719 3455 2645 14720 3453 2645 14721 3453 2653 14722 3463 2655 14723 3467 2643 14724 3450 2655 14725 3467 2647 14726 3459 2655 14727 3467 2643 14728 3450 2646 14729 3455 2670 14730 3498 2676 14731 3490 2672 14732 3489 2674 14733 3486 2672 14734 3489 2676 14735 3490 2680 14736 3502 2678 14737 3500 2677 14738 3501 2678 14739 3500 2680 14740 3502 2679 14741 3499 2678 14742 3500 2679 14743 3499 2682 14744 3503 2682 14745 3503 2681 14746 3504 2678 14747 3500 2681 14748 3504 2682 14749 3503 2684 14750 3505 2684 14751 3505 2683 14752 3506 2681 14753 3504 2683 14754 3506 2684 14755 3505 2686 14756 3507 2686 14757 3507 2685 14758 3508 2683 14759 3506 2686 14760 3510 2677 14761 3501 2685 14762 3509 2677 14763 3501 2686 14764 3510 2680 14765 3502 2687 14766 3512 2680 14767 3502 2688 14768 3511 2680 14769 3502 2687 14770 3512 2679 14771 3499 2679 14772 3499 2687 14773 3512 2689 14774 3513 2689 14775 3513 2682 14776 3503 2679 14777 3499 2682 14778 3503 2689 14779 3513 2690 14780 3514 2690 14781 3514 2684 14782 3505 2682 14783 3503 2684 14784 3505 2690 14785 3514 2691 14786 3515 2684 14787 3505 2691 14788 3515 2686 14789 3507 2680 14790 3502 2691 14791 3516 2688 14792 3511 2691 14793 3516 2680 14794 3502 2686 14795 3510 2694 14796 3518 2692 14797 3520 2695 14798 3517 2692 14799 3520 2694 14800 3518 2693 14801 3519 2693 14802 3519 2694 14803 3518 2697 14804 3521 2697 14805 3521 2696 14806 3522 2693 14807 3519 2696 14808 3522 2697 14809 3521 2699 14810 3523 2696 14811 3522 2699 14812 3523 2698 14813 3524 2698 14814 3524 2699 14815 3523 2701 14816 3525 2698 14817 3524 2701 14818 3525 2700 14819 3526 2692 14820 3520 2701 14821 3527 2695 14822 3517 2701 14823 3527 2692 14824 3520 2700 14825 3528 2704 14826 3530 2702 14827 3532 2705 14828 3529 2702 14829 3532 2704 14830 3530 2703 14831 3531 2703 14832 3531 2704 14833 3530 2707 14834 3533 2707 14835 3533 2706 14836 3534 2703 14837 3531 2706 14838 3534 2707 14839 3533 2709 14840 3535 2706 14841 3534 2709 14842 3535 2708 14843 3536 2708 14844 3536 2709 14845 3535 2711 14846 3537 2708 14847 3536 2711 14848 3537 2710 14849 3538 2702 14850 3532 2711 14851 3539 2705 14852 3529 2711 14853 3539 2702 14854 3532 2710 14855 3540 2712 14856 3543 2714 14857 3541 2713 14858 3542 2712 14859 3543 2715 14860 3544 2714 14861 3541 2717 14862 3545 2716 14863 3546 2714 14864 3547 2714 14865 3547 2716 14866 3546 2713 14867 3542 2716 14868 3546 2717 14869 3545 2719 14870 3548 2716 14871 3546 2719 14872 3548 2718 14873 3549 2718 14874 3549 2719 14875 3552 2721 14876 3550 2718 14877 3549 2721 14878 3550 2720 14879 3551 2721 14880 3550 2712 14881 3543 2720 14882 3554 2715 14883 3553 2712 14884 3543 2721 14885 3550 2704 14886 3530 2712 14887 3543 2713 14888 3542 2712 14889 3543 2704 14890 3530 2705 14891 3529 2716 14892 3546 2704 14893 3530 2713 14894 3542 2704 14895 3530 2716 14896 3546 2707 14897 3533 2718 14898 3549 2707 14899 3533 2716 14900 3546 2707 14901 3533 2718 14902 3549 2709 14903 3535 2720 14904 3551 2711 14905 3537 2709 14906 3535 2709 14907 3535 2718 14908 3549 2720 14909 3551 2705 14910 3529 2720 14911 3554 2712 14912 3543 2720 14913 3554 2705 14914 3529 2711 14915 3539 2703 14916 3531 2695 14917 3556 2702 14918 3532 2695 14919 3556 2703 14920 3531 2694 14921 3555 2706 14922 3534 2694 14923 3555 2703 14924 3531 2694 14925 3555 2706 14926 3534 2697 14927 3557 2708 14928 3536 2697 14929 3557 2706 14930 3534 2697 14931 3557 2708 14932 3536 2699 14933 3558 2710 14934 3538 2701 14935 3559 2699 14936 3558 2699 14937 3558 2708 14938 3536 2710 14939 3538 2702 14940 3532 2695 14941 3556 2710 14942 3540 2710 14943 3540 2695 14944 3556 2701 14945 3560 2693 14946 3519 2688 14947 3511 2692 14948 3520 2688 14949 3511 2693 14950 3519 2687 14951 3512 2696 14952 3522 2687 14953 3512 2693 14954 3519 2687 14955 3512 2696 14956 3522 2689 14957 3513 2698 14958 3524 2689 14959 3513 2696 14960 3522 2689 14961 3513 2698 14962 3524 2690 14963 3514 2700 14964 3526 2691 14965 3515 2690 14966 3514 2690 14967 3514 2698 14968 3524 2700 14969 3526 2688 14970 3511 2700 14971 3528 2692 14972 3520 2700 14973 3528 2688 14974 3511 2691 14975 3516 2715 14976 3553 2719 14977 3548 2717 14978 3545 2719 14979 3548 2715 14980 3553 2721 14981 3561 2722 14982 3564 2725 14983 3565 2724 14984 3562 2724 14985 3562 2723 14986 3563 2722 14987 3564 2723 14988 3563 2724 14989 3562 2727 14990 3566 2727 14991 3566 2726 14992 3567 2723 14993 3563 2726 14994 3567 2727 14995 3566 2729 14996 3568 2729 14997 3568 2728 14998 3569 2726 14999 3567 2728 15000 3572 2729 15001 3573 2731 15002 3570 2731 15003 3570 2730 15004 3571 2728 15005 3572 2731 15006 3570 2722 15007 3564 2730 15008 3571 2722 15009 3564 2731 15010 3570 2725 15011 3565 2732 15012 3575 2725 15013 3565 2733 15014 3574 2725 15015 3565 2732 15016 3575 2724 15017 3562 2724 15018 3562 2732 15019 3575 2734 15020 3576 2734 15021 3576 2727 15022 3566 2724 15023 3562 2727 15024 3566 2734 15025 3576 2735 15026 3577 2735 15027 3577 2729 15028 3568 2727 15029 3566 2729 15030 3573 2735 15031 3579 2736 15032 3578 2729 15033 3573 2736 15034 3578 2731 15035 3570 2725 15036 3565 2736 15037 3578 2733 15038 3574 2736 15039 3578 2725 15040 3565 2731 15041 3570 2739 15042 3581 2737 15043 3583 2740 15044 3580 2737 15045 3583 2739 15046 3581 2738 15047 3582 2738 15048 3582 2739 15049 3581 2742 15050 3584 2742 15051 3584 2741 15052 3585 2738 15053 3582 2741 15054 3585 2742 15055 3584 2744 15056 3586 2744 15057 3586 2743 15058 3587 2741 15059 3585 2743 15060 3590 2744 15061 3591 2746 15062 3588 2743 15063 3590 2746 15064 3588 2745 15065 3589 2737 15066 3583 2746 15067 3588 2740 15068 3580 2746 15069 3588 2737 15070 3583 2745 15071 3589 2749 15072 3593 2747 15073 3595 2750 15074 3592 2747 15075 3595 2749 15076 3593 2748 15077 3594 2748 15078 3594 2749 15079 3593 2752 15080 3596 2752 15081 3596 2751 15082 3597 2748 15083 3594 2751 15084 3597 2752 15085 3596 2754 15086 3598 2754 15087 3598 2753 15088 3599 2751 15089 3597 2753 15090 3602 2754 15091 3603 2756 15092 3600 2753 15093 3602 2756 15094 3600 2755 15095 3601 2747 15096 3595 2756 15097 3600 2750 15098 3592 2756 15099 3600 2747 15100 3595 2755 15101 3601 2757 15102 3606 2760 15103 3607 2759 15104 3604 2759 15105 3604 2758 15106 3605 2757 15107 3606 2762 15108 3608 2761 15109 3609 2759 15110 3610 2759 15111 3610 2761 15112 3609 2758 15113 3605 2761 15114 3609 2762 15115 3608 2764 15116 3611 2764 15117 3611 2763 15118 3612 2761 15119 3609 2763 15120 3615 2764 15121 3616 2766 15122 3613 2763 15123 3615 2766 15124 3613 2765 15125 3614 2760 15126 3617 2757 15127 3606 2766 15128 3613 2766 15129 3613 2757 15130 3606 2765 15131 3614 2758 15132 3605 2750 15133 3592 2757 15134 3606 2750 15135 3592 2758 15136 3605 2749 15137 3593 2761 15138 3609 2749 15139 3593 2758 15140 3605 2749 15141 3593 2761 15142 3609 2752 15143 3596 2763 15144 3612 2752 15145 3596 2761 15146 3609 2752 15147 3596 2763 15148 3612 2754 15149 3598 2765 15150 3614 2756 15151 3600 2754 15152 3603 2754 15153 3603 2763 15154 3615 2765 15155 3614 2757 15156 3606 2750 15157 3592 2765 15158 3614 2765 15159 3614 2750 15160 3592 2756 15161 3600 2748 15162 3594 2740 15163 3619 2747 15164 3595 2740 15165 3619 2748 15166 3594 2739 15167 3618 2751 15168 3597 2739 15169 3618 2748 15170 3594 2739 15171 3618 2751 15172 3597 2742 15173 3620 2753 15174 3599 2742 15175 3620 2751 15176 3597 2742 15177 3620 2753 15178 3599 2744 15179 3621 2755 15180 3601 2746 15181 3623 2744 15182 3622 2744 15183 3622 2753 15184 3602 2755 15185 3601 2747 15186 3595 2740 15187 3619 2755 15188 3601 2755 15189 3601 2740 15190 3619 2746 15191 3623 2738 15192 3582 2733 15193 3574 2737 15194 3583 2733 15195 3574 2738 15196 3582 2732 15197 3575 2741 15198 3585 2732 15199 3575 2738 15200 3582 2732 15201 3575 2741 15202 3585 2734 15203 3576 2743 15204 3587 2734 15205 3576 2741 15206 3585 2734 15207 3576 2743 15208 3587 2735 15209 3577 2745 15210 3589 2736 15211 3578 2735 15212 3579 2735 15213 3579 2743 15214 3590 2745 15215 3589 2737 15216 3583 2733 15217 3574 2745 15218 3589 2745 15219 3589 2733 15220 3574 2736 15221 3578 2760 15222 3617 2764 15223 3611 2762 15224 3608 2764 15225 3611 2760 15226 3617 2766 15227 3624 2767 15228 3627 2770 15229 3628 2769 15230 3625 2769 15231 3625 2768 15232 3626 2767 15233 3627 2768 15234 3626 2769 15235 3625 2772 15236 3629 2772 15237 3629 2771 15238 3630 2768 15239 3626 2771 15240 3633 2772 15241 3634 2774 15242 3631 2774 15243 3631 2773 15244 3632 2771 15245 3633 2773 15246 3632 2774 15247 3631 2776 15248 3635 2776 15249 3635 2775 15250 3636 2773 15251 3632 2776 15252 3635 2767 15253 3627 2775 15254 3636 2767 15255 3627 2776 15256 3635 2770 15257 3628 2777 15258 3638 2770 15259 3628 2778 15260 3637 2770 15261 3628 2777 15262 3638 2769 15263 3625 2769 15264 3625 2777 15265 3638 2779 15266 3639 2779 15267 3639 2772 15268 3629 2769 15269 3625 2779 15270 3641 2774 15271 3631 2772 15272 3634 2774 15273 3631 2779 15274 3641 2780 15275 3640 2774 15276 3631 2780 15277 3640 2781 15278 3642 2781 15279 3642 2776 15280 3635 2774 15281 3631 2770 15282 3628 2781 15283 3642 2778 15284 3637 2781 15285 3642 2770 15286 3628 2776 15287 3635 2784 15288 3644 2782 15289 3646 2785 15290 3643 2782 15291 3646 2784 15292 3644 2783 15293 3645 2783 15294 3645 2784 15295 3644 2787 15296 3647 2787 15297 3647 2786 15298 3648 2783 15299 3645 2786 15300 3651 2787 15301 3652 2789 15302 3649 2789 15303 3649 2788 15304 3650 2786 15305 3651 2788 15306 3650 2789 15307 3649 2791 15308 3653 2788 15309 3650 2791 15310 3653 2790 15311 3654 2782 15312 3646 2791 15313 3653 2785 15314 3643 2791 15315 3653 2782 15316 3646 2790 15317 3654 2794 15318 3656 2792 15319 3658 2795 15320 3655 2792 15321 3658 2794 15322 3656 2793 15323 3657 2793 15324 3657 2794 15325 3656 2797 15326 3659 2797 15327 3659 2796 15328 3660 2793 15329 3657 2796 15330 3663 2797 15331 3664 2799 15332 3661 2799 15333 3661 2798 15334 3662 2796 15335 3663 2798 15336 3662 2799 15337 3661 2801 15338 3665 2798 15339 3662 2801 15340 3665 2800 15341 3666 2795 15342 3655 2792 15343 3658 2801 15344 3665 2801 15345 3665 2792 15346 3658 2800 15347 3666 2802 15348 3669 2805 15349 3670 2804 15350 3667 2804 15351 3667 2803 15352 3668 2802 15353 3669 2807 15354 3671 2806 15355 3672 2804 15356 3667 2804 15357 3667 2806 15358 3672 2803 15359 3668 2806 15360 3675 2807 15361 3676 2809 15362 3673 2809 15363 3673 2808 15364 3674 2806 15365 3675 2808 15366 3674 2809 15367 3673 2811 15368 3677 2808 15369 3674 2811 15370 3677 2810 15371 3678 2805 15372 3670 2802 15373 3669 2811 15374 3677 2811 15375 3677 2802 15376 3669 2810 15377 3678 2803 15378 3668 2795 15379 3655 2802 15380 3669 2795 15381 3655 2803 15382 3668 2794 15383 3656 2806 15384 3672 2794 15385 3656 2803 15386 3668 2794 15387 3656 2806 15388 3672 2797 15389 3659 2808 15390 3674 2797 15391 3664 2806 15392 3675 2797 15393 3664 2808 15394 3674 2799 15395 3661 2810 15396 3678 2801 15397 3665 2799 15398 3661 2799 15399 3661 2808 15400 3674 2810 15401 3678 2802 15402 3669 2795 15403 3655 2810 15404 3678 2810 15405 3678 2795 15406 3655 2801 15407 3665 2793 15408 3657 2785 15409 3680 2792 15410 3658 2785 15411 3680 2793 15412 3657 2784 15413 3679 2796 15414 3660 2784 15415 3679 2793 15416 3657 2784 15417 3679 2796 15418 3660 2787 15419 3681 2796 15420 3663 2789 15421 3683 2787 15422 3682 2789 15423 3683 2796 15424 3663 2798 15425 3662 2800 15426 3666 2791 15427 3684 2789 15428 3683 2789 15429 3683 2798 15430 3662 2800 15431 3666 2792 15432 3658 2785 15433 3680 2800 15434 3666 2800 15435 3666 2785 15436 3680 2791 15437 3684 2783 15438 3645 2778 15439 3637 2782 15440 3646 2778 15441 3637 2783 15442 3645 2777 15443 3638 2786 15444 3648 2777 15445 3638 2783 15446 3645 2777 15447 3638 2786 15448 3648 2779 15449 3639 2788 15450 3650 2779 15451 3641 2786 15452 3651 2779 15453 3641 2788 15454 3650 2780 15455 3640 2790 15456 3654 2781 15457 3642 2780 15458 3640 2780 15459 3640 2788 15460 3650 2790 15461 3654 2782 15462 3646 2778 15463 3637 2790 15464 3654 2790 15465 3654 2778 15466 3637 2781 15467 3642 2805 15468 3685 2809 15469 3673 2807 15470 3676 2809 15471 3673 2805 15472 3685 2811 15473 3677 2812 15474 3688 2815 15475 3689 2814 15476 3686 2814 15477 3686 2813 15478 3687 2812 15479 3688 2813 15480 3687 2814 15481 3686 2817 15482 3690 2817 15483 3690 2816 15484 3691 2813 15485 3687 2817 15486 3695 2818 15487 3693 2816 15488 3694 2818 15489 3693 2817 15490 3695 2819 15491 3692 2818 15492 3693 2819 15493 3692 2821 15494 3696 2821 15495 3696 2820 15496 3697 2818 15497 3693 2821 15498 3696 2812 15499 3688 2820 15500 3697 2812 15501 3688 2821 15502 3696 2815 15503 3689 2822 15504 3699 2815 15505 3689 2823 15506 3698 2815 15507 3689 2822 15508 3699 2814 15509 3686 2814 15510 3686 2822 15511 3699 2824 15512 3700 2824 15513 3700 2817 15514 3690 2814 15515 3686 2824 15516 3702 2819 15517 3692 2817 15518 3695 2819 15519 3692 2824 15520 3702 2825 15521 3701 2819 15522 3692 2825 15523 3701 2826 15524 3703 2826 15525 3703 2821 15526 3696 2819 15527 3692 2823 15528 3698 2815 15529 3689 2826 15530 3703 2826 15531 3703 2815 15532 3689 2821 15533 3696 2829 15534 3705 2827 15535 3707 2830 15536 3704 2827 15537 3707 2829 15538 3705 2828 15539 3706 2828 15540 3706 2829 15541 3705 2832 15542 3708 2832 15543 3708 2831 15544 3709 2828 15545 3706 2832 15546 3713 2833 15547 3711 2831 15548 3712 2833 15549 3711 2832 15550 3713 2834 15551 3710 2833 15552 3711 2834 15553 3710 2836 15554 3714 2836 15555 3714 2835 15556 3715 2833 15557 3711 2830 15558 3704 2835 15559 3715 2836 15560 3714 2835 15561 3715 2830 15562 3704 2827 15563 3707 2837 15564 3719 2840 15565 3716 2839 15566 3717 2839 15567 3717 2838 15568 3718 2837 15569 3719 2842 15570 3720 2841 15571 3721 2839 15572 3717 2839 15573 3717 2841 15574 3721 2838 15575 3718 2841 15576 3724 2842 15577 3725 2844 15578 3722 2844 15579 3722 2843 15580 3723 2841 15581 3724 2843 15582 3723 2844 15583 3722 2846 15584 3726 2846 15585 3726 2845 15586 3727 2843 15587 3723 2840 15588 3716 2837 15589 3719 2846 15590 3726 2846 15591 3726 2837 15592 3719 2845 15593 3727 2838 15594 3718 2830 15595 3704 2837 15596 3719 2830 15597 3704 2838 15598 3718 2829 15599 3705 2841 15600 3721 2832 15601 3708 2829 15602 3705 2841 15603 3721 2829 15604 3705 2838 15605 3718 2834 15606 3710 2841 15607 3724 2843 15608 3723 2841 15609 3724 2834 15610 3710 2832 15611 3713 2845 15612 3727 2836 15613 3714 2834 15614 3710 2845 15615 3727 2834 15616 3710 2843 15617 3723 2837 15618 3719 2836 15619 3714 2845 15620 3727 2836 15621 3714 2837 15622 3719 2830 15623 3704 2828 15624 3706 2823 15625 3729 2827 15626 3707 2823 15627 3729 2828 15628 3706 2822 15629 3728 2831 15630 3709 2824 15631 3730 2822 15632 3728 2831 15633 3709 2822 15634 3728 2828 15635 3706 2825 15636 3732 2831 15637 3712 2833 15638 3711 2831 15639 3712 2825 15640 3732 2824 15641 3731 2835 15642 3715 2826 15643 3733 2825 15644 3732 2825 15645 3732 2833 15646 3711 2835 15647 3715 2827 15648 3707 2823 15649 3729 2835 15650 3715 2835 15651 3715 2823 15652 3729 2826 15653 3733 2847 15654 3736 2850 15655 3737 2849 15656 3734 2847 15657 3736 2849 15658 3734 2848 15659 3735 2848 15660 3735 2849 15661 3734 2852 15662 3738 2852 15663 3738 2851 15664 3739 2848 15665 3735 2852 15666 3738 2853 15667 3741 2851 15668 3739 2853 15669 3741 2852 15670 3738 2854 15671 3740 2853 15672 3744 2856 15673 3742 2855 15674 3743 2856 15675 3742 2853 15676 3744 2854 15677 3745 2856 15678 3742 2847 15679 3736 2855 15680 3743 2847 15681 3736 2856 15682 3742 2850 15683 3737 2857 15684 3747 2850 15685 3737 2858 15686 3746 2850 15687 3737 2857 15688 3747 2849 15689 3734 2849 15690 3734 2857 15691 3747 2859 15692 3748 2859 15693 3748 2852 15694 3738 2849 15695 3734 2859 15696 3748 2854 15697 3740 2852 15698 3738 2854 15699 3740 2859 15700 3748 2860 15701 3749 2861 15702 3750 2856 15703 3742 2854 15704 3745 2861 15705 3750 2854 15706 3745 2860 15707 3751 2858 15708 3746 2850 15709 3737 2861 15710 3750 2856 15711 3742 2861 15712 3750 2850 15713 3737 2864 15714 3753 2862 15715 3755 2865 15716 3752 2862 15717 3755 2864 15718 3753 2863 15719 3754 2863 15720 3754 2864 15721 3753 2867 15722 3756 2867 15723 3756 2866 15724 3757 2863 15725 3754 2867 15726 3756 2868 15727 3759 2866 15728 3757 2868 15729 3759 2867 15730 3756 2869 15731 3758 2868 15732 3762 2871 15733 3760 2870 15734 3761 2871 15735 3760 2868 15736 3762 2869 15737 3763 2865 15738 3752 2870 15739 3761 2871 15740 3760 2870 15741 3761 2865 15742 3752 2862 15743 3755 2865 15744 3752 2873 15745 3764 2872 15746 3765 2865 15747 3752 2872 15748 3765 2864 15749 3753 2872 15750 3766 2867 15751 3756 2864 15752 3753 2874 15753 3767 2867 15754 3756 2872 15755 3766 2867 15756 3756 2874 15757 3767 2875 15758 3768 2867 15759 3756 2875 15760 3768 2869 15761 3758 2876 15762 3770 2871 15763 3760 2869 15764 3763 2876 15765 3770 2869 15766 3763 2875 15767 3769 2873 15768 3771 2865 15769 3752 2876 15770 3770 2876 15771 3770 2865 15772 3752 2871 15773 3760 2863 15774 3773 2858 15775 3746 2862 15776 3772 2858 15777 3746 2863 15778 3773 2857 15779 3747 2866 15780 3774 2859 15781 3748 2857 15782 3747 2866 15783 3774 2857 15784 3747 2863 15785 3773 2860 15786 3749 2866 15787 3774 2868 15788 3775 2866 15789 3774 2860 15790 3749 2859 15791 3748 2870 15792 3777 2861 15793 3750 2860 15794 3751 2870 15795 3777 2860 15796 3751 2868 15797 3776 2862 15798 3772 2858 15799 3746 2870 15800 3777 2861 15801 3750 2870 15802 3777 2858 15803 3746 2877 15804 3780 2880 15805 3781 2879 15806 3778 2877 15807 3780 2879 15808 3778 2878 15809 3779 2878 15810 3779 2882 15811 3782 2881 15812 3783 2882 15813 3782 2878 15814 3779 2879 15815 3778 2881 15816 3783 2884 15817 3784 2883 15818 3785 2884 15819 3784 2881 15820 3783 2882 15821 3782 2883 15822 3788 2886 15823 3786 2885 15824 3787 2886 15825 3786 2883 15826 3788 2884 15827 3789 2886 15828 3786 2877 15829 3780 2885 15830 3787 2877 15831 3780 2886 15832 3786 2880 15833 3781 2887 15834 3791 2880 15835 3781 2888 15836 3790 2880 15837 3781 2887 15838 3791 2879 15839 3778 2879 15840 3778 2889 15841 3792 2882 15842 3782 2889 15843 3792 2879 15844 3778 2887 15845 3791 2884 15846 3784 2889 15847 3792 2890 15848 3793 2889 15849 3792 2884 15850 3784 2882 15851 3782 2884 15852 3789 2891 15853 3794 2886 15854 3786 2891 15855 3794 2884 15856 3789 2890 15857 3795 2888 15858 3790 2880 15859 3781 2891 15860 3794 2886 15861 3786 2891 15862 3794 2880 15863 3781 2894 15864 3797 2892 15865 3799 2895 15866 3796 2892 15867 3799 2894 15868 3797 2893 15869 3798 2897 15870 3800 2896 15871 3801 2893 15872 3798 2897 15873 3800 2893 15874 3798 2894 15875 3797 2898 15876 3803 2897 15877 3800 2899 15878 3802 2897 15879 3800 2898 15880 3803 2896 15881 3801 2898 15882 3806 2901 15883 3804 2900 15884 3805 2901 15885 3804 2898 15886 3806 2899 15887 3807 2895 15888 3796 2892 15889 3799 2901 15890 3804 2900 15891 3805 2901 15892 3804 2892 15893 3799 2902 15894 3811 2905 15895 3808 2904 15896 3809 2904 15897 3809 2903 15898 3810 2902 15899 3811 2907 15900 3812 2906 15901 3813 2904 15902 3814 2904 15903 3814 2906 15904 3813 2903 15905 3810 2906 15906 3813 2907 15907 3812 2909 15908 3815 2909 15909 3815 2908 15910 3816 2906 15911 3813 2908 15912 3819 2909 15913 3820 2911 15914 3817 2911 15915 3817 2910 15916 3818 2908 15917 3819 2905 15918 3821 2902 15919 3811 2911 15920 3817 2911 15921 3817 2902 15922 3811 2910 15923 3818 2903 15924 3810 2895 15925 3796 2902 15926 3811 2895 15927 3796 2903 15928 3810 2894 15929 3797 2906 15930 3813 2897 15931 3800 2894 15932 3797 2906 15933 3813 2894 15934 3797 2903 15935 3810 2899 15936 3802 2906 15937 3813 2908 15938 3816 2906 15939 3813 2899 15940 3802 2897 15941 3800 2910 15942 3818 2901 15943 3804 2899 15944 3807 2910 15945 3818 2899 15946 3807 2908 15947 3819 2902 15948 3811 2901 15949 3804 2910 15950 3818 2901 15951 3804 2902 15952 3811 2895 15953 3796 2893 15954 3823 2888 15955 3790 2892 15956 3822 2888 15957 3790 2893 15958 3823 2887 15959 3791 2896 15960 3824 2889 15961 3792 2887 15962 3791 2887 15963 3791 2893 15964 3823 2896 15965 3824 2890 15966 3793 2896 15967 3824 2898 15968 3825 2896 15969 3824 2890 15970 3793 2889 15971 3792 2900 15972 3827 2891 15973 3794 2890 15974 3795 2890 15975 3795 2898 15976 3826 2900 15977 3827 2892 15978 3822 2888 15979 3790 2900 15980 3827 2891 15981 3794 2900 15982 3827 2888 15983 3790 2913 15984 3829 2915 15985 3831 2914 15986 3828 2915 15987 3831 2913 15988 3829 2912 15989 3830 2917 15990 3832 2913 15991 3829 2914 15992 3828 2913 15993 3829 2917 15994 3832 2916 15995 3833 2919 15996 3834 2916 15997 3833 2917 15998 3832 2916 15999 3833 2919 16000 3834 2918 16001 3835 2921 16002 3836 2918 16003 3838 2919 16004 3839 2918 16005 3838 2921 16006 3836 2920 16007 3837 2912 16008 3830 2921 16009 3836 2915 16010 3831 2921 16011 3836 2912 16012 3830 2920 16013 3837 2915 16014 3831 2923 16015 3840 2914 16016 3828 2914 16017 3828 2923 16018 3840 2922 16019 3841 2924 16020 3842 2914 16021 3828 2922 16022 3841 2914 16023 3828 2924 16024 3842 2917 16025 3832 2925 16026 3843 2917 16027 3832 2924 16028 3842 2917 16029 3832 2925 16030 3843 2919 16031 3834 2926 16032 3844 2919 16033 3839 2925 16034 3845 2919 16035 3839 2926 16036 3844 2921 16037 3836 2921 16038 3836 2926 16039 3844 2915 16040 3831 2915 16041 3831 2926 16042 3844 2923 16043 3840 2929 16044 3847 2927 16045 3849 2930 16046 3846 2927 16047 3849 2929 16048 3847 2928 16049 3848 2928 16050 3848 2932 16051 3850 2931 16052 3851 2932 16053 3850 2928 16054 3848 2929 16055 3847 2933 16056 3853 2932 16057 3850 2934 16058 3852 2932 16059 3850 2933 16060 3853 2931 16061 3851 2933 16062 3856 2936 16063 3854 2935 16064 3855 2936 16065 3854 2933 16066 3856 2934 16067 3857 2930 16068 3846 2935 16069 3855 2936 16070 3854 2935 16071 3855 2930 16072 3846 2927 16073 3849 2930 16074 3846 2938 16075 3858 2937 16076 3859 2930 16077 3846 2937 16078 3859 2929 16079 3847 2937 16080 3860 2932 16081 3850 2929 16082 3847 2939 16083 3861 2932 16084 3850 2937 16085 3860 2940 16086 3862 2934 16087 3852 2932 16088 3850 2932 16089 3850 2939 16090 3861 2940 16091 3862 2941 16092 3864 2936 16093 3854 2934 16094 3857 2934 16095 3857 2940 16096 3863 2941 16097 3864 2938 16098 3865 2930 16099 3846 2941 16100 3864 2936 16101 3854 2941 16102 3864 2930 16103 3846 2923 16104 3840 2928 16105 3867 2922 16106 3841 2928 16107 3867 2923 16108 3840 2927 16109 3866 2924 16110 3842 2928 16111 3867 2931 16112 3868 2928 16113 3867 2924 16114 3842 2922 16115 3841 2925 16116 3843 2931 16117 3868 2933 16118 3869 2931 16119 3868 2925 16120 3843 2924 16121 3842 2926 16122 3844 2933 16123 3870 2935 16124 3871 2933 16125 3870 2926 16126 3844 2925 16127 3845 2927 16128 3866 2926 16129 3844 2935 16130 3871 2926 16131 3844 2927 16132 3866 2923 16133 3840 2943 16134 3873 2945 16135 3875 2944 16136 3872 2945 16137 3875 2943 16138 3873 2942 16139 3874 2947 16140 3876 2943 16141 3873 2944 16142 3872 2943 16143 3873 2947 16144 3876 2946 16145 3877 2949 16146 3878 2946 16147 3877 2947 16148 3876 2946 16149 3877 2949 16150 3878 2948 16151 3879 2951 16152 3880 2948 16153 3882 2949 16154 3883 2948 16155 3882 2951 16156 3880 2950 16157 3881 2942 16158 3874 2951 16159 3880 2945 16160 3875 2951 16161 3880 2942 16162 3874 2950 16163 3881 2945 16164 3875 2953 16165 3884 2944 16166 3872 2944 16167 3872 2953 16168 3884 2952 16169 3885 2954 16170 3886 2944 16171 3872 2952 16172 3885 2944 16173 3872 2954 16174 3886 2947 16175 3876 2955 16176 3887 2947 16177 3876 2954 16178 3886 2947 16179 3876 2955 16180 3887 2949 16181 3878 2956 16182 3888 2949 16183 3883 2955 16184 3889 2949 16185 3883 2956 16186 3888 2951 16187 3880 2951 16188 3880 2956 16189 3888 2945 16190 3875 2945 16191 3875 2956 16192 3888 2953 16193 3884 2957 16194 3893 2960 16195 3890 2959 16196 3891 2957 16197 3893 2959 16198 3891 2958 16199 3892 2959 16200 3896 2961 16201 3895 2958 16202 3892 2962 16203 3894 2961 16204 3895 2959 16205 3896 2961 16206 3895 2964 16207 3897 2963 16208 3898 2961 16209 3895 2962 16210 3894 2964 16211 3897 2963 16212 3901 2966 16213 3899 2965 16214 3900 2966 16215 3899 2963 16216 3901 2964 16217 3902 2960 16218 3903 2957 16219 3893 2966 16220 3899 2965 16221 3900 2966 16222 3899 2957 16223 3893 2953 16224 3905 2957 16225 3893 2952 16226 3904 2952 16227 3904 2957 16228 3893 2958 16229 3892 2961 16230 3895 2954 16231 3906 2952 16232 3904 2952 16233 3904 2958 16234 3892 2961 16235 3895 2963 16236 3898 2955 16237 3907 2954 16238 3906 2954 16239 3906 2961 16240 3895 2963 16241 3898 2965 16242 3900 2956 16243 3909 2955 16244 3908 2955 16245 3908 2963 16246 3901 2965 16247 3900 2956 16248 3909 2965 16249 3900 2953 16250 3905 2953 16251 3905 2965 16252 3900 2957 16253 3893 2840 16254 3910 2844 16255 3722 2842 16256 3725 2844 16257 3722 2840 16258 3910 2846 16259 3726 2873 16260 3771 2875 16261 3768 2874 16262 3767 2875 16263 3768 2873 16264 3771 2876 16265 3911 2905 16266 3821 2909 16267 3815 2907 16268 3812 2909 16269 3815 2905 16270 3821 2911 16271 3912 2320 16272 3007 2319 16273 3005 2318 16274 3009 2320 16275 3007 2318 16276 3009 2321 16277 3913 2938 16278 3865 2940 16279 3863 2939 16280 3861 2940 16281 3863 2938 16282 3865 2941 16283 3914 2964 16284 3902 2960 16285 3903 2966 16286 3915 2960 16287 3903 2964 16288 3902 2962 16289 3894 1888 16290 2520 1511 16291 3916 1887 16292 2519 1511 16293 3916 1888 16294 2520 1510 16295 3917 1662 16296 2153 1668 16297 2160 1663 16298 2155 107 16299 2154 1668 16300 2160 1662 16301 2153 1532 16302 1997 1498 16303 3919 2967 16304 3918 1498 16305 3919 1532 16306 1997 1529 16307 1996 1543 16308 2008 2967 16309 3918 2968 16310 3920 2967 16311 3918 1543 16312 2008 1532 16313 1997 1543 16314 2008 1706 16315 2220 1551 16316 2017 1706 16317 2220 1543 16318 2008 2968 16319 3920 1701 16320 2212 2969 16321 3922 1497 16322 3921 1701 16323 2212 1694 16324 2203 2969 16325 3922 1497 16326 3921 1529 16327 1996 1701 16328 2212 1529 16329 1996 1497 16330 3921 1498 16331 3919 1503 16332 3924 1884 16333 2516 2970 16334 3923 1884 16335 2516 1885 16336 2517 2970 16337 3923 1884 16338 2516 1504 16339 3925 1886 16340 2518 1504 16341 3925 1884 16342 2516 1503 16343 3924 1886 16344 2518 1710 16345 2221 1707 16346 2224 1710 16347 2221 1886 16348 2518 1504 16349 3925 1726 16350 2504 1889 16351 2523 1876 16352 2505 1876 16353 2505 1889 16354 2523 1507 16355 3926 1876 16356 2505 1507 16357 3926 1727 16358 2248 1727 16359 2248 1507 16360 3926 1509 16361 2249 1499 16362 2233 1885 16363 3927 1716 16364 2234 1885 16365 3927 1499 16366 2233 2970 16367 3928 1510 16368 3917 1888 16369 2520 1725 16370 2246 1888 16371 2520 1724 16372 2245 1725 16373 2246 1621 16374 146 1623 16375 3929 78 16376 145 78 16377 145 1623 16378 3929 1636 16379 3930 145 16380 245 1699 16381 252 151 16382 244 62 16383 503 63 16384 129 352 16385 126 67 16386 118 60 16387 121 350 16388 123 186 16389 310 182 16390 301 353 16391 303 357 16392 131 70 16393 127 63 16394 129 185 16395 308 181 16396 298 358 16397 300 362 16398 128 69 16399 125 352 16400 126 1636 16401 3930 1861 16402 515 381 16403 514 356 16404 144 77 16405 143 380 16406 517 381 16407 514 78 16408 145 1636 16409 3930 419 16410 685 420 16411 564 421 16412 567 419 16413 685 421 16414 567 422 16415 569 419 16416 685 422 16417 569 423 16418 571 419 16419 685 423 16420 571 424 16421 573 419 16422 685 424 16423 573 425 16424 575 419 16425 685 425 16426 575 426 16427 577 419 16428 685 426 16429 577 427 16430 579 419 16431 685 427 16432 579 428 16433 581 419 16434 685 428 16435 581 429 16436 583 419 16437 685 429 16438 583 430 16439 585 419 16440 685 430 16441 585 431 16442 587 419 16443 685 431 16444 587 432 16445 589 419 16446 685 432 16447 589 433 16448 591 419 16449 685 433 16450 591 434 16451 593 419 16452 685 434 16453 593 435 16454 595 419 16455 685 435 16456 595 436 16457 597 539 16458 694 523 16459 667 522 16460 666 539 16461 694 524 16462 668 523 16463 667 539 16464 694 525 16465 669 524 16466 668 539 16467 694 526 16468 670 525 16469 669 539 16470 694 527 16471 671 526 16472 670 539 16473 694 528 16474 672 527 16475 671 539 16476 694 529 16477 673 528 16478 672 539 16479 694 530 16480 674 529 16481 673 539 16482 694 531 16483 675 530 16484 674 539 16485 694 532 16486 676 531 16487 675 539 16488 694 533 16489 677 532 16490 676 539 16491 694 534 16492 678 533 16493 677 539 16494 694 535 16495 679 534 16496 678 539 16497 694 536 16498 680 535 16499 679 539 16500 694 537 16501 681 536 16502 680 539 16503 694 538 16504 682 537 16505 681 574 16506 3931 577 16507 724 572 16508 723 576 16509 728 573 16510 727 580 16511 756 739 16512 911 734 16513 904 766 16514 938 780 16515 952 781 16516 953 802 16517 981 886 16518 3932 887 16519 1120 890 16520 1123 941 16521 1197 942 16522 3933 945 16523 1196 996 16524 1271 997 16525 3934 1000 16526 1270 1051 16527 1345 1052 16528 3935 1055 16529 1344 1097 16530 1394 1098 16531 1398 1096 16532 1395 1142 16533 1455 1143 16534 1459 1141 16535 1456 1187 16536 1516 1188 16537 1520 1186 16538 3936 1232 16539 1579 1233 16540 1583 1231 16541 1580 1277 16542 1645 1278 16543 1649 1276 16544 1641 1322 16545 1704 1323 16546 1708 1321 16547 3937 1362 16548 1758 1363 16549 1759 1361 16550 1755 1392 16551 1804 1393 16552 1805 1391 16553 1803 1427 16554 1848 1428 16555 1849 1426 16556 3938 837 16557 1043 838 16558 1044 836 16559 3939 1457 16560 1896 1458 16561 1897 1456 16562 3940 1487 16563 1930 1488 16564 1931 1486 16565 3941 140 16566 236 146 16567 235 2969 16568 1959 1621 16569 2112 1622 16570 2111 1623 16571 3942 1622 16572 2111 1636 16573 3943 1623 16574 3942 145 16575 2211 1698 16576 2210 1699 16577 2219 1595 16578 2463 1606 16579 2092 1597 16580 2094 1602 16581 2084 1603 16582 2090 1591 16583 2085 1752 16584 2276 1748 16585 2271 1743 16586 2267 1611 16587 2098 1597 16588 2094 1608 16589 2093 1750 16590 2274 1744 16591 2266 1741 16592 2264 1609 16593 2095 1606 16594 2092 1607 16595 2091 1636 16596 3943 1862 16597 2475 1861 16598 2474 1620 16599 2110 1864 16600 2477 1619 16601 2109 1862 16602 2475 1636 16603 3943 1622 16604 2111 1890 16605 2644 1892 16606 2525 1891 16607 2524 1890 16608 2644 1893 16609 2528 1892 16610 2525 1890 16611 2644 1894 16612 2530 1893 16613 2528 1890 16614 2644 1895 16615 2532 1894 16616 2530 1890 16617 2644 1896 16618 2534 1895 16619 2532 1890 16620 2644 1897 16621 2536 1896 16622 2534 1890 16623 2644 1898 16624 2538 1897 16625 2536 1890 16626 2644 1899 16627 2540 1898 16628 2538 1890 16629 2644 1900 16630 2542 1899 16631 2540 1890 16632 2644 1901 16633 2544 1900 16634 2542 1890 16635 2644 1902 16636 2546 1901 16637 2544 1890 16638 2644 1903 16639 2548 1902 16640 2546 1890 16641 2644 1904 16642 2550 1903 16643 2548 1890 16644 2644 1905 16645 2552 1904 16646 2550 1890 16647 2644 1906 16648 2554 1905 16649 2552 1890 16650 2644 1907 16651 2556 1906 16652 2554 2010 16653 2654 1993 16654 2627 1994 16655 2626 2010 16656 2654 1994 16657 2626 1995 16658 2628 2010 16659 2654 1995 16660 2628 1996 16661 2629 2010 16662 2654 1996 16663 2629 1997 16664 2630 2010 16665 2654 1997 16666 2630 1998 16667 2631 2010 16668 2654 1998 16669 2631 1999 16670 2632 2010 16671 2654 1999 16672 2632 2000 16673 2633 2010 16674 2654 2000 16675 2633 2001 16676 2634 2010 16677 2654 2001 16678 2634 2002 16679 2635 2010 16680 2654 2002 16681 2635 2003 16682 2636 2010 16683 2654 2003 16684 2636 2004 16685 2637 2010 16686 2654 2004 16687 2637 2005 16688 2638 2010 16689 2654 2005 16690 2638 2006 16691 2639 2010 16692 2654 2006 16693 2639 2007 16694 2640 2010 16695 2654 2007 16696 2640 2008 16697 2641 2010 16698 2654 2008 16699 2641 2009 16700 2642 2046 16701 2680 2043 16702 2679 2047 16703 3944 2051 16704 2686 2055 16705 2690 2050 16706 2687 2212 16707 2871 2238 16708 2898 2206 16709 2864 2252 16710 2912 2275 16711 2941 2253 16712 2913 2332 16713 3080 2336 16714 3945 2333 16715 3081 2387 16716 3155 2391 16717 3156 2388 16718 3154 2442 16719 3946 2446 16720 3947 2443 16721 3228 2497 16722 3948 2501 16723 3308 2498 16724 3306 2579 16725 3358 2580 16726 3361 2582 16727 3362 2624 16728 3419 2625 16729 3422 2627 16730 3423 2669 16731 3480 2670 16732 3483 2672 16733 3484 2714 16734 3547 2715 16735 3544 2717 16736 3949 2759 16737 3610 2760 16738 3607 2762 16739 3950 2804 16740 3667 2805 16741 3670 2807 16742 3671 2839 16743 3717 2840 16744 3716 2842 16745 3720 2872 16746 3766 2873 16747 3764 2874 16748 3951 2904 16749 3814 2905 16750 3808 2907 16751 3952 2317 16752 3004 2318 16753 3002 2319 16754 3953 2937 16755 3860 2938 16756 3858 2939 16757 3954 2959 16758 3896 2960 16759 3890 2962 16760 3955 140 16761 2202 2969 16762 3922 1694 16763 2203</p>
        </triangles>
      </mesh>
    </geometry>
  </library_geometries>
  <library_visual_scenes>
    <visual_scene id="Lionfish" name="Lionfish">
      <node name="Lionfish" id="Lionfish" sid="Lionfish">
        <matrix sid="matrix">0.126774 0.000000 0.000000 0.000000 0.000000 0.126774 0.000000 0.000000 0.000000 0.000000 0.126774 0.000000 0.000000 0.000000 0.000000 1.000000</matrix>
        <instance_geometry url="#Lionfish-lib">
          <bind_material>
            <technique_common>
              <instance_material symbol="Lionfish_ncl1_1" target="#Lionfish_ncl1_1"/>
            </technique_common>
          </bind_material>
        </instance_geometry>
        <extra>
          <technique profile="FCOLLADA">
            <visibility>1.000000</visibility>
          </technique>
        </extra>
      </node>
      <extra>
        <technique profile="MAX3D">
          <frame_rate>30.000000</frame_rate>
        </technique>
        <technique profile="FCOLLADA">
          <start_time>0.000000</start_time>
          <end_time>3.333333</end_time>
        </technique>
      </extra>
    </visual_scene>
  </library_visual_scenes>
  <scene>
    <instance_visual_scene url="#Lionfish"/>
  </scene>
</COLLADA>
