-- Install configuration: ""
-- Up-to-date: /home/jo-jo/ros2_ws/install/my_robot_bringup/share/my_robot_bringup//launch
-- Installing: /home/jo-jo/ros2_ws/install/my_robot_bringup/share/my_robot_bringup//launch/two_robots_waterworld_ns.launch.xml
-- Installing: /home/jo-jo/ros2_ws/install/my_robot_bringup/share/my_robot_bringup//launch/my_robot_gazebo.launch.xml
-- Installing: /home/jo-jo/ros2_ws/install/my_robot_bringup/share/my_robot_bringup//launch/two_robots_waterworld_xacro.launch.py
-- Installing: /home/jo-jo/ros2_ws/install/my_robot_bringup/share/my_robot_bringup//launch/test_gazebo.launch.xml
-- Installing: /home/jo-jo/ros2_ws/install/my_robot_bringup/share/my_robot_bringup//launch/emiliobot_gazebo.launch.xml
-- Installing: /home/jo-jo/ros2_ws/install/my_robot_bringup/share/my_robot_bringup//launch/my_robot_gazebo_simple_test.launch.xml
-- Up-to-date: /home/jo-jo/ros2_ws/install/my_robot_bringup/share/my_robot_bringup//config
-- Installing: /home/jo-jo/ros2_ws/install/my_robot_bringup/share/my_robot_bringup//config/gazebo_bridge.yaml
-- Up-to-date: /home/jo-jo/ros2_ws/install/my_robot_bringup/share/my_robot_bringup//worlds
-- Up-to-date: /home/jo-jo/ros2_ws/install/my_robot_bringup/share/my_robot_bringup//worlds/eddie_world.sdf
-- Up-to-date: /home/jo-jo/ros2_ws/install/my_robot_bringup/share/my_robot_bringup//worlds/waterworld_easy.sdf
-- Up-to-date: /home/jo-jo/ros2_ws/install/my_robot_bringup/share/my_robot_bringup//worlds/waterworld.sdf
-- Up-to-date: /home/jo-jo/ros2_ws/install/my_robot_bringup/share/my_robot_bringup//worlds/potatoland.sdf
-- Installing: /home/jo-jo/ros2_ws/install/my_robot_bringup/share/my_robot_bringup//worlds/simple_test
-- Up-to-date: /home/jo-jo/ros2_ws/install/my_robot_bringup/share/my_robot_bringup//models
-- Up-to-date: /home/jo-jo/ros2_ws/install/my_robot_bringup/share/my_robot_bringup//models/NASA_PRESERVERANCE_SENSOR_CONFIG_1
-- Up-to-date: /home/jo-jo/ros2_ws/install/my_robot_bringup/share/my_robot_bringup//models/NASA_PRESERVERANCE_SENSOR_CONFIG_1/resources
-- Installing: /home/jo-jo/ros2_ws/install/my_robot_bringup/share/my_robot_bringup//models/NASA_PRESERVERANCE_SENSOR_CONFIG_1/resources/mars_2020_07_BLACKOUT.jpg
-- Installing: /home/jo-jo/ros2_ws/install/my_robot_bringup/share/my_robot_bringup//models/NASA_PRESERVERANCE_SENSOR_CONFIG_1/resources/nameplate.jpg
-- Installing: /home/jo-jo/ros2_ws/install/my_robot_bringup/share/my_robot_bringup//models/NASA_PRESERVERANCE_SENSOR_CONFIG_1/resources/mars_2020_01.jpg
-- Installing: /home/jo-jo/ros2_ws/install/my_robot_bringup/share/my_robot_bringup//models/NASA_PRESERVERANCE_SENSOR_CONFIG_1/resources/mars_2020_02.jpg
-- Installing: /home/jo-jo/ros2_ws/install/my_robot_bringup/share/my_robot_bringup//models/NASA_PRESERVERANCE_SENSOR_CONFIG_1/resources/perseverance.dae
-- Installing: /home/jo-jo/ros2_ws/install/my_robot_bringup/share/my_robot_bringup//models/NASA_PRESERVERANCE_SENSOR_CONFIG_1/resources/blade.jpg
-- Installing: /home/jo-jo/ros2_ws/install/my_robot_bringup/share/my_robot_bringup//models/NASA_PRESERVERANCE_SENSOR_CONFIG_1/resources/glass.png
-- Installing: /home/jo-jo/ros2_ws/install/my_robot_bringup/share/my_robot_bringup//models/NASA_PRESERVERANCE_SENSOR_CONFIG_1/resources/mars_2020_04.jpg
-- Installing: /home/jo-jo/ros2_ws/install/my_robot_bringup/share/my_robot_bringup//models/NASA_PRESERVERANCE_SENSOR_CONFIG_1/resources/mars_2020_05.jpg
-- Installing: /home/jo-jo/ros2_ws/install/my_robot_bringup/share/my_robot_bringup//models/NASA_PRESERVERANCE_SENSOR_CONFIG_1/resources/arm_graphics.jpg
-- Installing: /home/jo-jo/ros2_ws/install/my_robot_bringup/share/my_robot_bringup//models/NASA_PRESERVERANCE_SENSOR_CONFIG_1/resources/clear.png
-- Installing: /home/jo-jo/ros2_ws/install/my_robot_bringup/share/my_robot_bringup//models/NASA_PRESERVERANCE_SENSOR_CONFIG_1/resources/cvoidPlaque.jpg
-- Installing: /home/jo-jo/ros2_ws/install/my_robot_bringup/share/my_robot_bringup//models/NASA_PRESERVERANCE_SENSOR_CONFIG_1/resources/sample_handling_door.jpg
-- Installing: /home/jo-jo/ros2_ws/install/my_robot_bringup/share/my_robot_bringup//models/NASA_PRESERVERANCE_SENSOR_CONFIG_1/resources/mars_2020_06.jpg
-- Installing: /home/jo-jo/ros2_ws/install/my_robot_bringup/share/my_robot_bringup//models/NASA_PRESERVERANCE_SENSOR_CONFIG_1/resources/mars_2020_hub.jpg
-- Installing: /home/jo-jo/ros2_ws/install/my_robot_bringup/share/my_robot_bringup//models/NASA_PRESERVERANCE_SENSOR_CONFIG_1/resources/mars_2020_03.jpg
-- Installing: /home/jo-jo/ros2_ws/install/my_robot_bringup/share/my_robot_bringup//models/NASA_PRESERVERANCE_SENSOR_CONFIG_1/model.sdf
-- Up-to-date: /home/jo-jo/ros2_ws/install/my_robot_bringup/share/my_robot_bringup//models/NASA_PRESERVERANCE_SENSOR_CONFIG_1/thumbnails
-- Installing: /home/jo-jo/ros2_ws/install/my_robot_bringup/share/my_robot_bringup//models/NASA_PRESERVERANCE_SENSOR_CONFIG_1/thumbnails/1.png
-- Installing: /home/jo-jo/ros2_ws/install/my_robot_bringup/share/my_robot_bringup//models/NASA_PRESERVERANCE_SENSOR_CONFIG_1/model.config
-- Up-to-date: /home/jo-jo/ros2_ws/install/my_robot_bringup/share/my_robot_bringup//models/Animal_Planet_Foam_2Headed_Dragon
-- Up-to-date: /home/jo-jo/ros2_ws/install/my_robot_bringup/share/my_robot_bringup//models/Animal_Planet_Foam_2Headed_Dragon/meshes
-- Installing: /home/jo-jo/ros2_ws/install/my_robot_bringup/share/my_robot_bringup//models/Animal_Planet_Foam_2Headed_Dragon/meshes/model.obj
-- Installing: /home/jo-jo/ros2_ws/install/my_robot_bringup/share/my_robot_bringup//models/Animal_Planet_Foam_2Headed_Dragon/meshes/model.mtl
-- Installing: /home/jo-jo/ros2_ws/install/my_robot_bringup/share/my_robot_bringup//models/Animal_Planet_Foam_2Headed_Dragon/metadata.pbtxt
-- Installing: /home/jo-jo/ros2_ws/install/my_robot_bringup/share/my_robot_bringup//models/Animal_Planet_Foam_2Headed_Dragon/model.sdf
-- Up-to-date: /home/jo-jo/ros2_ws/install/my_robot_bringup/share/my_robot_bringup//models/Animal_Planet_Foam_2Headed_Dragon/thumbnails
-- Installing: /home/jo-jo/ros2_ws/install/my_robot_bringup/share/my_robot_bringup//models/Animal_Planet_Foam_2Headed_Dragon/thumbnails/0.jpg
-- Installing: /home/jo-jo/ros2_ws/install/my_robot_bringup/share/my_robot_bringup//models/Animal_Planet_Foam_2Headed_Dragon/thumbnails/4.jpg
-- Installing: /home/jo-jo/ros2_ws/install/my_robot_bringup/share/my_robot_bringup//models/Animal_Planet_Foam_2Headed_Dragon/thumbnails/1.jpg
-- Installing: /home/jo-jo/ros2_ws/install/my_robot_bringup/share/my_robot_bringup//models/Animal_Planet_Foam_2Headed_Dragon/thumbnails/3.jpg
-- Installing: /home/jo-jo/ros2_ws/install/my_robot_bringup/share/my_robot_bringup//models/Animal_Planet_Foam_2Headed_Dragon/thumbnails/2.jpg
-- Up-to-date: /home/jo-jo/ros2_ws/install/my_robot_bringup/share/my_robot_bringup//models/Animal_Planet_Foam_2Headed_Dragon/materials
-- Up-to-date: /home/jo-jo/ros2_ws/install/my_robot_bringup/share/my_robot_bringup//models/Animal_Planet_Foam_2Headed_Dragon/materials/textures
-- Installing: /home/jo-jo/ros2_ws/install/my_robot_bringup/share/my_robot_bringup//models/Animal_Planet_Foam_2Headed_Dragon/materials/textures/dragon_texture.png
-- Installing: /home/jo-jo/ros2_ws/install/my_robot_bringup/share/my_robot_bringup//models/Animal_Planet_Foam_2Headed_Dragon/model.config
-- Up-to-date: /home/jo-jo/ros2_ws/install/my_robot_bringup/share/my_robot_bringup//models/Reflective table
-- Up-to-date: /home/jo-jo/ros2_ws/install/my_robot_bringup/share/my_robot_bringup//models/Reflective table/meshes
-- Installing: /home/jo-jo/ros2_ws/install/my_robot_bringup/share/my_robot_bringup//models/Reflective table/meshes/Table.dae
-- Installing: /home/jo-jo/ros2_ws/install/my_robot_bringup/share/my_robot_bringup//models/Reflective table/model.sdf
-- Up-to-date: /home/jo-jo/ros2_ws/install/my_robot_bringup/share/my_robot_bringup//models/Reflective table/thumbnails
-- Installing: /home/jo-jo/ros2_ws/install/my_robot_bringup/share/my_robot_bringup//models/Reflective table/thumbnails/0.png
-- Installing: /home/jo-jo/ros2_ws/install/my_robot_bringup/share/my_robot_bringup//models/Reflective table/thumbnails/6.png
-- Installing: /home/jo-jo/ros2_ws/install/my_robot_bringup/share/my_robot_bringup//models/Reflective table/thumbnails/5.png
-- Installing: /home/jo-jo/ros2_ws/install/my_robot_bringup/share/my_robot_bringup//models/Reflective table/thumbnails/4.png
-- Installing: /home/jo-jo/ros2_ws/install/my_robot_bringup/share/my_robot_bringup//models/Reflective table/thumbnails/1.png
-- Installing: /home/jo-jo/ros2_ws/install/my_robot_bringup/share/my_robot_bringup//models/Reflective table/thumbnails/2.png
-- Installing: /home/jo-jo/ros2_ws/install/my_robot_bringup/share/my_robot_bringup//models/Reflective table/thumbnails/3.png
-- Up-to-date: /home/jo-jo/ros2_ws/install/my_robot_bringup/share/my_robot_bringup//models/Reflective table/materials
-- Up-to-date: /home/jo-jo/ros2_ws/install/my_robot_bringup/share/my_robot_bringup//models/Reflective table/materials/textures
-- Installing: /home/jo-jo/ros2_ws/install/my_robot_bringup/share/my_robot_bringup//models/Reflective table/materials/textures/Table_Roughness.png
-- Installing: /home/jo-jo/ros2_ws/install/my_robot_bringup/share/my_robot_bringup//models/Reflective table/materials/textures/Table_Table_Normal.png
-- Installing: /home/jo-jo/ros2_ws/install/my_robot_bringup/share/my_robot_bringup//models/Reflective table/materials/textures/DepotEnvMap.dds
-- Installing: /home/jo-jo/ros2_ws/install/my_robot_bringup/share/my_robot_bringup//models/Reflective table/materials/textures/Table_Table_BaseColor.png
-- Installing: /home/jo-jo/ros2_ws/install/my_robot_bringup/share/my_robot_bringup//models/Reflective table/model.config
-- Up-to-date: /home/jo-jo/ros2_ws/install/my_robot_bringup/share/my_robot_bringup//models/Potted Meat Can
-- Installing: /home/jo-jo/ros2_ws/install/my_robot_bringup/share/my_robot_bringup//models/Potted Meat Can/textured.obj
-- Installing: /home/jo-jo/ros2_ws/install/my_robot_bringup/share/my_robot_bringup//models/Potted Meat Can/textured.dae
-- Installing: /home/jo-jo/ros2_ws/install/my_robot_bringup/share/my_robot_bringup//models/Potted Meat Can/model.sdf
-- Up-to-date: /home/jo-jo/ros2_ws/install/my_robot_bringup/share/my_robot_bringup//models/Potted Meat Can/thumbnails
-- Installing: /home/jo-jo/ros2_ws/install/my_robot_bringup/share/my_robot_bringup//models/Potted Meat Can/thumbnails/5.png
-- Installing: /home/jo-jo/ros2_ws/install/my_robot_bringup/share/my_robot_bringup//models/Potted Meat Can/thumbnails/4.png
-- Installing: /home/jo-jo/ros2_ws/install/my_robot_bringup/share/my_robot_bringup//models/Potted Meat Can/thumbnails/1.png
-- Installing: /home/jo-jo/ros2_ws/install/my_robot_bringup/share/my_robot_bringup//models/Potted Meat Can/thumbnails/2.png
-- Installing: /home/jo-jo/ros2_ws/install/my_robot_bringup/share/my_robot_bringup//models/Potted Meat Can/thumbnails/3.png
-- Installing: /home/jo-jo/ros2_ws/install/my_robot_bringup/share/my_robot_bringup//models/Potted Meat Can/texture_map.png
-- Installing: /home/jo-jo/ros2_ws/install/my_robot_bringup/share/my_robot_bringup//models/Potted Meat Can/textured.mtl
-- Installing: /home/jo-jo/ros2_ws/install/my_robot_bringup/share/my_robot_bringup//models/Potted Meat Can/model.config
-- Up-to-date: /home/jo-jo/ros2_ws/install/my_robot_bringup/share/my_robot_bringup//models/coast_waves_2
-- Up-to-date: /home/jo-jo/ros2_ws/install/my_robot_bringup/share/my_robot_bringup//models/coast_waves_2/meshes
-- Installing: /home/jo-jo/ros2_ws/install/my_robot_bringup/share/my_robot_bringup//models/coast_waves_2/meshes/waterlow.dae
-- Installing: /home/jo-jo/ros2_ws/install/my_robot_bringup/share/my_robot_bringup//models/coast_waves_2/model.sdf
-- Up-to-date: /home/jo-jo/ros2_ws/install/my_robot_bringup/share/my_robot_bringup//models/coast_waves_2/thumbnails
-- Installing: /home/jo-jo/ros2_ws/install/my_robot_bringup/share/my_robot_bringup//models/coast_waves_2/thumbnails/1.png
-- Up-to-date: /home/jo-jo/ros2_ws/install/my_robot_bringup/share/my_robot_bringup//models/coast_waves_2/materials
-- Up-to-date: /home/jo-jo/ros2_ws/install/my_robot_bringup/share/my_robot_bringup//models/coast_waves_2/materials/programs
-- Installing: /home/jo-jo/ros2_ws/install/my_robot_bringup/share/my_robot_bringup//models/coast_waves_2/materials/programs/GerstnerWaves_vs_330.glsl
-- Installing: /home/jo-jo/ros2_ws/install/my_robot_bringup/share/my_robot_bringup//models/coast_waves_2/materials/programs/GerstnerWaves_fs_330.glsl
-- Installing: /home/jo-jo/ros2_ws/install/my_robot_bringup/share/my_robot_bringup//models/coast_waves_2/materials/programs/GerstnerWaves_vs.metal
-- Installing: /home/jo-jo/ros2_ws/install/my_robot_bringup/share/my_robot_bringup//models/coast_waves_2/materials/programs/GerstnerWaves_fs.metal
-- Up-to-date: /home/jo-jo/ros2_ws/install/my_robot_bringup/share/my_robot_bringup//models/coast_waves_2/materials/textures
-- Installing: /home/jo-jo/ros2_ws/install/my_robot_bringup/share/my_robot_bringup//models/coast_waves_2/materials/textures/wave_normals.dds
-- Installing: /home/jo-jo/ros2_ws/install/my_robot_bringup/share/my_robot_bringup//models/coast_waves_2/materials/textures/skybox_lowres.dds
-- Installing: /home/jo-jo/ros2_ws/install/my_robot_bringup/share/my_robot_bringup//models/coast_waves_2/model.config
-- Up-to-date: /home/jo-jo/ros2_ws/install/my_robot_bringup/share/my_robot_bringup//models/water
-- Installing: /home/jo-jo/ros2_ws/install/my_robot_bringup/share/my_robot_bringup//models/water/enclosure.sdf
-- Installing: /home/jo-jo/ros2_ws/install/my_robot_bringup/share/my_robot_bringup//models/water/model.config
-- Up-to-date: /home/jo-jo/ros2_ws/install/my_robot_bringup/share/my_robot_bringup//models/Falling Rock 3
-- Up-to-date: /home/jo-jo/ros2_ws/install/my_robot_bringup/share/my_robot_bringup//models/Falling Rock 3/meshes
-- Installing: /home/jo-jo/ros2_ws/install/my_robot_bringup/share/my_robot_bringup//models/Falling Rock 3/meshes/FallingRock03_Collider.dae
-- Installing: /home/jo-jo/ros2_ws/install/my_robot_bringup/share/my_robot_bringup//models/Falling Rock 3/meshes/FallingRock03.dae
-- Installing: /home/jo-jo/ros2_ws/install/my_robot_bringup/share/my_robot_bringup//models/Falling Rock 3/model.sdf
-- Up-to-date: /home/jo-jo/ros2_ws/install/my_robot_bringup/share/my_robot_bringup//models/Falling Rock 3/thumbnails
-- Installing: /home/jo-jo/ros2_ws/install/my_robot_bringup/share/my_robot_bringup//models/Falling Rock 3/thumbnails/4.jpg
-- Installing: /home/jo-jo/ros2_ws/install/my_robot_bringup/share/my_robot_bringup//models/Falling Rock 3/thumbnails/1.jpg
-- Installing: /home/jo-jo/ros2_ws/install/my_robot_bringup/share/my_robot_bringup//models/Falling Rock 3/thumbnails/5.jpg
-- Installing: /home/jo-jo/ros2_ws/install/my_robot_bringup/share/my_robot_bringup//models/Falling Rock 3/thumbnails/3.jpg
-- Installing: /home/jo-jo/ros2_ws/install/my_robot_bringup/share/my_robot_bringup//models/Falling Rock 3/thumbnails/2.jpg
-- Up-to-date: /home/jo-jo/ros2_ws/install/my_robot_bringup/share/my_robot_bringup//models/Falling Rock 3/materials
-- Up-to-date: /home/jo-jo/ros2_ws/install/my_robot_bringup/share/my_robot_bringup//models/Falling Rock 3/materials/textures
-- Installing: /home/jo-jo/ros2_ws/install/my_robot_bringup/share/my_robot_bringup//models/Falling Rock 3/materials/textures/FallingRocks_Normal.jpg
-- Installing: /home/jo-jo/ros2_ws/install/my_robot_bringup/share/my_robot_bringup//models/Falling Rock 3/materials/textures/FallingRocks_Roughness.jpg
-- Installing: /home/jo-jo/ros2_ws/install/my_robot_bringup/share/my_robot_bringup//models/Falling Rock 3/materials/textures/FallingRocks_Albedo.jpg
-- Up-to-date: /home/jo-jo/ros2_ws/install/my_robot_bringup/share/my_robot_bringup//models/Falling Rock 3/materials/scripts
-- Installing: /home/jo-jo/ros2_ws/install/my_robot_bringup/share/my_robot_bringup//models/Falling Rock 3/materials/scripts/model.material
-- Installing: /home/jo-jo/ros2_ws/install/my_robot_bringup/share/my_robot_bringup//models/Falling Rock 3/model.config
-- Up-to-date: /home/jo-jo/ros2_ws/install/my_robot_bringup/share/my_robot_bringup//models/R32 Subway Car
-- Up-to-date: /home/jo-jo/ros2_ws/install/my_robot_bringup/share/my_robot_bringup//models/R32 Subway Car/meshes
-- Installing: /home/jo-jo/ros2_ws/install/my_robot_bringup/share/my_robot_bringup//models/R32 Subway Car/meshes/r32.dae
-- Installing: /home/jo-jo/ros2_ws/install/my_robot_bringup/share/my_robot_bringup//models/R32 Subway Car/metadata.pbtxt
-- Installing: /home/jo-jo/ros2_ws/install/my_robot_bringup/share/my_robot_bringup//models/R32 Subway Car/model.sdf
-- Up-to-date: /home/jo-jo/ros2_ws/install/my_robot_bringup/share/my_robot_bringup//models/R32 Subway Car/thumbnails
-- Installing: /home/jo-jo/ros2_ws/install/my_robot_bringup/share/my_robot_bringup//models/R32 Subway Car/thumbnails/4.png
-- Installing: /home/jo-jo/ros2_ws/install/my_robot_bringup/share/my_robot_bringup//models/R32 Subway Car/thumbnails/1.png
-- Installing: /home/jo-jo/ros2_ws/install/my_robot_bringup/share/my_robot_bringup//models/R32 Subway Car/thumbnails/2.png
-- Installing: /home/jo-jo/ros2_ws/install/my_robot_bringup/share/my_robot_bringup//models/R32 Subway Car/thumbnails/3.png
-- Up-to-date: /home/jo-jo/ros2_ws/install/my_robot_bringup/share/my_robot_bringup//models/R32 Subway Car/materials
-- Up-to-date: /home/jo-jo/ros2_ws/install/my_robot_bringup/share/my_robot_bringup//models/R32 Subway Car/materials/textures
-- Installing: /home/jo-jo/ros2_ws/install/my_robot_bringup/share/my_robot_bringup//models/R32 Subway Car/materials/textures/R32_Metalness.png
-- Installing: /home/jo-jo/ros2_ws/install/my_robot_bringup/share/my_robot_bringup//models/R32 Subway Car/materials/textures/R32_Albedo.png
-- Installing: /home/jo-jo/ros2_ws/install/my_robot_bringup/share/my_robot_bringup//models/R32 Subway Car/materials/textures/Undercarriage_Metalness.png
-- Installing: /home/jo-jo/ros2_ws/install/my_robot_bringup/share/my_robot_bringup//models/R32 Subway Car/materials/textures/Undercarriage_Albedo.png
-- Installing: /home/jo-jo/ros2_ws/install/my_robot_bringup/share/my_robot_bringup//models/R32 Subway Car/materials/textures/Undercarriage_Roughness.png
-- Installing: /home/jo-jo/ros2_ws/install/my_robot_bringup/share/my_robot_bringup//models/R32 Subway Car/materials/textures/R32_Roughness.png
-- Up-to-date: /home/jo-jo/ros2_ws/install/my_robot_bringup/share/my_robot_bringup//models/R32 Subway Car/materials/scripts
-- Installing: /home/jo-jo/ros2_ws/install/my_robot_bringup/share/my_robot_bringup//models/R32 Subway Car/materials/scripts/model.material
-- Installing: /home/jo-jo/ros2_ws/install/my_robot_bringup/share/my_robot_bringup//models/R32 Subway Car/model.config
-- Up-to-date: /home/jo-jo/ros2_ws/install/my_robot_bringup/share/my_robot_bringup//models/Zebra
-- Installing: /home/jo-jo/ros2_ws/install/my_robot_bringup/share/my_robot_bringup//models/Zebra/enclosure.sdf
-- Installing: /home/jo-jo/ros2_ws/install/my_robot_bringup/share/my_robot_bringup//models/Zebra/model.config
-- Up-to-date: /home/jo-jo/ros2_ws/install/my_robot_bringup/share/my_robot_bringup//models/collapsed_industrial_building
-- Up-to-date: /home/jo-jo/ros2_ws/install/my_robot_bringup/share/my_robot_bringup//models/collapsed_industrial_building/meshes
-- Installing: /home/jo-jo/ros2_ws/install/my_robot_bringup/share/my_robot_bringup//models/collapsed_industrial_building/meshes/collapsed_industrial.dae
-- Installing: /home/jo-jo/ros2_ws/install/my_robot_bringup/share/my_robot_bringup//models/collapsed_industrial_building/model.sdf
-- Up-to-date: /home/jo-jo/ros2_ws/install/my_robot_bringup/share/my_robot_bringup//models/collapsed_industrial_building/thumbnails
-- Installing: /home/jo-jo/ros2_ws/install/my_robot_bringup/share/my_robot_bringup//models/collapsed_industrial_building/thumbnails/5.png
-- Installing: /home/jo-jo/ros2_ws/install/my_robot_bringup/share/my_robot_bringup//models/collapsed_industrial_building/thumbnails/4.png
-- Installing: /home/jo-jo/ros2_ws/install/my_robot_bringup/share/my_robot_bringup//models/collapsed_industrial_building/thumbnails/1.png
-- Installing: /home/jo-jo/ros2_ws/install/my_robot_bringup/share/my_robot_bringup//models/collapsed_industrial_building/thumbnails/2.png
-- Installing: /home/jo-jo/ros2_ws/install/my_robot_bringup/share/my_robot_bringup//models/collapsed_industrial_building/thumbnails/3.png
-- Up-to-date: /home/jo-jo/ros2_ws/install/my_robot_bringup/share/my_robot_bringup//models/collapsed_industrial_building/materials
-- Up-to-date: /home/jo-jo/ros2_ws/install/my_robot_bringup/share/my_robot_bringup//models/collapsed_industrial_building/materials/textures
-- Installing: /home/jo-jo/ros2_ws/install/my_robot_bringup/share/my_robot_bringup//models/collapsed_industrial_building/materials/textures/collapsed_industrial_diffuse.jpg
-- Installing: /home/jo-jo/ros2_ws/install/my_robot_bringup/share/my_robot_bringup//models/collapsed_industrial_building/materials/textures/rough_concrete_spec.jpg
-- Installing: /home/jo-jo/ros2_ws/install/my_robot_bringup/share/my_robot_bringup//models/collapsed_industrial_building/materials/textures/rubble_spec.jpg
-- Installing: /home/jo-jo/ros2_ws/install/my_robot_bringup/share/my_robot_bringup//models/collapsed_industrial_building/materials/textures/rubble_diffuse.jpg
-- Installing: /home/jo-jo/ros2_ws/install/my_robot_bringup/share/my_robot_bringup//models/collapsed_industrial_building/materials/textures/collapsed_industrial_spec.jpg
-- Installing: /home/jo-jo/ros2_ws/install/my_robot_bringup/share/my_robot_bringup//models/collapsed_industrial_building/materials/textures/rough_concrete_diffuse.jpg
-- Installing: /home/jo-jo/ros2_ws/install/my_robot_bringup/share/my_robot_bringup//models/collapsed_industrial_building/model.config
-- Up-to-date: /home/jo-jo/ros2_ws/install/my_robot_bringup/share/my_robot_bringup//models/Terrain
-- Up-to-date: /home/jo-jo/ros2_ws/install/my_robot_bringup/share/my_robot_bringup//models/Terrain/meshes
-- Installing: /home/jo-jo/ros2_ws/install/my_robot_bringup/share/my_robot_bringup//models/Terrain/meshes/baylands_03.dae
-- Installing: /home/jo-jo/ros2_ws/install/my_robot_bringup/share/my_robot_bringup//models/Terrain/model.sdf
-- Up-to-date: /home/jo-jo/ros2_ws/install/my_robot_bringup/share/my_robot_bringup//models/Terrain/thumbnails
-- Installing: /home/jo-jo/ros2_ws/install/my_robot_bringup/share/my_robot_bringup//models/Terrain/thumbnails/baylands.jpg
-- Up-to-date: /home/jo-jo/ros2_ws/install/my_robot_bringup/share/my_robot_bringup//models/Terrain/materials
-- Up-to-date: /home/jo-jo/ros2_ws/install/my_robot_bringup/share/my_robot_bringup//models/Terrain/materials/textures
-- Installing: /home/jo-jo/ros2_ws/install/my_robot_bringup/share/my_robot_bringup//models/Terrain/materials/textures/Concrete.png
-- Installing: /home/jo-jo/ros2_ws/install/my_robot_bringup/share/my_robot_bringup//models/Terrain/materials/textures/Leaves.png
-- Installing: /home/jo-jo/ros2_ws/install/my_robot_bringup/share/my_robot_bringup//models/Terrain/materials/textures/Sidewalk.png
-- Installing: /home/jo-jo/ros2_ws/install/my_robot_bringup/share/my_robot_bringup//models/Terrain/materials/textures/MurkyWater.png
-- Installing: /home/jo-jo/ros2_ws/install/my_robot_bringup/share/my_robot_bringup//models/Terrain/materials/textures/Asphalt.png
-- Installing: /home/jo-jo/ros2_ws/install/my_robot_bringup/share/my_robot_bringup//models/Terrain/materials/textures/PicnicTable.png
-- Installing: /home/jo-jo/ros2_ws/install/my_robot_bringup/share/my_robot_bringup//models/Terrain/materials/textures/Metal.png
-- Installing: /home/jo-jo/ros2_ws/install/my_robot_bringup/share/my_robot_bringup//models/Terrain/materials/textures/Metal_Roof.png
-- Installing: /home/jo-jo/ros2_ws/install/my_robot_bringup/share/my_robot_bringup//models/Terrain/materials/textures/Checker.png
-- Installing: /home/jo-jo/ros2_ws/install/my_robot_bringup/share/my_robot_bringup//models/Terrain/materials/textures/Sand.png
-- Installing: /home/jo-jo/ros2_ws/install/my_robot_bringup/share/my_robot_bringup//models/Terrain/materials/textures/Bark.png
-- Installing: /home/jo-jo/ros2_ws/install/my_robot_bringup/share/my_robot_bringup//models/Terrain/materials/textures/ParkingLotMedian.png
-- Installing: /home/jo-jo/ros2_ws/install/my_robot_bringup/share/my_robot_bringup//models/Terrain/materials/textures/ConcretePebbled.png
-- Installing: /home/jo-jo/ros2_ws/install/my_robot_bringup/share/my_robot_bringup//models/Terrain/materials/textures/Tree_Concrete.png
-- Installing: /home/jo-jo/ros2_ws/install/my_robot_bringup/share/my_robot_bringup//models/Terrain/materials/textures/ParkingMarkings.png
-- Installing: /home/jo-jo/ros2_ws/install/my_robot_bringup/share/my_robot_bringup//models/Terrain/materials/textures/Branch.png
-- Installing: /home/jo-jo/ros2_ws/install/my_robot_bringup/share/my_robot_bringup//models/Terrain/materials/textures/Rubber.png
-- Installing: /home/jo-jo/ros2_ws/install/my_robot_bringup/share/my_robot_bringup//models/Terrain/materials/textures/DirtPath.png
-- Installing: /home/jo-jo/ros2_ws/install/my_robot_bringup/share/my_robot_bringup//models/Terrain/materials/textures/Curb.png
-- Installing: /home/jo-jo/ros2_ws/install/my_robot_bringup/share/my_robot_bringup//models/Terrain/materials/textures/Road.jpg
-- Installing: /home/jo-jo/ros2_ws/install/my_robot_bringup/share/my_robot_bringup//models/Terrain/materials/textures/Curb_Red.png
-- Installing: /home/jo-jo/ros2_ws/install/my_robot_bringup/share/my_robot_bringup//models/Terrain/materials/textures/Grass.png
-- Installing: /home/jo-jo/ros2_ws/install/my_robot_bringup/share/my_robot_bringup//models/Terrain/materials/textures/ConcreteGround_02.png
-- Installing: /home/jo-jo/ros2_ws/install/my_robot_bringup/share/my_robot_bringup//models/Terrain/materials/textures/ConcreteGround_01.png
-- Installing: /home/jo-jo/ros2_ws/install/my_robot_bringup/share/my_robot_bringup//models/Terrain/materials/textures/RustyMetal.png
-- Up-to-date: /home/jo-jo/ros2_ws/install/my_robot_bringup/share/my_robot_bringup//models/Terrain/materials/scripts
-- Installing: /home/jo-jo/ros2_ws/install/my_robot_bringup/share/my_robot_bringup//models/Terrain/materials/scripts/caster_vp.glsl
-- Installing: /home/jo-jo/ros2_ws/install/my_robot_bringup/share/my_robot_bringup//models/Terrain/materials/scripts/caster_fp.glsl
-- Installing: /home/jo-jo/ros2_ws/install/my_robot_bringup/share/my_robot_bringup//models/Terrain/materials/scripts/branch.material
-- Installing: /home/jo-jo/ros2_ws/install/my_robot_bringup/share/my_robot_bringup//models/Terrain/model.config
-- Up-to-date: /home/jo-jo/ros2_ws/install/my_robot_bringup/share/my_robot_bringup//models/Sofa
-- Up-to-date: /home/jo-jo/ros2_ws/install/my_robot_bringup/share/my_robot_bringup//models/Sofa/meshes
-- Installing: /home/jo-jo/ros2_ws/install/my_robot_bringup/share/my_robot_bringup//models/Sofa/meshes/Sofa.obj
-- Installing: /home/jo-jo/ros2_ws/install/my_robot_bringup/share/my_robot_bringup//models/Sofa/meshes/SofaDiffuse.png
-- Installing: /home/jo-jo/ros2_ws/install/my_robot_bringup/share/my_robot_bringup//models/Sofa/meshes/Sofa.mtl
-- Installing: /home/jo-jo/ros2_ws/install/my_robot_bringup/share/my_robot_bringup//models/Sofa/model.sdf
-- Up-to-date: /home/jo-jo/ros2_ws/install/my_robot_bringup/share/my_robot_bringup//models/Sofa/thumbnails
-- Installing: /home/jo-jo/ros2_ws/install/my_robot_bringup/share/my_robot_bringup//models/Sofa/thumbnails/5.png
-- Installing: /home/jo-jo/ros2_ws/install/my_robot_bringup/share/my_robot_bringup//models/Sofa/thumbnails/4.png
-- Installing: /home/jo-jo/ros2_ws/install/my_robot_bringup/share/my_robot_bringup//models/Sofa/thumbnails/1.png
-- Installing: /home/jo-jo/ros2_ws/install/my_robot_bringup/share/my_robot_bringup//models/Sofa/thumbnails/2.png
-- Installing: /home/jo-jo/ros2_ws/install/my_robot_bringup/share/my_robot_bringup//models/Sofa/thumbnails/3.png
-- Installing: /home/jo-jo/ros2_ws/install/my_robot_bringup/share/my_robot_bringup//models/Sofa/model.config
-- Up-to-date: /home/jo-jo/ros2_ws/install/my_robot_bringup/share/my_robot_bringup//models/Vessel D
-- Up-to-date: /home/jo-jo/ros2_ws/install/my_robot_bringup/share/my_robot_bringup//models/Vessel D/meshes
-- Installing: /home/jo-jo/ros2_ws/install/my_robot_bringup/share/my_robot_bringup//models/Vessel D/meshes/Boat04.dae
-- Installing: /home/jo-jo/ros2_ws/install/my_robot_bringup/share/my_robot_bringup//models/Vessel D/model.sdf
-- Up-to-date: /home/jo-jo/ros2_ws/install/my_robot_bringup/share/my_robot_bringup//models/Vessel D/thumbnails
-- Installing: /home/jo-jo/ros2_ws/install/my_robot_bringup/share/my_robot_bringup//models/Vessel D/thumbnails/1.png
-- Up-to-date: /home/jo-jo/ros2_ws/install/my_robot_bringup/share/my_robot_bringup//models/Vessel D/materials
-- Up-to-date: /home/jo-jo/ros2_ws/install/my_robot_bringup/share/my_robot_bringup//models/Vessel D/materials/textures
-- Installing: /home/jo-jo/ros2_ws/install/my_robot_bringup/share/my_robot_bringup//models/Vessel D/materials/textures/Boat04_Normal.jpg
-- Installing: /home/jo-jo/ros2_ws/install/my_robot_bringup/share/my_robot_bringup//models/Vessel D/materials/textures/Boat04_Albedo.jpg
-- Installing: /home/jo-jo/ros2_ws/install/my_robot_bringup/share/my_robot_bringup//models/Vessel D/materials/textures/Boat04_Metalness.jpg
-- Installing: /home/jo-jo/ros2_ws/install/my_robot_bringup/share/my_robot_bringup//models/Vessel D/materials/textures/Boat04_Roughness.jpg
-- Installing: /home/jo-jo/ros2_ws/install/my_robot_bringup/share/my_robot_bringup//models/Vessel D/model.config
-- Up-to-date: /home/jo-jo/ros2_ws/install/my_robot_bringup/share/my_robot_bringup//models/Depot
-- Up-to-date: /home/jo-jo/ros2_ws/install/my_robot_bringup/share/my_robot_bringup//models/Depot/meshes
-- Installing: /home/jo-jo/ros2_ws/install/my_robot_bringup/share/my_robot_bringup//models/Depot/meshes/Crates.dae
-- Installing: /home/jo-jo/ros2_ws/install/my_robot_bringup/share/my_robot_bringup//models/Depot/meshes/Depot.dae
-- Installing: /home/jo-jo/ros2_ws/install/my_robot_bringup/share/my_robot_bringup//models/Depot/model.sdf
-- Up-to-date: /home/jo-jo/ros2_ws/install/my_robot_bringup/share/my_robot_bringup//models/Depot/thumbnails
-- Installing: /home/jo-jo/ros2_ws/install/my_robot_bringup/share/my_robot_bringup//models/Depot/thumbnails/0.png
-- Installing: /home/jo-jo/ros2_ws/install/my_robot_bringup/share/my_robot_bringup//models/Depot/thumbnails/5.png
-- Installing: /home/jo-jo/ros2_ws/install/my_robot_bringup/share/my_robot_bringup//models/Depot/thumbnails/4.png
-- Installing: /home/jo-jo/ros2_ws/install/my_robot_bringup/share/my_robot_bringup//models/Depot/thumbnails/1.png
-- Installing: /home/jo-jo/ros2_ws/install/my_robot_bringup/share/my_robot_bringup//models/Depot/thumbnails/2.png
-- Installing: /home/jo-jo/ros2_ws/install/my_robot_bringup/share/my_robot_bringup//models/Depot/thumbnails/3.png
-- Up-to-date: /home/jo-jo/ros2_ws/install/my_robot_bringup/share/my_robot_bringup//models/Depot/materials
-- Up-to-date: /home/jo-jo/ros2_ws/install/my_robot_bringup/share/my_robot_bringup//models/Depot/materials/textures
-- Installing: /home/jo-jo/ros2_ws/install/my_robot_bringup/share/my_robot_bringup//models/Depot/materials/textures/WALLS_Roughness.png
-- Installing: /home/jo-jo/ros2_ws/install/my_robot_bringup/share/my_robot_bringup//models/Depot/materials/textures/FanBack_FanBack_BaseColor.png
-- Installing: /home/jo-jo/ros2_ws/install/my_robot_bringup/share/my_robot_bringup//models/Depot/materials/textures/PILLERS_Albedo.png
-- Installing: /home/jo-jo/ros2_ws/install/my_robot_bringup/share/my_robot_bringup//models/Depot/materials/textures/WALLS_Normal.png
-- Installing: /home/jo-jo/ros2_ws/install/my_robot_bringup/share/my_robot_bringup//models/Depot/materials/textures/FLOOR_Roughness.png
-- Installing: /home/jo-jo/ros2_ws/install/my_robot_bringup/share/my_robot_bringup//models/Depot/materials/textures/FLOOR_Normal.png
-- Installing: /home/jo-jo/ros2_ws/install/my_robot_bringup/share/my_robot_bringup//models/Depot/materials/textures/ROOF_Normal.png
-- Installing: /home/jo-jo/ros2_ws/install/my_robot_bringup/share/my_robot_bringup//models/Depot/materials/textures/WALLS_Metalness.png
-- Installing: /home/jo-jo/ros2_ws/install/my_robot_bringup/share/my_robot_bringup//models/Depot/materials/textures/STAIRS_Roughness.png
-- Installing: /home/jo-jo/ros2_ws/install/my_robot_bringup/share/my_robot_bringup//models/Depot/materials/textures/STAIRS_Albedo.png
-- Installing: /home/jo-jo/ros2_ws/install/my_robot_bringup/share/my_robot_bringup//models/Depot/materials/textures/Forklift_Forklift_BaseColor.png
-- Installing: /home/jo-jo/ros2_ws/install/my_robot_bringup/share/my_robot_bringup//models/Depot/materials/textures/BOXSET_Normal.png
-- Installing: /home/jo-jo/ros2_ws/install/my_robot_bringup/share/my_robot_bringup//models/Depot/materials/textures/ROOF_Emissive.png
-- Installing: /home/jo-jo/ros2_ws/install/my_robot_bringup/share/my_robot_bringup//models/Depot/materials/textures/Pipes_Albedo.png
-- Installing: /home/jo-jo/ros2_ws/install/my_robot_bringup/share/my_robot_bringup//models/Depot/materials/textures/PILLERS_Normal.png
-- Installing: /home/jo-jo/ros2_ws/install/my_robot_bringup/share/my_robot_bringup//models/Depot/materials/textures/INTERCOM_Roughness.png
-- Installing: /home/jo-jo/ros2_ws/install/my_robot_bringup/share/my_robot_bringup//models/Depot/materials/textures/Pipes_Normal.png
-- Installing: /home/jo-jo/ros2_ws/install/my_robot_bringup/share/my_robot_bringup//models/Depot/materials/textures/ROOF_Metalness.png
-- Installing: /home/jo-jo/ros2_ws/install/my_robot_bringup/share/my_robot_bringup//models/Depot/materials/textures/Forklift_Forklift_Metallic.png
-- Installing: /home/jo-jo/ros2_ws/install/my_robot_bringup/share/my_robot_bringup//models/Depot/materials/textures/FANS_Albedo.png
-- Installing: /home/jo-jo/ros2_ws/install/my_robot_bringup/share/my_robot_bringup//models/Depot/materials/textures/Pipes_Metalness.png
-- Installing: /home/jo-jo/ros2_ws/install/my_robot_bringup/share/my_robot_bringup//models/Depot/materials/textures/Crates_Crates_BaseColor.png
-- Installing: /home/jo-jo/ros2_ws/install/my_robot_bringup/share/my_robot_bringup//models/Depot/materials/textures/FLOOR_Metalness.png
-- Installing: /home/jo-jo/ros2_ws/install/my_robot_bringup/share/my_robot_bringup//models/Depot/materials/textures/Window_WINDOW_Roughness.png
-- Installing: /home/jo-jo/ros2_ws/install/my_robot_bringup/share/my_robot_bringup//models/Depot/materials/textures/INTERCOM_Metalness.png
-- Installing: /home/jo-jo/ros2_ws/install/my_robot_bringup/share/my_robot_bringup//models/Depot/materials/textures/Window_WINDOW_Metallic.png
-- Installing: /home/jo-jo/ros2_ws/install/my_robot_bringup/share/my_robot_bringup//models/Depot/materials/textures/INTERCOM_Albedo.png
-- Installing: /home/jo-jo/ros2_ws/install/my_robot_bringup/share/my_robot_bringup//models/Depot/materials/textures/FLOOR_Albedo.png
-- Installing: /home/jo-jo/ros2_ws/install/my_robot_bringup/share/my_robot_bringup//models/Depot/materials/textures/FANS_Normal.png
-- Installing: /home/jo-jo/ros2_ws/install/my_robot_bringup/share/my_robot_bringup//models/Depot/materials/textures/FireAlarmPole_Metalness.png
-- Installing: /home/jo-jo/ros2_ws/install/my_robot_bringup/share/my_robot_bringup//models/Depot/materials/textures/FireAlarm_Albedo.png
-- Installing: /home/jo-jo/ros2_ws/install/my_robot_bringup/share/my_robot_bringup//models/Depot/materials/textures/Crates_Crates_Normal.png
-- Installing: /home/jo-jo/ros2_ws/install/my_robot_bringup/share/my_robot_bringup//models/Depot/materials/textures/INTERCOM_Emissive.png
-- Installing: /home/jo-jo/ros2_ws/install/my_robot_bringup/share/my_robot_bringup//models/Depot/materials/textures/Window_WINDOW_BaseColor.png
-- Installing: /home/jo-jo/ros2_ws/install/my_robot_bringup/share/my_robot_bringup//models/Depot/materials/textures/DepotLightmap.png
-- Installing: /home/jo-jo/ros2_ws/install/my_robot_bringup/share/my_robot_bringup//models/Depot/materials/textures/ROOF_Albedo.png
-- Installing: /home/jo-jo/ros2_ws/install/my_robot_bringup/share/my_robot_bringup//models/Depot/materials/textures/INTERCOM_Normal.png
-- Installing: /home/jo-jo/ros2_ws/install/my_robot_bringup/share/my_robot_bringup//models/Depot/materials/textures/Forklift_Forklift_Normal.png
-- Installing: /home/jo-jo/ros2_ws/install/my_robot_bringup/share/my_robot_bringup//models/Depot/materials/textures/FireAlarmPole_Roughness.png
-- Installing: /home/jo-jo/ros2_ws/install/my_robot_bringup/share/my_robot_bringup//models/Depot/materials/textures/STAIRS_Normal.png
-- Installing: /home/jo-jo/ros2_ws/install/my_robot_bringup/share/my_robot_bringup//models/Depot/materials/textures/FireAlarmPole_Normal.png
-- Installing: /home/jo-jo/ros2_ws/install/my_robot_bringup/share/my_robot_bringup//models/Depot/materials/textures/FANS_Roughness.png
-- Installing: /home/jo-jo/ros2_ws/install/my_robot_bringup/share/my_robot_bringup//models/Depot/materials/textures/FireAlarmPole_Albedo.png
-- Installing: /home/jo-jo/ros2_ws/install/my_robot_bringup/share/my_robot_bringup//models/Depot/materials/textures/WALLS_Albedo.png
-- Installing: /home/jo-jo/ros2_ws/install/my_robot_bringup/share/my_robot_bringup//models/Depot/materials/textures/FireAlarm_Roughness.png
-- Installing: /home/jo-jo/ros2_ws/install/my_robot_bringup/share/my_robot_bringup//models/Depot/materials/textures/ROOF_Roughness.png
-- Installing: /home/jo-jo/ros2_ws/install/my_robot_bringup/share/my_robot_bringup//models/Depot/materials/textures/Pipes_Roughness.png
-- Installing: /home/jo-jo/ros2_ws/install/my_robot_bringup/share/my_robot_bringup//models/Depot/materials/textures/STAIRS_Metalness.png
-- Installing: /home/jo-jo/ros2_ws/install/my_robot_bringup/share/my_robot_bringup//models/Depot/materials/textures/Crates_Crates_Roughness.png
-- Installing: /home/jo-jo/ros2_ws/install/my_robot_bringup/share/my_robot_bringup//models/Depot/materials/textures/FireAlarm_Metalness.png
-- Installing: /home/jo-jo/ros2_ws/install/my_robot_bringup/share/my_robot_bringup//models/Depot/materials/textures/Forklift_Forklift_Roughness.png
-- Installing: /home/jo-jo/ros2_ws/install/my_robot_bringup/share/my_robot_bringup//models/Depot/materials/textures/BOXSET_Roughness.png
-- Installing: /home/jo-jo/ros2_ws/install/my_robot_bringup/share/my_robot_bringup//models/Depot/materials/textures/BOXSET_Emissive.png
-- Installing: /home/jo-jo/ros2_ws/install/my_robot_bringup/share/my_robot_bringup//models/Depot/materials/textures/FANS_Metalness.png
-- Installing: /home/jo-jo/ros2_ws/install/my_robot_bringup/share/my_robot_bringup//models/Depot/materials/textures/PILLERS_Metalness.png
-- Installing: /home/jo-jo/ros2_ws/install/my_robot_bringup/share/my_robot_bringup//models/Depot/materials/textures/BOXSET_Albedo.png
-- Installing: /home/jo-jo/ros2_ws/install/my_robot_bringup/share/my_robot_bringup//models/Depot/materials/textures/FireAlarm_Normal.png
-- Installing: /home/jo-jo/ros2_ws/install/my_robot_bringup/share/my_robot_bringup//models/Depot/materials/textures/PILLERS_Roughness.png
-- Installing: /home/jo-jo/ros2_ws/install/my_robot_bringup/share/my_robot_bringup//models/Depot/materials/textures/BOXSET_Metalness.png
-- Up-to-date: /home/jo-jo/ros2_ws/install/my_robot_bringup/share/my_robot_bringup//models/Depot/materials/scripts
-- Installing: /home/jo-jo/ros2_ws/install/my_robot_bringup/share/my_robot_bringup//models/Depot/materials/scripts/model.material
-- Installing: /home/jo-jo/ros2_ws/install/my_robot_bringup/share/my_robot_bringup//models/Depot/model.config
-- Up-to-date: /home/jo-jo/ros2_ws/install/my_robot_bringup/share/my_robot_bringup//models/Cessna C-172
-- Up-to-date: /home/jo-jo/ros2_ws/install/my_robot_bringup/share/my_robot_bringup//models/Cessna C-172/meshes
-- Installing: /home/jo-jo/ros2_ws/install/my_robot_bringup/share/my_robot_bringup//models/Cessna C-172/meshes/elevators.dae
-- Installing: /home/jo-jo/ros2_ws/install/my_robot_bringup/share/my_robot_bringup//models/Cessna C-172/meshes/body.dae
-- Installing: /home/jo-jo/ros2_ws/install/my_robot_bringup/share/my_robot_bringup//models/Cessna C-172/meshes/cessna_front_wheel.dae
-- Installing: /home/jo-jo/ros2_ws/install/my_robot_bringup/share/my_robot_bringup//models/Cessna C-172/meshes/left_aileron.dae
-- Installing: /home/jo-jo/ros2_ws/install/my_robot_bringup/share/my_robot_bringup//models/Cessna C-172/meshes/right_flap.dae
-- Installing: /home/jo-jo/ros2_ws/install/my_robot_bringup/share/my_robot_bringup//models/Cessna C-172/meshes/cessna_rear_left_wheel.dae
-- Installing: /home/jo-jo/ros2_ws/install/my_robot_bringup/share/my_robot_bringup//models/Cessna C-172/meshes/rudder.dae
-- Installing: /home/jo-jo/ros2_ws/install/my_robot_bringup/share/my_robot_bringup//models/Cessna C-172/meshes/right_aileron.dae
-- Installing: /home/jo-jo/ros2_ws/install/my_robot_bringup/share/my_robot_bringup//models/Cessna C-172/meshes/cessna_rear_right_wheel.dae
-- Installing: /home/jo-jo/ros2_ws/install/my_robot_bringup/share/my_robot_bringup//models/Cessna C-172/meshes/cessna_prop.dae
-- Installing: /home/jo-jo/ros2_ws/install/my_robot_bringup/share/my_robot_bringup//models/Cessna C-172/meshes/left_flap.dae
-- Installing: /home/jo-jo/ros2_ws/install/my_robot_bringup/share/my_robot_bringup//models/Cessna C-172/model.sdf
-- Up-to-date: /home/jo-jo/ros2_ws/install/my_robot_bringup/share/my_robot_bringup//models/Cessna C-172/thumbnails
-- Installing: /home/jo-jo/ros2_ws/install/my_robot_bringup/share/my_robot_bringup//models/Cessna C-172/thumbnails/5.png
-- Installing: /home/jo-jo/ros2_ws/install/my_robot_bringup/share/my_robot_bringup//models/Cessna C-172/thumbnails/4.png
-- Installing: /home/jo-jo/ros2_ws/install/my_robot_bringup/share/my_robot_bringup//models/Cessna C-172/thumbnails/1.png
-- Installing: /home/jo-jo/ros2_ws/install/my_robot_bringup/share/my_robot_bringup//models/Cessna C-172/thumbnails/2.png
-- Installing: /home/jo-jo/ros2_ws/install/my_robot_bringup/share/my_robot_bringup//models/Cessna C-172/thumbnails/3.png
-- Installing: /home/jo-jo/ros2_ws/install/my_robot_bringup/share/my_robot_bringup//models/Cessna C-172/model.config
-- Up-to-date: /home/jo-jo/ros2_ws/install/my_robot_bringup/share/my_robot_bringup//models/ground_station
-- Installing: /home/jo-jo/ros2_ws/install/my_robot_bringup/share/my_robot_bringup//models/ground_station/model.sdf
-- Up-to-date: /home/jo-jo/ros2_ws/install/my_robot_bringup/share/my_robot_bringup//models/ground_station/thumbnails
-- Installing: /home/jo-jo/ros2_ws/install/my_robot_bringup/share/my_robot_bringup//models/ground_station/thumbnails/5.png
-- Installing: /home/jo-jo/ros2_ws/install/my_robot_bringup/share/my_robot_bringup//models/ground_station/thumbnails/4.png
-- Installing: /home/jo-jo/ros2_ws/install/my_robot_bringup/share/my_robot_bringup//models/ground_station/thumbnails/1.png
-- Installing: /home/jo-jo/ros2_ws/install/my_robot_bringup/share/my_robot_bringup//models/ground_station/thumbnails/2.png
-- Installing: /home/jo-jo/ros2_ws/install/my_robot_bringup/share/my_robot_bringup//models/ground_station/thumbnails/3.png
-- Installing: /home/jo-jo/ros2_ws/install/my_robot_bringup/share/my_robot_bringup//models/ground_station/model.config
-- Up-to-date: /home/jo-jo/ros2_ws/install/my_robot_bringup/share/my_robot_bringup//models/Fire_truck
-- Up-to-date: /home/jo-jo/ros2_ws/install/my_robot_bringup/share/my_robot_bringup//models/Fire_truck/meshes
-- Installing: /home/jo-jo/ros2_ws/install/my_robot_bringup/share/my_robot_bringup//models/Fire_truck/meshes/fire_truck.obj
-- Installing: /home/jo-jo/ros2_ws/install/my_robot_bringup/share/my_robot_bringup//models/Fire_truck/meshes/fire_truck.mtl
-- Installing: /home/jo-jo/ros2_ws/install/my_robot_bringup/share/my_robot_bringup//models/Fire_truck/model.sdf
-- Up-to-date: /home/jo-jo/ros2_ws/install/my_robot_bringup/share/my_robot_bringup//models/Fire_truck/thumbnails
-- Installing: /home/jo-jo/ros2_ws/install/my_robot_bringup/share/my_robot_bringup//models/Fire_truck/thumbnails/5.png
-- Installing: /home/jo-jo/ros2_ws/install/my_robot_bringup/share/my_robot_bringup//models/Fire_truck/thumbnails/4.png
-- Installing: /home/jo-jo/ros2_ws/install/my_robot_bringup/share/my_robot_bringup//models/Fire_truck/thumbnails/1.png
-- Installing: /home/jo-jo/ros2_ws/install/my_robot_bringup/share/my_robot_bringup//models/Fire_truck/thumbnails/2.png
-- Installing: /home/jo-jo/ros2_ws/install/my_robot_bringup/share/my_robot_bringup//models/Fire_truck/thumbnails/3.png
-- Up-to-date: /home/jo-jo/ros2_ws/install/my_robot_bringup/share/my_robot_bringup//models/Fire_truck/materials
-- Up-to-date: /home/jo-jo/ros2_ws/install/my_robot_bringup/share/my_robot_bringup//models/Fire_truck/materials/textures
-- Installing: /home/jo-jo/ros2_ws/install/my_robot_bringup/share/my_robot_bringup//models/Fire_truck/materials/textures/fire_truck.png
-- Installing: /home/jo-jo/ros2_ws/install/my_robot_bringup/share/my_robot_bringup//models/Fire_truck/model.config
-- Up-to-date: /home/jo-jo/ros2_ws/install/my_robot_bringup/share/my_robot_bringup//models/CoffeeTable 1
-- Up-to-date: /home/jo-jo/ros2_ws/install/my_robot_bringup/share/my_robot_bringup//models/CoffeeTable 1/meshes
-- Installing: /home/jo-jo/ros2_ws/install/my_robot_bringup/share/my_robot_bringup//models/CoffeeTable 1/meshes/CoffeeTable_Diffuse.png
-- Installing: /home/jo-jo/ros2_ws/install/my_robot_bringup/share/my_robot_bringup//models/CoffeeTable 1/meshes/CoffeeTable.mtl
-- Installing: /home/jo-jo/ros2_ws/install/my_robot_bringup/share/my_robot_bringup//models/CoffeeTable 1/meshes/CoffeeTable_SpecGloss.png
-- Installing: /home/jo-jo/ros2_ws/install/my_robot_bringup/share/my_robot_bringup//models/CoffeeTable 1/meshes/CoffeeTable_Normal.png
-- Installing: /home/jo-jo/ros2_ws/install/my_robot_bringup/share/my_robot_bringup//models/CoffeeTable 1/meshes/CoffeeTable.obj
-- Installing: /home/jo-jo/ros2_ws/install/my_robot_bringup/share/my_robot_bringup//models/CoffeeTable 1/model.sdf
-- Up-to-date: /home/jo-jo/ros2_ws/install/my_robot_bringup/share/my_robot_bringup//models/CoffeeTable 1/thumbnails
-- Installing: /home/jo-jo/ros2_ws/install/my_robot_bringup/share/my_robot_bringup//models/CoffeeTable 1/thumbnails/5.png
-- Installing: /home/jo-jo/ros2_ws/install/my_robot_bringup/share/my_robot_bringup//models/CoffeeTable 1/thumbnails/4.png
-- Installing: /home/jo-jo/ros2_ws/install/my_robot_bringup/share/my_robot_bringup//models/CoffeeTable 1/thumbnails/1.png
-- Installing: /home/jo-jo/ros2_ws/install/my_robot_bringup/share/my_robot_bringup//models/CoffeeTable 1/thumbnails/2.png
-- Installing: /home/jo-jo/ros2_ws/install/my_robot_bringup/share/my_robot_bringup//models/CoffeeTable 1/thumbnails/3.png
-- Installing: /home/jo-jo/ros2_ws/install/my_robot_bringup/share/my_robot_bringup//models/CoffeeTable 1/model.config
-- Up-to-date: /home/jo-jo/ros2_ws/install/my_robot_bringup/share/my_robot_bringup//models/AERONAVE
-- Up-to-date: /home/jo-jo/ros2_ws/install/my_robot_bringup/share/my_robot_bringup//models/AERONAVE/meshes
-- Installing: /home/jo-jo/ros2_ws/install/my_robot_bringup/share/my_robot_bringup//models/AERONAVE/meshes/elevators.dae
-- Installing: /home/jo-jo/ros2_ws/install/my_robot_bringup/share/my_robot_bringup//models/AERONAVE/meshes/body.dae
-- Installing: /home/jo-jo/ros2_ws/install/my_robot_bringup/share/my_robot_bringup//models/AERONAVE/meshes/cessna_front_wheel.dae
-- Installing: /home/jo-jo/ros2_ws/install/my_robot_bringup/share/my_robot_bringup//models/AERONAVE/meshes/left_aileron.dae
-- Installing: /home/jo-jo/ros2_ws/install/my_robot_bringup/share/my_robot_bringup//models/AERONAVE/meshes/right_flap.dae
-- Installing: /home/jo-jo/ros2_ws/install/my_robot_bringup/share/my_robot_bringup//models/AERONAVE/meshes/cessna_rear_left_wheel.dae
-- Installing: /home/jo-jo/ros2_ws/install/my_robot_bringup/share/my_robot_bringup//models/AERONAVE/meshes/rudder.dae
-- Installing: /home/jo-jo/ros2_ws/install/my_robot_bringup/share/my_robot_bringup//models/AERONAVE/meshes/right_aileron.dae
-- Installing: /home/jo-jo/ros2_ws/install/my_robot_bringup/share/my_robot_bringup//models/AERONAVE/meshes/cessna_rear_right_wheel.dae
-- Installing: /home/jo-jo/ros2_ws/install/my_robot_bringup/share/my_robot_bringup//models/AERONAVE/meshes/cessna_prop.dae
-- Installing: /home/jo-jo/ros2_ws/install/my_robot_bringup/share/my_robot_bringup//models/AERONAVE/meshes/left_flap.dae
-- Installing: /home/jo-jo/ros2_ws/install/my_robot_bringup/share/my_robot_bringup//models/AERONAVE/model.sdf
-- Up-to-date: /home/jo-jo/ros2_ws/install/my_robot_bringup/share/my_robot_bringup//models/AERONAVE/thumbnails
-- Installing: /home/jo-jo/ros2_ws/install/my_robot_bringup/share/my_robot_bringup//models/AERONAVE/thumbnails/5.png
-- Installing: /home/jo-jo/ros2_ws/install/my_robot_bringup/share/my_robot_bringup//models/AERONAVE/thumbnails/4.png
-- Installing: /home/jo-jo/ros2_ws/install/my_robot_bringup/share/my_robot_bringup//models/AERONAVE/thumbnails/1.png
-- Installing: /home/jo-jo/ros2_ws/install/my_robot_bringup/share/my_robot_bringup//models/AERONAVE/thumbnails/2.png
-- Installing: /home/jo-jo/ros2_ws/install/my_robot_bringup/share/my_robot_bringup//models/AERONAVE/thumbnails/3.png
-- Installing: /home/jo-jo/ros2_ws/install/my_robot_bringup/share/my_robot_bringup//models/AERONAVE/model.config
-- Up-to-date: /home/jo-jo/ros2_ws/install/my_robot_bringup/share/my_robot_bringup//models/Backpack (2)
-- Up-to-date: /home/jo-jo/ros2_ws/install/my_robot_bringup/share/my_robot_bringup//models/Backpack (2)/meshes
-- Installing: /home/jo-jo/ros2_ws/install/my_robot_bringup/share/my_robot_bringup//models/Backpack (2)/meshes/Backpack.dae
-- Installing: /home/jo-jo/ros2_ws/install/my_robot_bringup/share/my_robot_bringup//models/Backpack (2)/model.sdf
-- Up-to-date: /home/jo-jo/ros2_ws/install/my_robot_bringup/share/my_robot_bringup//models/Backpack (2)/thumbnails
-- Installing: /home/jo-jo/ros2_ws/install/my_robot_bringup/share/my_robot_bringup//models/Backpack (2)/thumbnails/5.png
-- Installing: /home/jo-jo/ros2_ws/install/my_robot_bringup/share/my_robot_bringup//models/Backpack (2)/thumbnails/4.png
-- Installing: /home/jo-jo/ros2_ws/install/my_robot_bringup/share/my_robot_bringup//models/Backpack (2)/thumbnails/1.png
-- Installing: /home/jo-jo/ros2_ws/install/my_robot_bringup/share/my_robot_bringup//models/Backpack (2)/thumbnails/2.png
-- Installing: /home/jo-jo/ros2_ws/install/my_robot_bringup/share/my_robot_bringup//models/Backpack (2)/thumbnails/3.png
-- Up-to-date: /home/jo-jo/ros2_ws/install/my_robot_bringup/share/my_robot_bringup//models/Backpack (2)/materials
-- Up-to-date: /home/jo-jo/ros2_ws/install/my_robot_bringup/share/my_robot_bringup//models/Backpack (2)/materials/textures
-- Installing: /home/jo-jo/ros2_ws/install/my_robot_bringup/share/my_robot_bringup//models/Backpack (2)/materials/textures/Backpack.png
-- Installing: /home/jo-jo/ros2_ws/install/my_robot_bringup/share/my_robot_bringup//models/Backpack (2)/model.config
-- Up-to-date: /home/jo-jo/ros2_ws/install/my_robot_bringup/share/my_robot_bringup//models/Construction Cone Label Test
-- Up-to-date: /home/jo-jo/ros2_ws/install/my_robot_bringup/share/my_robot_bringup//models/Construction Cone Label Test/meshes
-- Installing: /home/jo-jo/ros2_ws/install/my_robot_bringup/share/my_robot_bringup//models/Construction Cone Label Test/meshes/construction_cone.dae
-- Installing: /home/jo-jo/ros2_ws/install/my_robot_bringup/share/my_robot_bringup//models/Construction Cone Label Test/model-1_3.sdf
-- Installing: /home/jo-jo/ros2_ws/install/my_robot_bringup/share/my_robot_bringup//models/Construction Cone Label Test/model.sdf
-- Installing: /home/jo-jo/ros2_ws/install/my_robot_bringup/share/my_robot_bringup//models/Construction Cone Label Test/model-1_4.sdf
-- Up-to-date: /home/jo-jo/ros2_ws/install/my_robot_bringup/share/my_robot_bringup//models/Construction Cone Label Test/thumbnails
-- Installing: /home/jo-jo/ros2_ws/install/my_robot_bringup/share/my_robot_bringup//models/Construction Cone Label Test/thumbnails/5.png
-- Installing: /home/jo-jo/ros2_ws/install/my_robot_bringup/share/my_robot_bringup//models/Construction Cone Label Test/thumbnails/4.png
-- Installing: /home/jo-jo/ros2_ws/install/my_robot_bringup/share/my_robot_bringup//models/Construction Cone Label Test/thumbnails/1.png
-- Installing: /home/jo-jo/ros2_ws/install/my_robot_bringup/share/my_robot_bringup//models/Construction Cone Label Test/thumbnails/2.png
-- Installing: /home/jo-jo/ros2_ws/install/my_robot_bringup/share/my_robot_bringup//models/Construction Cone Label Test/thumbnails/3.png
-- Up-to-date: /home/jo-jo/ros2_ws/install/my_robot_bringup/share/my_robot_bringup//models/Construction Cone Label Test/materials
-- Up-to-date: /home/jo-jo/ros2_ws/install/my_robot_bringup/share/my_robot_bringup//models/Construction Cone Label Test/materials/textures
-- Installing: /home/jo-jo/ros2_ws/install/my_robot_bringup/share/my_robot_bringup//models/Construction Cone Label Test/materials/textures/Construction_Cone_Diffuse.png
-- Installing: /home/jo-jo/ros2_ws/install/my_robot_bringup/share/my_robot_bringup//models/Construction Cone Label Test/model.config
-- Up-to-date: /home/jo-jo/ros2_ws/install/my_robot_bringup/share/my_robot_bringup//models/TriStar_Products_PPC_Power_Pressure_Cooker_XL_in_Black
-- Up-to-date: /home/jo-jo/ros2_ws/install/my_robot_bringup/share/my_robot_bringup//models/TriStar_Products_PPC_Power_Pressure_Cooker_XL_in_Black/meshes
-- Installing: /home/jo-jo/ros2_ws/install/my_robot_bringup/share/my_robot_bringup//models/TriStar_Products_PPC_Power_Pressure_Cooker_XL_in_Black/meshes/model.obj
-- Installing: /home/jo-jo/ros2_ws/install/my_robot_bringup/share/my_robot_bringup//models/TriStar_Products_PPC_Power_Pressure_Cooker_XL_in_Black/meshes/model.mtl
-- Installing: /home/jo-jo/ros2_ws/install/my_robot_bringup/share/my_robot_bringup//models/TriStar_Products_PPC_Power_Pressure_Cooker_XL_in_Black/metadata.pbtxt
-- Installing: /home/jo-jo/ros2_ws/install/my_robot_bringup/share/my_robot_bringup//models/TriStar_Products_PPC_Power_Pressure_Cooker_XL_in_Black/model.sdf
-- Up-to-date: /home/jo-jo/ros2_ws/install/my_robot_bringup/share/my_robot_bringup//models/TriStar_Products_PPC_Power_Pressure_Cooker_XL_in_Black/thumbnails
-- Installing: /home/jo-jo/ros2_ws/install/my_robot_bringup/share/my_robot_bringup//models/TriStar_Products_PPC_Power_Pressure_Cooker_XL_in_Black/thumbnails/0.jpg
-- Installing: /home/jo-jo/ros2_ws/install/my_robot_bringup/share/my_robot_bringup//models/TriStar_Products_PPC_Power_Pressure_Cooker_XL_in_Black/thumbnails/4.jpg
-- Installing: /home/jo-jo/ros2_ws/install/my_robot_bringup/share/my_robot_bringup//models/TriStar_Products_PPC_Power_Pressure_Cooker_XL_in_Black/thumbnails/1.jpg
-- Installing: /home/jo-jo/ros2_ws/install/my_robot_bringup/share/my_robot_bringup//models/TriStar_Products_PPC_Power_Pressure_Cooker_XL_in_Black/thumbnails/3.jpg
-- Installing: /home/jo-jo/ros2_ws/install/my_robot_bringup/share/my_robot_bringup//models/TriStar_Products_PPC_Power_Pressure_Cooker_XL_in_Black/thumbnails/2.jpg
-- Up-to-date: /home/jo-jo/ros2_ws/install/my_robot_bringup/share/my_robot_bringup//models/TriStar_Products_PPC_Power_Pressure_Cooker_XL_in_Black/materials
-- Up-to-date: /home/jo-jo/ros2_ws/install/my_robot_bringup/share/my_robot_bringup//models/TriStar_Products_PPC_Power_Pressure_Cooker_XL_in_Black/materials/textures
-- Installing: /home/jo-jo/ros2_ws/install/my_robot_bringup/share/my_robot_bringup//models/TriStar_Products_PPC_Power_Pressure_Cooker_XL_in_Black/materials/textures/texture.png
-- Installing: /home/jo-jo/ros2_ws/install/my_robot_bringup/share/my_robot_bringup//models/TriStar_Products_PPC_Power_Pressure_Cooker_XL_in_Black/model.config
-- Up-to-date: /home/jo-jo/ros2_ws/install/my_robot_bringup/share/my_robot_bringup//models/Fast Food
-- Up-to-date: /home/jo-jo/ros2_ws/install/my_robot_bringup/share/my_robot_bringup//models/Fast Food/meshes
-- Installing: /home/jo-jo/ros2_ws/install/my_robot_bringup/share/my_robot_bringup//models/Fast Food/meshes/fast_food.dae
-- Installing: /home/jo-jo/ros2_ws/install/my_robot_bringup/share/my_robot_bringup//models/Fast Food/model-1_3.sdf
-- Installing: /home/jo-jo/ros2_ws/install/my_robot_bringup/share/my_robot_bringup//models/Fast Food/model.sdf
-- Installing: /home/jo-jo/ros2_ws/install/my_robot_bringup/share/my_robot_bringup//models/Fast Food/model-1_4.sdf
-- Up-to-date: /home/jo-jo/ros2_ws/install/my_robot_bringup/share/my_robot_bringup//models/Fast Food/thumbnails
-- Installing: /home/jo-jo/ros2_ws/install/my_robot_bringup/share/my_robot_bringup//models/Fast Food/thumbnails/5.png
-- Installing: /home/jo-jo/ros2_ws/install/my_robot_bringup/share/my_robot_bringup//models/Fast Food/thumbnails/4.png
-- Installing: /home/jo-jo/ros2_ws/install/my_robot_bringup/share/my_robot_bringup//models/Fast Food/thumbnails/1.png
-- Installing: /home/jo-jo/ros2_ws/install/my_robot_bringup/share/my_robot_bringup//models/Fast Food/thumbnails/2.png
-- Installing: /home/jo-jo/ros2_ws/install/my_robot_bringup/share/my_robot_bringup//models/Fast Food/thumbnails/3.png
-- Up-to-date: /home/jo-jo/ros2_ws/install/my_robot_bringup/share/my_robot_bringup//models/Fast Food/materials
-- Up-to-date: /home/jo-jo/ros2_ws/install/my_robot_bringup/share/my_robot_bringup//models/Fast Food/materials/textures
-- Installing: /home/jo-jo/ros2_ws/install/my_robot_bringup/share/my_robot_bringup//models/Fast Food/materials/textures/FastFood_Spec.png
-- Installing: /home/jo-jo/ros2_ws/install/my_robot_bringup/share/my_robot_bringup//models/Fast Food/materials/textures/FastFood_Diffuse.png
-- Installing: /home/jo-jo/ros2_ws/install/my_robot_bringup/share/my_robot_bringup//models/Fast Food/materials/textures/FastFood_Normal.png
-- Up-to-date: /home/jo-jo/ros2_ws/install/my_robot_bringup/share/my_robot_bringup//models/Fast Food/materials/scripts
-- Installing: /home/jo-jo/ros2_ws/install/my_robot_bringup/share/my_robot_bringup//models/Fast Food/materials/scripts/fast_food.material
-- Installing: /home/jo-jo/ros2_ws/install/my_robot_bringup/share/my_robot_bringup//models/Fast Food/model.config
-- Up-to-date: /home/jo-jo/ros2_ws/install/my_robot_bringup/share/my_robot_bringup//models/Vessel_E
-- Up-to-date: /home/jo-jo/ros2_ws/install/my_robot_bringup/share/my_robot_bringup//models/Vessel_E/meshes
-- Installing: /home/jo-jo/ros2_ws/install/my_robot_bringup/share/my_robot_bringup//models/Vessel_E/meshes/Boat05.dae
-- Installing: /home/jo-jo/ros2_ws/install/my_robot_bringup/share/my_robot_bringup//models/Vessel_E/model.sdf
-- Up-to-date: /home/jo-jo/ros2_ws/install/my_robot_bringup/share/my_robot_bringup//models/Vessel_E/thumbnails
-- Installing: /home/jo-jo/ros2_ws/install/my_robot_bringup/share/my_robot_bringup//models/Vessel_E/thumbnails/1.png
-- Up-to-date: /home/jo-jo/ros2_ws/install/my_robot_bringup/share/my_robot_bringup//models/Vessel_E/materials
-- Up-to-date: /home/jo-jo/ros2_ws/install/my_robot_bringup/share/my_robot_bringup//models/Vessel_E/materials/textures
-- Installing: /home/jo-jo/ros2_ws/install/my_robot_bringup/share/my_robot_bringup//models/Vessel_E/materials/textures/Boat05_Albedo.jpg
-- Installing: /home/jo-jo/ros2_ws/install/my_robot_bringup/share/my_robot_bringup//models/Vessel_E/materials/textures/Boat05_Normal.png
-- Installing: /home/jo-jo/ros2_ws/install/my_robot_bringup/share/my_robot_bringup//models/Vessel_E/materials/textures/Boat05_Metalness.png
-- Installing: /home/jo-jo/ros2_ws/install/my_robot_bringup/share/my_robot_bringup//models/Vessel_E/materials/textures/Boat05_Roughness.jpg
-- Installing: /home/jo-jo/ros2_ws/install/my_robot_bringup/share/my_robot_bringup//models/Vessel_E/model.config
-- Up-to-date: /home/jo-jo/ros2_ws/install/my_robot_bringup/share/my_robot_bringup//models/Telephone pole
-- Up-to-date: /home/jo-jo/ros2_ws/install/my_robot_bringup/share/my_robot_bringup//models/Telephone pole/meshes
-- Installing: /home/jo-jo/ros2_ws/install/my_robot_bringup/share/my_robot_bringup//models/Telephone pole/meshes/telephone_pole.dae
-- Installing: /home/jo-jo/ros2_ws/install/my_robot_bringup/share/my_robot_bringup//models/Telephone pole/model.sdf
-- Up-to-date: /home/jo-jo/ros2_ws/install/my_robot_bringup/share/my_robot_bringup//models/Telephone pole/thumbnails
-- Installing: /home/jo-jo/ros2_ws/install/my_robot_bringup/share/my_robot_bringup//models/Telephone pole/thumbnails/5.png
-- Installing: /home/jo-jo/ros2_ws/install/my_robot_bringup/share/my_robot_bringup//models/Telephone pole/thumbnails/4.png
-- Installing: /home/jo-jo/ros2_ws/install/my_robot_bringup/share/my_robot_bringup//models/Telephone pole/thumbnails/1.png
-- Installing: /home/jo-jo/ros2_ws/install/my_robot_bringup/share/my_robot_bringup//models/Telephone pole/thumbnails/2.png
-- Installing: /home/jo-jo/ros2_ws/install/my_robot_bringup/share/my_robot_bringup//models/Telephone pole/thumbnails/3.png
-- Up-to-date: /home/jo-jo/ros2_ws/install/my_robot_bringup/share/my_robot_bringup//models/Telephone pole/materials
-- Up-to-date: /home/jo-jo/ros2_ws/install/my_robot_bringup/share/my_robot_bringup//models/Telephone pole/materials/textures
-- Installing: /home/jo-jo/ros2_ws/install/my_robot_bringup/share/my_robot_bringup//models/Telephone pole/materials/textures/telephone_pole_wood_spec.jpg
-- Installing: /home/jo-jo/ros2_ws/install/my_robot_bringup/share/my_robot_bringup//models/Telephone pole/materials/textures/telephone_pole_metal_diffuse.jpg
-- Installing: /home/jo-jo/ros2_ws/install/my_robot_bringup/share/my_robot_bringup//models/Telephone pole/materials/textures/telephone_pole_wood_diffuse.jpg
-- Installing: /home/jo-jo/ros2_ws/install/my_robot_bringup/share/my_robot_bringup//models/Telephone pole/materials/textures/telephone_pole_metal_spec.jpg
-- Installing: /home/jo-jo/ros2_ws/install/my_robot_bringup/share/my_robot_bringup//models/Telephone pole/model.config
-- Up-to-date: /home/jo-jo/ros2_ws/install/my_robot_bringup/share/my_robot_bringup//models/textures
-- Up-to-date: /home/jo-jo/ros2_ws/install/my_robot_bringup/share/my_robot_bringup//models/textures/grass_textures
-- Installing: /home/jo-jo/ros2_ws/install/my_robot_bringup/share/my_robot_bringup//models/textures/grass_textures/green_grass_circular.png
-- Installing: /home/jo-jo/ros2_ws/install/my_robot_bringup/share/my_robot_bringup//models/textures/grass_textures/green_grass_seamless.jpg
-- Up-to-date: /home/jo-jo/ros2_ws/install/my_robot_bringup/share/my_robot_bringup//models/textures/misc_textures
-- Installing: /home/jo-jo/ros2_ws/install/my_robot_bringup/share/my_robot_bringup//models/textures/misc_textures/lava_2.jpeg
-- Installing: /home/jo-jo/ros2_ws/install/my_robot_bringup/share/my_robot_bringup//models/textures/misc_textures/lava_5.jpeg
-- Installing: /home/jo-jo/ros2_ws/install/my_robot_bringup/share/my_robot_bringup//models/textures/misc_textures/bright_green_leaves_small.jpg
-- Installing: /home/jo-jo/ros2_ws/install/my_robot_bringup/share/my_robot_bringup//models/textures/misc_textures/lava.jpeg
-- Installing: /home/jo-jo/ros2_ws/install/my_robot_bringup/share/my_robot_bringup//models/textures/misc_textures/lava_3.jpeg
-- Installing: /home/jo-jo/ros2_ws/install/my_robot_bringup/share/my_robot_bringup//models/textures/misc_textures/lava_4.jpeg
-- Up-to-date: /home/jo-jo/ros2_ws/install/my_robot_bringup/share/my_robot_bringup//models/textures/wood_textures
-- Installing: /home/jo-jo/ros2_ws/install/my_robot_bringup/share/my_robot_bringup//models/textures/wood_textures/wood_texture_seamless_1x5.jpg
-- Installing: /home/jo-jo/ros2_ws/install/my_robot_bringup/share/my_robot_bringup//models/textures/wood_textures/custom_wood_texture.jpg
-- Installing: /home/jo-jo/ros2_ws/install/my_robot_bringup/share/my_robot_bringup//models/textures/wood_textures/wood_texture_seamless_1x10.jpg
-- Installing: /home/jo-jo/ros2_ws/install/my_robot_bringup/share/my_robot_bringup//models/textures/wood_textures/custom_wood_texture.png
-- Installing: /home/jo-jo/ros2_ws/install/my_robot_bringup/share/my_robot_bringup//models/textures/wood_textures/bark.jpeg
-- Installing: /home/jo-jo/ros2_ws/install/my_robot_bringup/share/my_robot_bringup//models/textures/wood_textures/wood_texture_seamless_1x2.jpg
-- Installing: /home/jo-jo/ros2_ws/install/my_robot_bringup/share/my_robot_bringup//models/textures/wood_textures/wood_texture_seamless_1x3.jpg
-- Installing: /home/jo-jo/ros2_ws/install/my_robot_bringup/share/my_robot_bringup//models/textures/wood_textures/wood_texture_seamless_1x1.jpg
-- Up-to-date: /home/jo-jo/ros2_ws/install/my_robot_bringup/share/my_robot_bringup//models/textures/soil_textures
-- Installing: /home/jo-jo/ros2_ws/install/my_robot_bringup/share/my_robot_bringup//models/textures/soil_textures/soil_seamless_1.jpg
-- Installing: /home/jo-jo/ros2_ws/install/my_robot_bringup/share/my_robot_bringup//models/textures/soil_textures/dirt.jpeg
-- Up-to-date: /home/jo-jo/ros2_ws/install/my_robot_bringup/share/my_robot_bringup//models/textures/stone_textures
-- Installing: /home/jo-jo/ros2_ws/install/my_robot_bringup/share/my_robot_bringup//models/textures/stone_textures/stone_wall_seamless_1x3.jpg
-- Installing: /home/jo-jo/ros2_ws/install/my_robot_bringup/share/my_robot_bringup//models/textures/stone_textures/stone_wall_seamless_1x2.jpg
-- Installing: /home/jo-jo/ros2_ws/install/my_robot_bringup/share/my_robot_bringup//models/textures/stone_textures/stone_wall_seamless_2x1.jpg
-- Installing: /home/jo-jo/ros2_ws/install/my_robot_bringup/share/my_robot_bringup//models/textures/stone_textures/stone_wall_seamless_4x1.jpg
-- Installing: /home/jo-jo/ros2_ws/install/my_robot_bringup/share/my_robot_bringup//models/textures/stone_textures/stone_wall_seamless_1x1.jpg
-- Up-to-date: /home/jo-jo/ros2_ws/install/my_robot_bringup/share/my_robot_bringup//models/Schleich_Bald_Eagle
-- Up-to-date: /home/jo-jo/ros2_ws/install/my_robot_bringup/share/my_robot_bringup//models/Schleich_Bald_Eagle/meshes
-- Installing: /home/jo-jo/ros2_ws/install/my_robot_bringup/share/my_robot_bringup//models/Schleich_Bald_Eagle/meshes/model.obj
-- Installing: /home/jo-jo/ros2_ws/install/my_robot_bringup/share/my_robot_bringup//models/Schleich_Bald_Eagle/meshes/model.mtl
-- Installing: /home/jo-jo/ros2_ws/install/my_robot_bringup/share/my_robot_bringup//models/Schleich_Bald_Eagle/metadata.pbtxt
-- Installing: /home/jo-jo/ros2_ws/install/my_robot_bringup/share/my_robot_bringup//models/Schleich_Bald_Eagle/model.sdf
-- Up-to-date: /home/jo-jo/ros2_ws/install/my_robot_bringup/share/my_robot_bringup//models/Schleich_Bald_Eagle/thumbnails
-- Installing: /home/jo-jo/ros2_ws/install/my_robot_bringup/share/my_robot_bringup//models/Schleich_Bald_Eagle/thumbnails/0.jpg
-- Installing: /home/jo-jo/ros2_ws/install/my_robot_bringup/share/my_robot_bringup//models/Schleich_Bald_Eagle/thumbnails/4.jpg
-- Installing: /home/jo-jo/ros2_ws/install/my_robot_bringup/share/my_robot_bringup//models/Schleich_Bald_Eagle/thumbnails/1.jpg
-- Installing: /home/jo-jo/ros2_ws/install/my_robot_bringup/share/my_robot_bringup//models/Schleich_Bald_Eagle/thumbnails/3.jpg
-- Installing: /home/jo-jo/ros2_ws/install/my_robot_bringup/share/my_robot_bringup//models/Schleich_Bald_Eagle/thumbnails/2.jpg
-- Up-to-date: /home/jo-jo/ros2_ws/install/my_robot_bringup/share/my_robot_bringup//models/Schleich_Bald_Eagle/materials
-- Up-to-date: /home/jo-jo/ros2_ws/install/my_robot_bringup/share/my_robot_bringup//models/Schleich_Bald_Eagle/materials/textures
-- Installing: /home/jo-jo/ros2_ws/install/my_robot_bringup/share/my_robot_bringup//models/Schleich_Bald_Eagle/materials/textures/eagle_texture.png
-- Installing: /home/jo-jo/ros2_ws/install/my_robot_bringup/share/my_robot_bringup//models/Schleich_Bald_Eagle/model.config
-- Up-to-date: /home/jo-jo/ros2_ws/install/my_robot_bringup/share/my_robot_bringup//models/toilet_paper
-- Installing: /home/jo-jo/ros2_ws/install/my_robot_bringup/share/my_robot_bringup//models/toilet_paper/model.sdf
-- Up-to-date: /home/jo-jo/ros2_ws/install/my_robot_bringup/share/my_robot_bringup//models/toilet_paper/thumbnails
-- Installing: /home/jo-jo/ros2_ws/install/my_robot_bringup/share/my_robot_bringup//models/toilet_paper/thumbnails/1.png
-- Installing: /home/jo-jo/ros2_ws/install/my_robot_bringup/share/my_robot_bringup//models/toilet_paper/model.config
-- Up-to-date: /home/jo-jo/ros2_ws/install/my_robot_bringup/share/my_robot_bringup//models/Transformers_Age_of_Extinction_Stomp_and_Chomp_Grimlock_Figure
-- Up-to-date: /home/jo-jo/ros2_ws/install/my_robot_bringup/share/my_robot_bringup//models/Transformers_Age_of_Extinction_Stomp_and_Chomp_Grimlock_Figure/meshes
-- Installing: /home/jo-jo/ros2_ws/install/my_robot_bringup/share/my_robot_bringup//models/Transformers_Age_of_Extinction_Stomp_and_Chomp_Grimlock_Figure/meshes/model.obj
-- Installing: /home/jo-jo/ros2_ws/install/my_robot_bringup/share/my_robot_bringup//models/Transformers_Age_of_Extinction_Stomp_and_Chomp_Grimlock_Figure/meshes/model.mtl
-- Installing: /home/jo-jo/ros2_ws/install/my_robot_bringup/share/my_robot_bringup//models/Transformers_Age_of_Extinction_Stomp_and_Chomp_Grimlock_Figure/metadata.pbtxt
-- Installing: /home/jo-jo/ros2_ws/install/my_robot_bringup/share/my_robot_bringup//models/Transformers_Age_of_Extinction_Stomp_and_Chomp_Grimlock_Figure/model.sdf
-- Up-to-date: /home/jo-jo/ros2_ws/install/my_robot_bringup/share/my_robot_bringup//models/Transformers_Age_of_Extinction_Stomp_and_Chomp_Grimlock_Figure/thumbnails
-- Installing: /home/jo-jo/ros2_ws/install/my_robot_bringup/share/my_robot_bringup//models/Transformers_Age_of_Extinction_Stomp_and_Chomp_Grimlock_Figure/thumbnails/0.jpg
-- Installing: /home/jo-jo/ros2_ws/install/my_robot_bringup/share/my_robot_bringup//models/Transformers_Age_of_Extinction_Stomp_and_Chomp_Grimlock_Figure/thumbnails/4.jpg
-- Installing: /home/jo-jo/ros2_ws/install/my_robot_bringup/share/my_robot_bringup//models/Transformers_Age_of_Extinction_Stomp_and_Chomp_Grimlock_Figure/thumbnails/1.jpg
-- Installing: /home/jo-jo/ros2_ws/install/my_robot_bringup/share/my_robot_bringup//models/Transformers_Age_of_Extinction_Stomp_and_Chomp_Grimlock_Figure/thumbnails/3.jpg
-- Installing: /home/jo-jo/ros2_ws/install/my_robot_bringup/share/my_robot_bringup//models/Transformers_Age_of_Extinction_Stomp_and_Chomp_Grimlock_Figure/thumbnails/2.jpg
-- Up-to-date: /home/jo-jo/ros2_ws/install/my_robot_bringup/share/my_robot_bringup//models/Transformers_Age_of_Extinction_Stomp_and_Chomp_Grimlock_Figure/materials
-- Up-to-date: /home/jo-jo/ros2_ws/install/my_robot_bringup/share/my_robot_bringup//models/Transformers_Age_of_Extinction_Stomp_and_Chomp_Grimlock_Figure/materials/textures
-- Installing: /home/jo-jo/ros2_ws/install/my_robot_bringup/share/my_robot_bringup//models/Transformers_Age_of_Extinction_Stomp_and_Chomp_Grimlock_Figure/materials/textures/dinobot_texture.png
-- Installing: /home/jo-jo/ros2_ws/install/my_robot_bringup/share/my_robot_bringup//models/Transformers_Age_of_Extinction_Stomp_and_Chomp_Grimlock_Figure/model.config
-- Up-to-date: /home/jo-jo/ros2_ws/install/my_robot_bringup/share/my_robot_bringup//models/Sunken Ship Distorted
-- Up-to-date: /home/jo-jo/ros2_ws/install/my_robot_bringup/share/my_robot_bringup//models/Sunken Ship Distorted/meshes
-- Installing: /home/jo-jo/ros2_ws/install/my_robot_bringup/share/my_robot_bringup//models/Sunken Ship Distorted/meshes/sunkenship_distort.dae
-- Installing: /home/jo-jo/ros2_ws/install/my_robot_bringup/share/my_robot_bringup//models/Sunken Ship Distorted/model.sdf
-- Up-to-date: /home/jo-jo/ros2_ws/install/my_robot_bringup/share/my_robot_bringup//models/Sunken Ship Distorted/thumbnails
-- Installing: /home/jo-jo/ros2_ws/install/my_robot_bringup/share/my_robot_bringup//models/Sunken Ship Distorted/thumbnails/1.png
-- Installing: /home/jo-jo/ros2_ws/install/my_robot_bringup/share/my_robot_bringup//models/Sunken Ship Distorted/thumbnails/2.png
-- Installing: /home/jo-jo/ros2_ws/install/my_robot_bringup/share/my_robot_bringup//models/Sunken Ship Distorted/model.config
-- Up-to-date: /home/jo-jo/ros2_ws/install/my_robot_bringup/share/my_robot_bringup//models/Cave
-- Up-to-date: /home/jo-jo/ros2_ws/install/my_robot_bringup/share/my_robot_bringup//models/Cave/meshes
-- Installing: /home/jo-jo/ros2_ws/install/my_robot_bringup/share/my_robot_bringup//models/Cave/meshes/cave.dae
-- Installing: /home/jo-jo/ros2_ws/install/my_robot_bringup/share/my_robot_bringup//models/Cave/model.sdf
-- Up-to-date: /home/jo-jo/ros2_ws/install/my_robot_bringup/share/my_robot_bringup//models/Cave/thumbnails
-- Installing: /home/jo-jo/ros2_ws/install/my_robot_bringup/share/my_robot_bringup//models/Cave/thumbnails/1.jpg
-- Installing: /home/jo-jo/ros2_ws/install/my_robot_bringup/share/my_robot_bringup//models/Cave/thumbnails/2.jpg
-- Up-to-date: /home/jo-jo/ros2_ws/install/my_robot_bringup/share/my_robot_bringup//models/Cave/materials
-- Up-to-date: /home/jo-jo/ros2_ws/install/my_robot_bringup/share/my_robot_bringup//models/Cave/materials/textures
-- Installing: /home/jo-jo/ros2_ws/install/my_robot_bringup/share/my_robot_bringup//models/Cave/materials/textures/Rocks_Normal.png
-- Installing: /home/jo-jo/ros2_ws/install/my_robot_bringup/share/my_robot_bringup//models/Cave/materials/textures/Stalagmite_Albedo.png
-- Installing: /home/jo-jo/ros2_ws/install/my_robot_bringup/share/my_robot_bringup//models/Cave/materials/textures/RockPile_Normal.png
-- Installing: /home/jo-jo/ros2_ws/install/my_robot_bringup/share/my_robot_bringup//models/Cave/materials/textures/Tower_Albedo.png
-- Installing: /home/jo-jo/ros2_ws/install/my_robot_bringup/share/my_robot_bringup//models/Cave/materials/textures/CaveWall_Albedo.png
-- Installing: /home/jo-jo/ros2_ws/install/my_robot_bringup/share/my_robot_bringup//models/Cave/materials/textures/CaveWall_Normal.png
-- Installing: /home/jo-jo/ros2_ws/install/my_robot_bringup/share/my_robot_bringup//models/Cave/materials/textures/Stalagmite_Normal.png
-- Installing: /home/jo-jo/ros2_ws/install/my_robot_bringup/share/my_robot_bringup//models/Cave/materials/textures/RockPile_Albedo.png
-- Installing: /home/jo-jo/ros2_ws/install/my_robot_bringup/share/my_robot_bringup//models/Cave/materials/textures/Rocks_Albedo.png
-- Installing: /home/jo-jo/ros2_ws/install/my_robot_bringup/share/my_robot_bringup//models/Cave/materials/textures/Tower_Normal.png
-- Installing: /home/jo-jo/ros2_ws/install/my_robot_bringup/share/my_robot_bringup//models/Cave/model.config
-- Up-to-date: /home/jo-jo/ros2_ws/install/my_robot_bringup/share/my_robot_bringup//models/road_yellow_double
-- Up-to-date: /home/jo-jo/ros2_ws/install/my_robot_bringup/share/my_robot_bringup//models/road_yellow_double/textures
-- Installing: /home/jo-jo/ros2_ws/install/my_robot_bringup/share/my_robot_bringup//models/road_yellow_double/textures/asphalt.jpeg
-- Installing: /home/jo-jo/ros2_ws/install/my_robot_bringup/share/my_robot_bringup//models/road_yellow_double/model.sdf
-- Up-to-date: /home/jo-jo/ros2_ws/install/my_robot_bringup/share/my_robot_bringup//models/ClassCBed
-- Up-to-date: /home/jo-jo/ros2_ws/install/my_robot_bringup/share/my_robot_bringup//models/ClassCBed/meshes
-- Up-to-date: /home/jo-jo/ros2_ws/install/my_robot_bringup/share/my_robot_bringup//models/ClassCBed/meshes/Texture
-- Installing: /home/jo-jo/ros2_ws/install/my_robot_bringup/share/my_robot_bringup//models/ClassCBed/meshes/Texture/ClassCRoomBed_Albedo.png
-- Installing: /home/jo-jo/ros2_ws/install/my_robot_bringup/share/my_robot_bringup//models/ClassCBed/meshes/Texture/ClassCRoomBed_Roughness.png
-- Installing: /home/jo-jo/ros2_ws/install/my_robot_bringup/share/my_robot_bringup//models/ClassCBed/meshes/Texture/ClassCRoomBed_Metalness.png
-- Installing: /home/jo-jo/ros2_ws/install/my_robot_bringup/share/my_robot_bringup//models/ClassCBed/meshes/Texture/ClassCRoomBed_Normal.png
-- Installing: /home/jo-jo/ros2_ws/install/my_robot_bringup/share/my_robot_bringup//models/ClassCBed/meshes/ClassCBed.glb
-- Up-to-date: /home/jo-jo/ros2_ws/install/my_robot_bringup/share/my_robot_bringup//models/ClassCBed/meshes/Mesh
-- Installing: /home/jo-jo/ros2_ws/install/my_robot_bringup/share/my_robot_bringup//models/ClassCBed/meshes/Mesh/ClassCBed.dae
-- Installing: /home/jo-jo/ros2_ws/install/my_robot_bringup/share/my_robot_bringup//models/ClassCBed/model.sdf
-- Up-to-date: /home/jo-jo/ros2_ws/install/my_robot_bringup/share/my_robot_bringup//models/ClassCBed/thumbnails
-- Installing: /home/jo-jo/ros2_ws/install/my_robot_bringup/share/my_robot_bringup//models/ClassCBed/thumbnails/5.png
-- Installing: /home/jo-jo/ros2_ws/install/my_robot_bringup/share/my_robot_bringup//models/ClassCBed/thumbnails/4.png
-- Installing: /home/jo-jo/ros2_ws/install/my_robot_bringup/share/my_robot_bringup//models/ClassCBed/thumbnails/1.png
-- Installing: /home/jo-jo/ros2_ws/install/my_robot_bringup/share/my_robot_bringup//models/ClassCBed/thumbnails/2.png
-- Installing: /home/jo-jo/ros2_ws/install/my_robot_bringup/share/my_robot_bringup//models/ClassCBed/thumbnails/3.png
-- Installing: /home/jo-jo/ros2_ws/install/my_robot_bringup/share/my_robot_bringup//models/ClassCBed/model.config
-- Up-to-date: /home/jo-jo/ros2_ws/install/my_robot_bringup/share/my_robot_bringup//models/collapsed_fire_station
-- Up-to-date: /home/jo-jo/ros2_ws/install/my_robot_bringup/share/my_robot_bringup//models/collapsed_fire_station/meshes
-- Installing: /home/jo-jo/ros2_ws/install/my_robot_bringup/share/my_robot_bringup//models/collapsed_fire_station/meshes/collapsed_fire_station.dae
-- Installing: /home/jo-jo/ros2_ws/install/my_robot_bringup/share/my_robot_bringup//models/collapsed_fire_station/model.sdf
-- Up-to-date: /home/jo-jo/ros2_ws/install/my_robot_bringup/share/my_robot_bringup//models/collapsed_fire_station/thumbnails
-- Installing: /home/jo-jo/ros2_ws/install/my_robot_bringup/share/my_robot_bringup//models/collapsed_fire_station/thumbnails/5.png
-- Installing: /home/jo-jo/ros2_ws/install/my_robot_bringup/share/my_robot_bringup//models/collapsed_fire_station/thumbnails/4.png
-- Installing: /home/jo-jo/ros2_ws/install/my_robot_bringup/share/my_robot_bringup//models/collapsed_fire_station/thumbnails/1.png
-- Installing: /home/jo-jo/ros2_ws/install/my_robot_bringup/share/my_robot_bringup//models/collapsed_fire_station/thumbnails/2.png
-- Installing: /home/jo-jo/ros2_ws/install/my_robot_bringup/share/my_robot_bringup//models/collapsed_fire_station/thumbnails/3.png
-- Up-to-date: /home/jo-jo/ros2_ws/install/my_robot_bringup/share/my_robot_bringup//models/collapsed_fire_station/materials
-- Up-to-date: /home/jo-jo/ros2_ws/install/my_robot_bringup/share/my_robot_bringup//models/collapsed_fire_station/materials/textures
-- Installing: /home/jo-jo/ros2_ws/install/my_robot_bringup/share/my_robot_bringup//models/collapsed_fire_station/materials/textures/rubble_spec.jpg
-- Installing: /home/jo-jo/ros2_ws/install/my_robot_bringup/share/my_robot_bringup//models/collapsed_fire_station/materials/textures/collapsed_firestation_spec.jpg
-- Installing: /home/jo-jo/ros2_ws/install/my_robot_bringup/share/my_robot_bringup//models/collapsed_fire_station/materials/textures/collapsed_fire_station_diffuse.jpg
-- Installing: /home/jo-jo/ros2_ws/install/my_robot_bringup/share/my_robot_bringup//models/collapsed_fire_station/materials/textures/rubble_diffuse.jpg
-- Installing: /home/jo-jo/ros2_ws/install/my_robot_bringup/share/my_robot_bringup//models/collapsed_fire_station/model.config
-- Up-to-date: /home/jo-jo/ros2_ws/install/my_robot_bringup/share/my_robot_bringup//models/Chair
-- Up-to-date: /home/jo-jo/ros2_ws/install/my_robot_bringup/share/my_robot_bringup//models/Chair/meshes
-- Installing: /home/jo-jo/ros2_ws/install/my_robot_bringup/share/my_robot_bringup//models/Chair/meshes/Chair.mtl
-- Installing: /home/jo-jo/ros2_ws/install/my_robot_bringup/share/my_robot_bringup//models/Chair/meshes/Chair_Normal.png
-- Installing: /home/jo-jo/ros2_ws/install/my_robot_bringup/share/my_robot_bringup//models/Chair/meshes/Chair.png
-- Installing: /home/jo-jo/ros2_ws/install/my_robot_bringup/share/my_robot_bringup//models/Chair/meshes/Chair.obj
-- Installing: /home/jo-jo/ros2_ws/install/my_robot_bringup/share/my_robot_bringup//models/Chair/meshes/Chair_Diffuse.png
-- Installing: /home/jo-jo/ros2_ws/install/my_robot_bringup/share/my_robot_bringup//models/Chair/meshes/Chair_SpecGloss.png
-- Installing: /home/jo-jo/ros2_ws/install/my_robot_bringup/share/my_robot_bringup//models/Chair/model.sdf
-- Up-to-date: /home/jo-jo/ros2_ws/install/my_robot_bringup/share/my_robot_bringup//models/Chair/thumbnails
-- Installing: /home/jo-jo/ros2_ws/install/my_robot_bringup/share/my_robot_bringup//models/Chair/thumbnails/5.png
-- Installing: /home/jo-jo/ros2_ws/install/my_robot_bringup/share/my_robot_bringup//models/Chair/thumbnails/4.png
-- Installing: /home/jo-jo/ros2_ws/install/my_robot_bringup/share/my_robot_bringup//models/Chair/thumbnails/1.png
-- Installing: /home/jo-jo/ros2_ws/install/my_robot_bringup/share/my_robot_bringup//models/Chair/thumbnails/2.png
-- Installing: /home/jo-jo/ros2_ws/install/my_robot_bringup/share/my_robot_bringup//models/Chair/thumbnails/3.png
-- Installing: /home/jo-jo/ros2_ws/install/my_robot_bringup/share/my_robot_bringup//models/Chair/model.config
-- Up-to-date: /home/jo-jo/ros2_ws/install/my_robot_bringup/share/my_robot_bringup//models/Lenovo_Yoga_2_11
-- Up-to-date: /home/jo-jo/ros2_ws/install/my_robot_bringup/share/my_robot_bringup//models/Lenovo_Yoga_2_11/meshes
-- Installing: /home/jo-jo/ros2_ws/install/my_robot_bringup/share/my_robot_bringup//models/Lenovo_Yoga_2_11/meshes/model.obj
-- Installing: /home/jo-jo/ros2_ws/install/my_robot_bringup/share/my_robot_bringup//models/Lenovo_Yoga_2_11/meshes/model.mtl
-- Installing: /home/jo-jo/ros2_ws/install/my_robot_bringup/share/my_robot_bringup//models/Lenovo_Yoga_2_11/metadata.pbtxt
-- Installing: /home/jo-jo/ros2_ws/install/my_robot_bringup/share/my_robot_bringup//models/Lenovo_Yoga_2_11/model.sdf
-- Up-to-date: /home/jo-jo/ros2_ws/install/my_robot_bringup/share/my_robot_bringup//models/Lenovo_Yoga_2_11/thumbnails
-- Installing: /home/jo-jo/ros2_ws/install/my_robot_bringup/share/my_robot_bringup//models/Lenovo_Yoga_2_11/thumbnails/0.jpg
-- Installing: /home/jo-jo/ros2_ws/install/my_robot_bringup/share/my_robot_bringup//models/Lenovo_Yoga_2_11/thumbnails/4.jpg
-- Installing: /home/jo-jo/ros2_ws/install/my_robot_bringup/share/my_robot_bringup//models/Lenovo_Yoga_2_11/thumbnails/1.jpg
-- Installing: /home/jo-jo/ros2_ws/install/my_robot_bringup/share/my_robot_bringup//models/Lenovo_Yoga_2_11/thumbnails/3.jpg
-- Installing: /home/jo-jo/ros2_ws/install/my_robot_bringup/share/my_robot_bringup//models/Lenovo_Yoga_2_11/thumbnails/2.jpg
-- Up-to-date: /home/jo-jo/ros2_ws/install/my_robot_bringup/share/my_robot_bringup//models/Lenovo_Yoga_2_11/materials
-- Up-to-date: /home/jo-jo/ros2_ws/install/my_robot_bringup/share/my_robot_bringup//models/Lenovo_Yoga_2_11/materials/textures
-- Installing: /home/jo-jo/ros2_ws/install/my_robot_bringup/share/my_robot_bringup//models/Lenovo_Yoga_2_11/materials/textures/texture.png
-- Installing: /home/jo-jo/ros2_ws/install/my_robot_bringup/share/my_robot_bringup//models/Lenovo_Yoga_2_11/model.config
-- Up-to-date: /home/jo-jo/ros2_ws/install/my_robot_bringup/share/my_robot_bringup//models/cone_blue
-- Up-to-date: /home/jo-jo/ros2_ws/install/my_robot_bringup/share/my_robot_bringup//models/cone_blue/meshes
-- Installing: /home/jo-jo/ros2_ws/install/my_robot_bringup/share/my_robot_bringup//models/cone_blue/meshes/cone.stl
-- Installing: /home/jo-jo/ros2_ws/install/my_robot_bringup/share/my_robot_bringup//models/cone_blue/model.sdf
-- Up-to-date: /home/jo-jo/ros2_ws/install/my_robot_bringup/share/my_robot_bringup//models/cone_blue/thumbnails
-- Installing: /home/jo-jo/ros2_ws/install/my_robot_bringup/share/my_robot_bringup//models/cone_blue/thumbnails/Screenshot from 2025-07-05 15-09-02.png
-- Installing: /home/jo-jo/ros2_ws/install/my_robot_bringup/share/my_robot_bringup//models/cone_blue/model.config
-- Up-to-date: /home/jo-jo/ros2_ws/install/my_robot_bringup/share/my_robot_bringup//models/test
-- Up-to-date: /home/jo-jo/ros2_ws/install/my_robot_bringup/share/my_robot_bringup//models/test/meshes
-- Installing: /home/jo-jo/ros2_ws/install/my_robot_bringup/share/my_robot_bringup//models/test/meshes/model.obj
-- Installing: /home/jo-jo/ros2_ws/install/my_robot_bringup/share/my_robot_bringup//models/test/meshes/model.mtl
-- Installing: /home/jo-jo/ros2_ws/install/my_robot_bringup/share/my_robot_bringup//models/test/metadata.pbtxt
-- Installing: /home/jo-jo/ros2_ws/install/my_robot_bringup/share/my_robot_bringup//models/test/model.sdf
-- Up-to-date: /home/jo-jo/ros2_ws/install/my_robot_bringup/share/my_robot_bringup//models/test/thumbnails
-- Installing: /home/jo-jo/ros2_ws/install/my_robot_bringup/share/my_robot_bringup//models/test/thumbnails/0.jpg
-- Installing: /home/jo-jo/ros2_ws/install/my_robot_bringup/share/my_robot_bringup//models/test/thumbnails/4.jpg
-- Installing: /home/jo-jo/ros2_ws/install/my_robot_bringup/share/my_robot_bringup//models/test/thumbnails/1.jpg
-- Installing: /home/jo-jo/ros2_ws/install/my_robot_bringup/share/my_robot_bringup//models/test/thumbnails/3.jpg
-- Installing: /home/jo-jo/ros2_ws/install/my_robot_bringup/share/my_robot_bringup//models/test/thumbnails/2.jpg
-- Up-to-date: /home/jo-jo/ros2_ws/install/my_robot_bringup/share/my_robot_bringup//models/test/materials
-- Up-to-date: /home/jo-jo/ros2_ws/install/my_robot_bringup/share/my_robot_bringup//models/test/materials/textures
-- Installing: /home/jo-jo/ros2_ws/install/my_robot_bringup/share/my_robot_bringup//models/test/materials/textures/texture.png
-- Installing: /home/jo-jo/ros2_ws/install/my_robot_bringup/share/my_robot_bringup//models/test/model.config
-- Up-to-date: /home/jo-jo/ros2_ws/install/my_robot_bringup/share/my_robot_bringup//models/Cracker Box
-- Installing: /home/jo-jo/ros2_ws/install/my_robot_bringup/share/my_robot_bringup//models/Cracker Box/textured.obj
-- Installing: /home/jo-jo/ros2_ws/install/my_robot_bringup/share/my_robot_bringup//models/Cracker Box/model.sdf
-- Up-to-date: /home/jo-jo/ros2_ws/install/my_robot_bringup/share/my_robot_bringup//models/Cracker Box/thumbnails
-- Installing: /home/jo-jo/ros2_ws/install/my_robot_bringup/share/my_robot_bringup//models/Cracker Box/thumbnails/thumbnail3.png
-- Installing: /home/jo-jo/ros2_ws/install/my_robot_bringup/share/my_robot_bringup//models/Cracker Box/thumbnails/thumbnail1.png
-- Installing: /home/jo-jo/ros2_ws/install/my_robot_bringup/share/my_robot_bringup//models/Cracker Box/thumbnails/thumbnail4.png
-- Installing: /home/jo-jo/ros2_ws/install/my_robot_bringup/share/my_robot_bringup//models/Cracker Box/thumbnails/thumbnail5.png
-- Installing: /home/jo-jo/ros2_ws/install/my_robot_bringup/share/my_robot_bringup//models/Cracker Box/thumbnails/thumbnail2.png
-- Installing: /home/jo-jo/ros2_ws/install/my_robot_bringup/share/my_robot_bringup//models/Cracker Box/texture_map.png
-- Installing: /home/jo-jo/ros2_ws/install/my_robot_bringup/share/my_robot_bringup//models/Cracker Box/textured.mtl
-- Installing: /home/jo-jo/ros2_ws/install/my_robot_bringup/share/my_robot_bringup//models/Cracker Box/model.config
-- Up-to-date: /home/jo-jo/ros2_ws/install/my_robot_bringup/share/my_robot_bringup//models/Extinguisher cabinet
-- Up-to-date: /home/jo-jo/ros2_ws/install/my_robot_bringup/share/my_robot_bringup//models/Extinguisher cabinet/meshes
-- Installing: /home/jo-jo/ros2_ws/install/my_robot_bringup/share/my_robot_bringup//models/Extinguisher cabinet/meshes/box.mtl
-- Installing: /home/jo-jo/ros2_ws/install/my_robot_bringup/share/my_robot_bringup//models/Extinguisher cabinet/meshes/box.obj
-- Installing: /home/jo-jo/ros2_ws/install/my_robot_bringup/share/my_robot_bringup//models/Extinguisher cabinet/meshes/texture.png
-- Installing: /home/jo-jo/ros2_ws/install/my_robot_bringup/share/my_robot_bringup//models/Extinguisher cabinet/model.sdf
-- Up-to-date: /home/jo-jo/ros2_ws/install/my_robot_bringup/share/my_robot_bringup//models/Extinguisher cabinet/thumbnails
-- Installing: /home/jo-jo/ros2_ws/install/my_robot_bringup/share/my_robot_bringup//models/Extinguisher cabinet/thumbnails/5.png
-- Installing: /home/jo-jo/ros2_ws/install/my_robot_bringup/share/my_robot_bringup//models/Extinguisher cabinet/thumbnails/4.png
-- Installing: /home/jo-jo/ros2_ws/install/my_robot_bringup/share/my_robot_bringup//models/Extinguisher cabinet/thumbnails/1.png
-- Installing: /home/jo-jo/ros2_ws/install/my_robot_bringup/share/my_robot_bringup//models/Extinguisher cabinet/thumbnails/2.png
-- Installing: /home/jo-jo/ros2_ws/install/my_robot_bringup/share/my_robot_bringup//models/Extinguisher cabinet/thumbnails/3.png
-- Installing: /home/jo-jo/ros2_ws/install/my_robot_bringup/share/my_robot_bringup//models/Extinguisher cabinet/model.config
-- Up-to-date: /home/jo-jo/ros2_ws/install/my_robot_bringup/share/my_robot_bringup//models/collapsed_police_station
-- Up-to-date: /home/jo-jo/ros2_ws/install/my_robot_bringup/share/my_robot_bringup//models/collapsed_police_station/meshes
-- Installing: /home/jo-jo/ros2_ws/install/my_robot_bringup/share/my_robot_bringup//models/collapsed_police_station/meshes/collapsed_police_station.dae
-- Installing: /home/jo-jo/ros2_ws/install/my_robot_bringup/share/my_robot_bringup//models/collapsed_police_station/model.sdf
-- Up-to-date: /home/jo-jo/ros2_ws/install/my_robot_bringup/share/my_robot_bringup//models/collapsed_police_station/thumbnails
-- Installing: /home/jo-jo/ros2_ws/install/my_robot_bringup/share/my_robot_bringup//models/collapsed_police_station/thumbnails/5.png
-- Installing: /home/jo-jo/ros2_ws/install/my_robot_bringup/share/my_robot_bringup//models/collapsed_police_station/thumbnails/4.png
-- Installing: /home/jo-jo/ros2_ws/install/my_robot_bringup/share/my_robot_bringup//models/collapsed_police_station/thumbnails/1.png
-- Installing: /home/jo-jo/ros2_ws/install/my_robot_bringup/share/my_robot_bringup//models/collapsed_police_station/thumbnails/2.png
-- Installing: /home/jo-jo/ros2_ws/install/my_robot_bringup/share/my_robot_bringup//models/collapsed_police_station/thumbnails/3.png
-- Up-to-date: /home/jo-jo/ros2_ws/install/my_robot_bringup/share/my_robot_bringup//models/collapsed_police_station/materials
-- Up-to-date: /home/jo-jo/ros2_ws/install/my_robot_bringup/share/my_robot_bringup//models/collapsed_police_station/materials/textures
-- Installing: /home/jo-jo/ros2_ws/install/my_robot_bringup/share/my_robot_bringup//models/collapsed_police_station/materials/textures/collapsed_police_station_spec.jpg
-- Installing: /home/jo-jo/ros2_ws/install/my_robot_bringup/share/my_robot_bringup//models/collapsed_police_station/materials/textures/rough_concrete_spec.jpg
-- Installing: /home/jo-jo/ros2_ws/install/my_robot_bringup/share/my_robot_bringup//models/collapsed_police_station/materials/textures/rubble_spec.jpg
-- Installing: /home/jo-jo/ros2_ws/install/my_robot_bringup/share/my_robot_bringup//models/collapsed_police_station/materials/textures/collapsed_police_station_diffuse.jpg
-- Installing: /home/jo-jo/ros2_ws/install/my_robot_bringup/share/my_robot_bringup//models/collapsed_police_station/materials/textures/rubble_diffuse.jpg
-- Installing: /home/jo-jo/ros2_ws/install/my_robot_bringup/share/my_robot_bringup//models/collapsed_police_station/materials/textures/rough_concrete_diffuse.jpg
-- Installing: /home/jo-jo/ros2_ws/install/my_robot_bringup/share/my_robot_bringup//models/collapsed_police_station/model.config
-- Up-to-date: /home/jo-jo/ros2_ws/install/my_robot_bringup/share/my_robot_bringup//models/R160 Subway Car
-- Up-to-date: /home/jo-jo/ros2_ws/install/my_robot_bringup/share/my_robot_bringup//models/R160 Subway Car/meshes
-- Installing: /home/jo-jo/ros2_ws/install/my_robot_bringup/share/my_robot_bringup//models/R160 Subway Car/meshes/r160.dae
-- Installing: /home/jo-jo/ros2_ws/install/my_robot_bringup/share/my_robot_bringup//models/R160 Subway Car/metadata.pbtxt
-- Installing: /home/jo-jo/ros2_ws/install/my_robot_bringup/share/my_robot_bringup//models/R160 Subway Car/model.sdf
-- Up-to-date: /home/jo-jo/ros2_ws/install/my_robot_bringup/share/my_robot_bringup//models/R160 Subway Car/thumbnails
-- Installing: /home/jo-jo/ros2_ws/install/my_robot_bringup/share/my_robot_bringup//models/R160 Subway Car/thumbnails/4.png
-- Installing: /home/jo-jo/ros2_ws/install/my_robot_bringup/share/my_robot_bringup//models/R160 Subway Car/thumbnails/1.png
-- Installing: /home/jo-jo/ros2_ws/install/my_robot_bringup/share/my_robot_bringup//models/R160 Subway Car/thumbnails/2.png
-- Installing: /home/jo-jo/ros2_ws/install/my_robot_bringup/share/my_robot_bringup//models/R160 Subway Car/thumbnails/3.png
-- Up-to-date: /home/jo-jo/ros2_ws/install/my_robot_bringup/share/my_robot_bringup//models/R160 Subway Car/materials
-- Up-to-date: /home/jo-jo/ros2_ws/install/my_robot_bringup/share/my_robot_bringup//models/R160 Subway Car/materials/textures
-- Installing: /home/jo-jo/ros2_ws/install/my_robot_bringup/share/my_robot_bringup//models/R160 Subway Car/materials/textures/Body_Roughness.png
-- Installing: /home/jo-jo/ros2_ws/install/my_robot_bringup/share/my_robot_bringup//models/R160 Subway Car/materials/textures/Interior_Albedo.png
-- Installing: /home/jo-jo/ros2_ws/install/my_robot_bringup/share/my_robot_bringup//models/R160 Subway Car/materials/textures/Body_Emissive.png
-- Installing: /home/jo-jo/ros2_ws/install/my_robot_bringup/share/my_robot_bringup//models/R160 Subway Car/materials/textures/Body_Metalness.png
-- Installing: /home/jo-jo/ros2_ws/install/my_robot_bringup/share/my_robot_bringup//models/R160 Subway Car/materials/textures/Interior_Metalness.png
-- Installing: /home/jo-jo/ros2_ws/install/my_robot_bringup/share/my_robot_bringup//models/R160 Subway Car/materials/textures/Body_Albedo.png
-- Installing: /home/jo-jo/ros2_ws/install/my_robot_bringup/share/my_robot_bringup//models/R160 Subway Car/materials/textures/Interior_Emissive.png
-- Installing: /home/jo-jo/ros2_ws/install/my_robot_bringup/share/my_robot_bringup//models/R160 Subway Car/materials/textures/Undercarriage_Metalness.png
-- Installing: /home/jo-jo/ros2_ws/install/my_robot_bringup/share/my_robot_bringup//models/R160 Subway Car/materials/textures/Undercarriage_Albedo.png
-- Installing: /home/jo-jo/ros2_ws/install/my_robot_bringup/share/my_robot_bringup//models/R160 Subway Car/materials/textures/Undercarriage_Roughness.png
-- Installing: /home/jo-jo/ros2_ws/install/my_robot_bringup/share/my_robot_bringup//models/R160 Subway Car/materials/textures/Interior_Roughness.png
-- Up-to-date: /home/jo-jo/ros2_ws/install/my_robot_bringup/share/my_robot_bringup//models/R160 Subway Car/materials/scripts
-- Installing: /home/jo-jo/ros2_ws/install/my_robot_bringup/share/my_robot_bringup//models/R160 Subway Car/materials/scripts/model.material
-- Installing: /home/jo-jo/ros2_ws/install/my_robot_bringup/share/my_robot_bringup//models/R160 Subway Car/model.config
-- Up-to-date: /home/jo-jo/ros2_ws/install/my_robot_bringup/share/my_robot_bringup//models/Standard VTOL
-- Up-to-date: /home/jo-jo/ros2_ws/install/my_robot_bringup/share/my_robot_bringup//models/Standard VTOL/meshes
-- Installing: /home/jo-jo/ros2_ws/install/my_robot_bringup/share/my_robot_bringup//models/Standard VTOL/meshes/x8_elevon_left.dae
-- Installing: /home/jo-jo/ros2_ws/install/my_robot_bringup/share/my_robot_bringup//models/Standard VTOL/meshes/iris_prop_ccw.dae
-- Installing: /home/jo-jo/ros2_ws/install/my_robot_bringup/share/my_robot_bringup//models/Standard VTOL/meshes/iris_prop_cw.dae
-- Installing: /home/jo-jo/ros2_ws/install/my_robot_bringup/share/my_robot_bringup//models/Standard VTOL/meshes/x8_wing.dae
-- Installing: /home/jo-jo/ros2_ws/install/my_robot_bringup/share/my_robot_bringup//models/Standard VTOL/meshes/x8_elevon_right.dae
-- Installing: /home/jo-jo/ros2_ws/install/my_robot_bringup/share/my_robot_bringup//models/Standard VTOL/model.sdf
-- Up-to-date: /home/jo-jo/ros2_ws/install/my_robot_bringup/share/my_robot_bringup//models/Standard VTOL/thumbnails
-- Installing: /home/jo-jo/ros2_ws/install/my_robot_bringup/share/my_robot_bringup//models/Standard VTOL/thumbnails/standard_vtol.png
-- Installing: /home/jo-jo/ros2_ws/install/my_robot_bringup/share/my_robot_bringup//models/Standard VTOL/model.config
-- Up-to-date: /home/jo-jo/ros2_ws/install/my_robot_bringup/share/my_robot_bringup//models/Hatchback red
-- Up-to-date: /home/jo-jo/ros2_ws/install/my_robot_bringup/share/my_robot_bringup//models/Hatchback red/meshes
-- Installing: /home/jo-jo/ros2_ws/install/my_robot_bringup/share/my_robot_bringup//models/Hatchback red/meshes/hatchback.obj
-- Installing: /home/jo-jo/ros2_ws/install/my_robot_bringup/share/my_robot_bringup//models/Hatchback red/meshes/hatchback.mtl
-- Installing: /home/jo-jo/ros2_ws/install/my_robot_bringup/share/my_robot_bringup//models/Hatchback red/metadata.pbtxt
-- Installing: /home/jo-jo/ros2_ws/install/my_robot_bringup/share/my_robot_bringup//models/Hatchback red/model.sdf
-- Up-to-date: /home/jo-jo/ros2_ws/install/my_robot_bringup/share/my_robot_bringup//models/Hatchback red/thumbnails
-- Installing: /home/jo-jo/ros2_ws/install/my_robot_bringup/share/my_robot_bringup//models/Hatchback red/thumbnails/5.png
-- Installing: /home/jo-jo/ros2_ws/install/my_robot_bringup/share/my_robot_bringup//models/Hatchback red/thumbnails/4.png
-- Installing: /home/jo-jo/ros2_ws/install/my_robot_bringup/share/my_robot_bringup//models/Hatchback red/thumbnails/1.png
-- Installing: /home/jo-jo/ros2_ws/install/my_robot_bringup/share/my_robot_bringup//models/Hatchback red/thumbnails/2.png
-- Installing: /home/jo-jo/ros2_ws/install/my_robot_bringup/share/my_robot_bringup//models/Hatchback red/thumbnails/3.png
-- Up-to-date: /home/jo-jo/ros2_ws/install/my_robot_bringup/share/my_robot_bringup//models/Hatchback red/materials
-- Up-to-date: /home/jo-jo/ros2_ws/install/my_robot_bringup/share/my_robot_bringup//models/Hatchback red/materials/textures
-- Installing: /home/jo-jo/ros2_ws/install/my_robot_bringup/share/my_robot_bringup//models/Hatchback red/materials/textures/hatchback.png
-- Installing: /home/jo-jo/ros2_ws/install/my_robot_bringup/share/my_robot_bringup//models/Hatchback red/model.config
-- Up-to-date: /home/jo-jo/ros2_ws/install/my_robot_bringup/share/my_robot_bringup//models/water_tower
-- Up-to-date: /home/jo-jo/ros2_ws/install/my_robot_bringup/share/my_robot_bringup//models/water_tower/meshes
-- Installing: /home/jo-jo/ros2_ws/install/my_robot_bringup/share/my_robot_bringup//models/water_tower/meshes/water_tower.dae
-- Installing: /home/jo-jo/ros2_ws/install/my_robot_bringup/share/my_robot_bringup//models/water_tower/model.sdf
-- Up-to-date: /home/jo-jo/ros2_ws/install/my_robot_bringup/share/my_robot_bringup//models/water_tower/thumbnails
-- Installing: /home/jo-jo/ros2_ws/install/my_robot_bringup/share/my_robot_bringup//models/water_tower/thumbnails/5.png
-- Installing: /home/jo-jo/ros2_ws/install/my_robot_bringup/share/my_robot_bringup//models/water_tower/thumbnails/4.png
-- Installing: /home/jo-jo/ros2_ws/install/my_robot_bringup/share/my_robot_bringup//models/water_tower/thumbnails/1.png
-- Installing: /home/jo-jo/ros2_ws/install/my_robot_bringup/share/my_robot_bringup//models/water_tower/thumbnails/2.png
-- Installing: /home/jo-jo/ros2_ws/install/my_robot_bringup/share/my_robot_bringup//models/water_tower/thumbnails/3.png
-- Up-to-date: /home/jo-jo/ros2_ws/install/my_robot_bringup/share/my_robot_bringup//models/water_tower/materials
-- Up-to-date: /home/jo-jo/ros2_ws/install/my_robot_bringup/share/my_robot_bringup//models/water_tower/materials/textures
-- Installing: /home/jo-jo/ros2_ws/install/my_robot_bringup/share/my_robot_bringup//models/water_tower/materials/textures/water_tower_diffuse.jpg
-- Installing: /home/jo-jo/ros2_ws/install/my_robot_bringup/share/my_robot_bringup//models/water_tower/materials/textures/water_tower_spec.jpg
-- Installing: /home/jo-jo/ros2_ws/install/my_robot_bringup/share/my_robot_bringup//models/water_tower/model.config
-- Up-to-date: /home/jo-jo/ros2_ws/install/my_robot_bringup/share/my_robot_bringup//models/Euro pallet
-- Up-to-date: /home/jo-jo/ros2_ws/install/my_robot_bringup/share/my_robot_bringup//models/Euro pallet/meshes
-- Installing: /home/jo-jo/ros2_ws/install/my_robot_bringup/share/my_robot_bringup//models/Euro pallet/meshes/Bois_palette.jpg
-- Installing: /home/jo-jo/ros2_ws/install/my_robot_bringup/share/my_robot_bringup//models/Euro pallet/meshes/euro_pallet.dae
-- Installing: /home/jo-jo/ros2_ws/install/my_robot_bringup/share/my_robot_bringup//models/Euro pallet/model.sdf
-- Up-to-date: /home/jo-jo/ros2_ws/install/my_robot_bringup/share/my_robot_bringup//models/Euro pallet/thumbnails
-- Installing: /home/jo-jo/ros2_ws/install/my_robot_bringup/share/my_robot_bringup//models/Euro pallet/thumbnails/1.png
-- Installing: /home/jo-jo/ros2_ws/install/my_robot_bringup/share/my_robot_bringup//models/Euro pallet/thumbnails/2.png
-- Installing: /home/jo-jo/ros2_ws/install/my_robot_bringup/share/my_robot_bringup//models/Euro pallet/model.config
-- Up-to-date: /home/jo-jo/ros2_ws/install/my_robot_bringup/share/my_robot_bringup//models/delivery_artistic_picture
-- Up-to-date: /home/jo-jo/ros2_ws/install/my_robot_bringup/share/my_robot_bringup//models/delivery_artistic_picture/meshes
-- Installing: /home/jo-jo/ros2_ws/install/my_robot_bringup/share/my_robot_bringup//models/delivery_artistic_picture/meshes/delivery_artistic_picture.png
-- Installing: /home/jo-jo/ros2_ws/install/my_robot_bringup/share/my_robot_bringup//models/delivery_artistic_picture/meshes/delivery_artistic_picture.dae
-- Installing: /home/jo-jo/ros2_ws/install/my_robot_bringup/share/my_robot_bringup//models/delivery_artistic_picture/model.sdf
-- Up-to-date: /home/jo-jo/ros2_ws/install/my_robot_bringup/share/my_robot_bringup//models/delivery_artistic_picture/thumbnails
-- Installing: /home/jo-jo/ros2_ws/install/my_robot_bringup/share/my_robot_bringup//models/delivery_artistic_picture/thumbnails/1.png
-- Installing: /home/jo-jo/ros2_ws/install/my_robot_bringup/share/my_robot_bringup//models/delivery_artistic_picture/model.config
-- Up-to-date: /home/jo-jo/ros2_ws/install/my_robot_bringup/share/my_robot_bringup//models/Breakfast Menu Original
-- Up-to-date: /home/jo-jo/ros2_ws/install/my_robot_bringup/share/my_robot_bringup//models/Breakfast Menu Original/meshes
-- Installing: /home/jo-jo/ros2_ws/install/my_robot_bringup/share/my_robot_bringup//models/Breakfast Menu Original/meshes/model.obj
-- Installing: /home/jo-jo/ros2_ws/install/my_robot_bringup/share/my_robot_bringup//models/Breakfast Menu Original/meshes/model.mtl
-- Installing: /home/jo-jo/ros2_ws/install/my_robot_bringup/share/my_robot_bringup//models/Breakfast Menu Original/model.sdf
-- Up-to-date: /home/jo-jo/ros2_ws/install/my_robot_bringup/share/my_robot_bringup//models/Breakfast Menu Original/thumbnails
-- Installing: /home/jo-jo/ros2_ws/install/my_robot_bringup/share/my_robot_bringup//models/Breakfast Menu Original/thumbnails/0.jpg
-- Installing: /home/jo-jo/ros2_ws/install/my_robot_bringup/share/my_robot_bringup//models/Breakfast Menu Original/thumbnails/4.jpg
-- Installing: /home/jo-jo/ros2_ws/install/my_robot_bringup/share/my_robot_bringup//models/Breakfast Menu Original/thumbnails/1.jpg
-- Installing: /home/jo-jo/ros2_ws/install/my_robot_bringup/share/my_robot_bringup//models/Breakfast Menu Original/thumbnails/3.jpg
-- Installing: /home/jo-jo/ros2_ws/install/my_robot_bringup/share/my_robot_bringup//models/Breakfast Menu Original/thumbnails/2.jpg
-- Up-to-date: /home/jo-jo/ros2_ws/install/my_robot_bringup/share/my_robot_bringup//models/Breakfast Menu Original/materials
-- Up-to-date: /home/jo-jo/ros2_ws/install/my_robot_bringup/share/my_robot_bringup//models/Breakfast Menu Original/materials/textures
-- Installing: /home/jo-jo/ros2_ws/install/my_robot_bringup/share/my_robot_bringup//models/Breakfast Menu Original/materials/textures/breakfast_menu_diffuse.png
-- Installing: /home/jo-jo/ros2_ws/install/my_robot_bringup/share/my_robot_bringup//models/Breakfast Menu Original/model.config
-- Up-to-date: /home/jo-jo/ros2_ws/install/my_robot_bringup/share/my_robot_bringup//models/Weisshai_Great_White_Shark
-- Up-to-date: /home/jo-jo/ros2_ws/install/my_robot_bringup/share/my_robot_bringup//models/Weisshai_Great_White_Shark/meshes
-- Installing: /home/jo-jo/ros2_ws/install/my_robot_bringup/share/my_robot_bringup//models/Weisshai_Great_White_Shark/meshes/model.obj
-- Installing: /home/jo-jo/ros2_ws/install/my_robot_bringup/share/my_robot_bringup//models/Weisshai_Great_White_Shark/meshes/model.mtl
-- Installing: /home/jo-jo/ros2_ws/install/my_robot_bringup/share/my_robot_bringup//models/Weisshai_Great_White_Shark/metadata.pbtxt
-- Installing: /home/jo-jo/ros2_ws/install/my_robot_bringup/share/my_robot_bringup//models/Weisshai_Great_White_Shark/model.sdf
-- Up-to-date: /home/jo-jo/ros2_ws/install/my_robot_bringup/share/my_robot_bringup//models/Weisshai_Great_White_Shark/thumbnails
-- Installing: /home/jo-jo/ros2_ws/install/my_robot_bringup/share/my_robot_bringup//models/Weisshai_Great_White_Shark/thumbnails/0.jpg
-- Installing: /home/jo-jo/ros2_ws/install/my_robot_bringup/share/my_robot_bringup//models/Weisshai_Great_White_Shark/thumbnails/4.jpg
-- Installing: /home/jo-jo/ros2_ws/install/my_robot_bringup/share/my_robot_bringup//models/Weisshai_Great_White_Shark/thumbnails/1.jpg
-- Installing: /home/jo-jo/ros2_ws/install/my_robot_bringup/share/my_robot_bringup//models/Weisshai_Great_White_Shark/thumbnails/3.jpg
-- Installing: /home/jo-jo/ros2_ws/install/my_robot_bringup/share/my_robot_bringup//models/Weisshai_Great_White_Shark/thumbnails/2.jpg
-- Up-to-date: /home/jo-jo/ros2_ws/install/my_robot_bringup/share/my_robot_bringup//models/Weisshai_Great_White_Shark/materials
-- Up-to-date: /home/jo-jo/ros2_ws/install/my_robot_bringup/share/my_robot_bringup//models/Weisshai_Great_White_Shark/materials/textures
-- Installing: /home/jo-jo/ros2_ws/install/my_robot_bringup/share/my_robot_bringup//models/Weisshai_Great_White_Shark/materials/textures/shark_texture.png
-- Installing: /home/jo-jo/ros2_ws/install/my_robot_bringup/share/my_robot_bringup//models/Weisshai_Great_White_Shark/model.config
-- Up-to-date: /home/jo-jo/ros2_ws/install/my_robot_bringup/share/my_robot_bringup//models/lava(WIP, test, currently non-functional)
-- Up-to-date: /home/jo-jo/ros2_ws/install/my_robot_bringup/share/my_robot_bringup//models/lava(WIP, test, currently non-functional)/meshes
-- Installing: /home/jo-jo/ros2_ws/install/my_robot_bringup/share/my_robot_bringup//models/lava(WIP, test, currently non-functional)/meshes/waterlow.dae
-- Installing: /home/jo-jo/ros2_ws/install/my_robot_bringup/share/my_robot_bringup//models/lava(WIP, test, currently non-functional)/meshes/lava.jpeg
-- Installing: /home/jo-jo/ros2_ws/install/my_robot_bringup/share/my_robot_bringup//models/lava(WIP, test, currently non-functional)/model.sdf
-- Up-to-date: /home/jo-jo/ros2_ws/install/my_robot_bringup/share/my_robot_bringup//models/lava(WIP, test, currently non-functional)/thumbnails
-- Installing: /home/jo-jo/ros2_ws/install/my_robot_bringup/share/my_robot_bringup//models/lava(WIP, test, currently non-functional)/thumbnails/1.png
-- Up-to-date: /home/jo-jo/ros2_ws/install/my_robot_bringup/share/my_robot_bringup//models/lava(WIP, test, currently non-functional)/materials
-- Up-to-date: /home/jo-jo/ros2_ws/install/my_robot_bringup/share/my_robot_bringup//models/lava(WIP, test, currently non-functional)/materials/programs
-- Installing: /home/jo-jo/ros2_ws/install/my_robot_bringup/share/my_robot_bringup//models/lava(WIP, test, currently non-functional)/materials/programs/GerstnerWaves_vs_330.glsl
-- Installing: /home/jo-jo/ros2_ws/install/my_robot_bringup/share/my_robot_bringup//models/lava(WIP, test, currently non-functional)/materials/programs/GerstnerWaves_fs_330.glsl
-- Installing: /home/jo-jo/ros2_ws/install/my_robot_bringup/share/my_robot_bringup//models/lava(WIP, test, currently non-functional)/materials/programs/GerstnerWaves_vs.metal
-- Installing: /home/jo-jo/ros2_ws/install/my_robot_bringup/share/my_robot_bringup//models/lava(WIP, test, currently non-functional)/materials/programs/GerstnerWaves_fs.metal
-- Up-to-date: /home/jo-jo/ros2_ws/install/my_robot_bringup/share/my_robot_bringup//models/lava(WIP, test, currently non-functional)/materials/textures
-- Installing: /home/jo-jo/ros2_ws/install/my_robot_bringup/share/my_robot_bringup//models/lava(WIP, test, currently non-functional)/materials/textures/wave_normals.dds
-- Installing: /home/jo-jo/ros2_ws/install/my_robot_bringup/share/my_robot_bringup//models/lava(WIP, test, currently non-functional)/materials/textures/skybox_lowres.dds
-- Installing: /home/jo-jo/ros2_ws/install/my_robot_bringup/share/my_robot_bringup//models/lava(WIP, test, currently non-functional)/model.config
-- Up-to-date: /home/jo-jo/ros2_ws/install/my_robot_bringup/share/my_robot_bringup//models/cone_orange
-- Up-to-date: /home/jo-jo/ros2_ws/install/my_robot_bringup/share/my_robot_bringup//models/cone_orange/meshes
-- Installing: /home/jo-jo/ros2_ws/install/my_robot_bringup/share/my_robot_bringup//models/cone_orange/meshes/cone.stl
-- Installing: /home/jo-jo/ros2_ws/install/my_robot_bringup/share/my_robot_bringup//models/cone_orange/model.sdf
-- Up-to-date: /home/jo-jo/ros2_ws/install/my_robot_bringup/share/my_robot_bringup//models/cone_orange/thumbnails
-- Installing: /home/jo-jo/ros2_ws/install/my_robot_bringup/share/my_robot_bringup//models/cone_orange/thumbnails/Screenshot from 2025-07-05 15-15-27.png
-- Installing: /home/jo-jo/ros2_ws/install/my_robot_bringup/share/my_robot_bringup//models/cone_orange/model.config
-- Up-to-date: /home/jo-jo/ros2_ws/install/my_robot_bringup/share/my_robot_bringup//models/Pickup
-- Up-to-date: /home/jo-jo/ros2_ws/install/my_robot_bringup/share/my_robot_bringup//models/Pickup/meshes
-- Installing: /home/jo-jo/ros2_ws/install/my_robot_bringup/share/my_robot_bringup//models/Pickup/meshes/pickup.dae
-- Installing: /home/jo-jo/ros2_ws/install/my_robot_bringup/share/my_robot_bringup//models/Pickup/metadata.pbtxt
-- Installing: /home/jo-jo/ros2_ws/install/my_robot_bringup/share/my_robot_bringup//models/Pickup/model.sdf
-- Up-to-date: /home/jo-jo/ros2_ws/install/my_robot_bringup/share/my_robot_bringup//models/Pickup/thumbnails
-- Installing: /home/jo-jo/ros2_ws/install/my_robot_bringup/share/my_robot_bringup//models/Pickup/thumbnails/5.png
-- Installing: /home/jo-jo/ros2_ws/install/my_robot_bringup/share/my_robot_bringup//models/Pickup/thumbnails/4.png
-- Installing: /home/jo-jo/ros2_ws/install/my_robot_bringup/share/my_robot_bringup//models/Pickup/thumbnails/1.png
-- Installing: /home/jo-jo/ros2_ws/install/my_robot_bringup/share/my_robot_bringup//models/Pickup/thumbnails/2.png
-- Installing: /home/jo-jo/ros2_ws/install/my_robot_bringup/share/my_robot_bringup//models/Pickup/thumbnails/3.png
-- Up-to-date: /home/jo-jo/ros2_ws/install/my_robot_bringup/share/my_robot_bringup//models/Pickup/materials
-- Up-to-date: /home/jo-jo/ros2_ws/install/my_robot_bringup/share/my_robot_bringup//models/Pickup/materials/textures
-- Installing: /home/jo-jo/ros2_ws/install/my_robot_bringup/share/my_robot_bringup//models/Pickup/materials/textures/pickup_diffuse.jpg
-- Installing: /home/jo-jo/ros2_ws/install/my_robot_bringup/share/my_robot_bringup//models/Pickup/materials/textures/wheels2.jpg
-- Installing: /home/jo-jo/ros2_ws/install/my_robot_bringup/share/my_robot_bringup//models/Pickup/model.config
-- Up-to-date: /home/jo-jo/ros2_ws/install/my_robot_bringup/share/my_robot_bringup//models/WoodenChair
-- Up-to-date: /home/jo-jo/ros2_ws/install/my_robot_bringup/share/my_robot_bringup//models/WoodenChair/meshes
-- Installing: /home/jo-jo/ros2_ws/install/my_robot_bringup/share/my_robot_bringup//models/WoodenChair/meshes/WoodenChair_Diffuse.png
-- Installing: /home/jo-jo/ros2_ws/install/my_robot_bringup/share/my_robot_bringup//models/WoodenChair/meshes/WoodenChair.obj
-- Installing: /home/jo-jo/ros2_ws/install/my_robot_bringup/share/my_robot_bringup//models/WoodenChair/meshes/WoodenChair_Col.mtl
-- Installing: /home/jo-jo/ros2_ws/install/my_robot_bringup/share/my_robot_bringup//models/WoodenChair/meshes/WoodenChair.mtl
-- Installing: /home/jo-jo/ros2_ws/install/my_robot_bringup/share/my_robot_bringup//models/WoodenChair/meshes/WoodenChair_Col.obj
-- Installing: /home/jo-jo/ros2_ws/install/my_robot_bringup/share/my_robot_bringup//models/WoodenChair/meshes/WoodenChair_Rough.png
-- Installing: /home/jo-jo/ros2_ws/install/my_robot_bringup/share/my_robot_bringup//models/WoodenChair/model.sdf
-- Up-to-date: /home/jo-jo/ros2_ws/install/my_robot_bringup/share/my_robot_bringup//models/WoodenChair/thumbnails
-- Installing: /home/jo-jo/ros2_ws/install/my_robot_bringup/share/my_robot_bringup//models/WoodenChair/thumbnails/5.png
-- Installing: /home/jo-jo/ros2_ws/install/my_robot_bringup/share/my_robot_bringup//models/WoodenChair/thumbnails/4.png
-- Installing: /home/jo-jo/ros2_ws/install/my_robot_bringup/share/my_robot_bringup//models/WoodenChair/thumbnails/1.png
-- Installing: /home/jo-jo/ros2_ws/install/my_robot_bringup/share/my_robot_bringup//models/WoodenChair/thumbnails/2.png
-- Installing: /home/jo-jo/ros2_ws/install/my_robot_bringup/share/my_robot_bringup//models/WoodenChair/thumbnails/3.png
-- Installing: /home/jo-jo/ros2_ws/install/my_robot_bringup/share/my_robot_bringup//models/WoodenChair/model.config
-- Up-to-date: /home/jo-jo/ros2_ws/install/my_robot_bringup/share/my_robot_bringup//models/Salad_on_a_Plate
-- Up-to-date: /home/jo-jo/ros2_ws/install/my_robot_bringup/share/my_robot_bringup//models/Salad_on_a_Plate/meshes
-- Installing: /home/jo-jo/ros2_ws/install/my_robot_bringup/share/my_robot_bringup//models/Salad_on_a_Plate/meshes/model.obj
-- Installing: /home/jo-jo/ros2_ws/install/my_robot_bringup/share/my_robot_bringup//models/Salad_on_a_Plate/meshes/model.mtl
-- Installing: /home/jo-jo/ros2_ws/install/my_robot_bringup/share/my_robot_bringup//models/Salad_on_a_Plate/metadata.pbtxt
-- Installing: /home/jo-jo/ros2_ws/install/my_robot_bringup/share/my_robot_bringup//models/Salad_on_a_Plate/model.sdf
-- Up-to-date: /home/jo-jo/ros2_ws/install/my_robot_bringup/share/my_robot_bringup//models/Salad_on_a_Plate/thumbnails
-- Installing: /home/jo-jo/ros2_ws/install/my_robot_bringup/share/my_robot_bringup//models/Salad_on_a_Plate/thumbnails/0.jpg
-- Installing: /home/jo-jo/ros2_ws/install/my_robot_bringup/share/my_robot_bringup//models/Salad_on_a_Plate/thumbnails/4.jpg
-- Installing: /home/jo-jo/ros2_ws/install/my_robot_bringup/share/my_robot_bringup//models/Salad_on_a_Plate/thumbnails/1.jpg
-- Installing: /home/jo-jo/ros2_ws/install/my_robot_bringup/share/my_robot_bringup//models/Salad_on_a_Plate/thumbnails/3.jpg
-- Installing: /home/jo-jo/ros2_ws/install/my_robot_bringup/share/my_robot_bringup//models/Salad_on_a_Plate/thumbnails/2.jpg
-- Up-to-date: /home/jo-jo/ros2_ws/install/my_robot_bringup/share/my_robot_bringup//models/Salad_on_a_Plate/materials
-- Up-to-date: /home/jo-jo/ros2_ws/install/my_robot_bringup/share/my_robot_bringup//models/Salad_on_a_Plate/materials/textures
-- Installing: /home/jo-jo/ros2_ws/install/my_robot_bringup/share/my_robot_bringup//models/Salad_on_a_Plate/materials/textures/texture.png
-- Installing: /home/jo-jo/ros2_ws/install/my_robot_bringup/share/my_robot_bringup//models/Salad_on_a_Plate/model.config
-- Up-to-date: /home/jo-jo/ros2_ws/install/my_robot_bringup/share/my_robot_bringup//models/Gas_Station
-- Up-to-date: /home/jo-jo/ros2_ws/install/my_robot_bringup/share/my_robot_bringup//models/Gas_Station/meshes
-- Installing: /home/jo-jo/ros2_ws/install/my_robot_bringup/share/my_robot_bringup//models/Gas_Station/meshes/gas_station.dae
-- Installing: /home/jo-jo/ros2_ws/install/my_robot_bringup/share/my_robot_bringup//models/Gas_Station/model-1_3.sdf
-- Installing: /home/jo-jo/ros2_ws/install/my_robot_bringup/share/my_robot_bringup//models/Gas_Station/model.sdf
-- Installing: /home/jo-jo/ros2_ws/install/my_robot_bringup/share/my_robot_bringup//models/Gas_Station/model-1_4.sdf
-- Up-to-date: /home/jo-jo/ros2_ws/install/my_robot_bringup/share/my_robot_bringup//models/Gas_Station/thumbnails
-- Installing: /home/jo-jo/ros2_ws/install/my_robot_bringup/share/my_robot_bringup//models/Gas_Station/thumbnails/5.png
-- Installing: /home/jo-jo/ros2_ws/install/my_robot_bringup/share/my_robot_bringup//models/Gas_Station/thumbnails/4.png
-- Installing: /home/jo-jo/ros2_ws/install/my_robot_bringup/share/my_robot_bringup//models/Gas_Station/thumbnails/1.png
-- Installing: /home/jo-jo/ros2_ws/install/my_robot_bringup/share/my_robot_bringup//models/Gas_Station/thumbnails/2.png
-- Installing: /home/jo-jo/ros2_ws/install/my_robot_bringup/share/my_robot_bringup//models/Gas_Station/thumbnails/3.png
-- Up-to-date: /home/jo-jo/ros2_ws/install/my_robot_bringup/share/my_robot_bringup//models/Gas_Station/materials
-- Up-to-date: /home/jo-jo/ros2_ws/install/my_robot_bringup/share/my_robot_bringup//models/Gas_Station/materials/textures
-- Installing: /home/jo-jo/ros2_ws/install/my_robot_bringup/share/my_robot_bringup//models/Gas_Station/materials/textures/GasStation_Normal.png
-- Installing: /home/jo-jo/ros2_ws/install/my_robot_bringup/share/my_robot_bringup//models/Gas_Station/materials/textures/GasStation_Spec.png
-- Installing: /home/jo-jo/ros2_ws/install/my_robot_bringup/share/my_robot_bringup//models/Gas_Station/materials/textures/GasStation_Diffuse.png
-- Up-to-date: /home/jo-jo/ros2_ws/install/my_robot_bringup/share/my_robot_bringup//models/Gas_Station/materials/scripts
-- Installing: /home/jo-jo/ros2_ws/install/my_robot_bringup/share/my_robot_bringup//models/Gas_Station/materials/scripts/gas_station.material
-- Installing: /home/jo-jo/ros2_ws/install/my_robot_bringup/share/my_robot_bringup//models/Gas_Station/model.config
-- Up-to-date: /home/jo-jo/ros2_ws/install/my_robot_bringup/share/my_robot_bringup//models/Radio tower
-- Up-to-date: /home/jo-jo/ros2_ws/install/my_robot_bringup/share/my_robot_bringup//models/Radio tower/meshes
-- Installing: /home/jo-jo/ros2_ws/install/my_robot_bringup/share/my_robot_bringup//models/Radio tower/meshes/radio_tower.dae
-- Installing: /home/jo-jo/ros2_ws/install/my_robot_bringup/share/my_robot_bringup//models/Radio tower/model.sdf
-- Up-to-date: /home/jo-jo/ros2_ws/install/my_robot_bringup/share/my_robot_bringup//models/Radio tower/thumbnails
-- Installing: /home/jo-jo/ros2_ws/install/my_robot_bringup/share/my_robot_bringup//models/Radio tower/thumbnails/5.png
-- Installing: /home/jo-jo/ros2_ws/install/my_robot_bringup/share/my_robot_bringup//models/Radio tower/thumbnails/4.png
-- Installing: /home/jo-jo/ros2_ws/install/my_robot_bringup/share/my_robot_bringup//models/Radio tower/thumbnails/1.png
-- Installing: /home/jo-jo/ros2_ws/install/my_robot_bringup/share/my_robot_bringup//models/Radio tower/thumbnails/2.png
-- Installing: /home/jo-jo/ros2_ws/install/my_robot_bringup/share/my_robot_bringup//models/Radio tower/thumbnails/3.png
-- Up-to-date: /home/jo-jo/ros2_ws/install/my_robot_bringup/share/my_robot_bringup//models/Radio tower/materials
-- Up-to-date: /home/jo-jo/ros2_ws/install/my_robot_bringup/share/my_robot_bringup//models/Radio tower/materials/textures
-- Installing: /home/jo-jo/ros2_ws/install/my_robot_bringup/share/my_robot_bringup//models/Radio tower/materials/textures/radio_tower_diffuse.jpg
-- Installing: /home/jo-jo/ros2_ws/install/my_robot_bringup/share/my_robot_bringup//models/Radio tower/materials/textures/radio_tower_spec.jpg
-- Installing: /home/jo-jo/ros2_ws/install/my_robot_bringup/share/my_robot_bringup//models/Radio tower/model.config
-- Up-to-date: /home/jo-jo/ros2_ws/install/my_robot_bringup/share/my_robot_bringup//models/Thomas_Friends_Wooden_Railway_Talking_Thomas_z7yi7UFHJRj
-- Up-to-date: /home/jo-jo/ros2_ws/install/my_robot_bringup/share/my_robot_bringup//models/Thomas_Friends_Wooden_Railway_Talking_Thomas_z7yi7UFHJRj/meshes
-- Installing: /home/jo-jo/ros2_ws/install/my_robot_bringup/share/my_robot_bringup//models/Thomas_Friends_Wooden_Railway_Talking_Thomas_z7yi7UFHJRj/meshes/model.obj
-- Installing: /home/jo-jo/ros2_ws/install/my_robot_bringup/share/my_robot_bringup//models/Thomas_Friends_Wooden_Railway_Talking_Thomas_z7yi7UFHJRj/meshes/model.mtl
-- Installing: /home/jo-jo/ros2_ws/install/my_robot_bringup/share/my_robot_bringup//models/Thomas_Friends_Wooden_Railway_Talking_Thomas_z7yi7UFHJRj/metadata.pbtxt
-- Installing: /home/jo-jo/ros2_ws/install/my_robot_bringup/share/my_robot_bringup//models/Thomas_Friends_Wooden_Railway_Talking_Thomas_z7yi7UFHJRj/model.sdf
-- Up-to-date: /home/jo-jo/ros2_ws/install/my_robot_bringup/share/my_robot_bringup//models/Thomas_Friends_Wooden_Railway_Talking_Thomas_z7yi7UFHJRj/thumbnails
-- Installing: /home/jo-jo/ros2_ws/install/my_robot_bringup/share/my_robot_bringup//models/Thomas_Friends_Wooden_Railway_Talking_Thomas_z7yi7UFHJRj/thumbnails/0.jpg
-- Installing: /home/jo-jo/ros2_ws/install/my_robot_bringup/share/my_robot_bringup//models/Thomas_Friends_Wooden_Railway_Talking_Thomas_z7yi7UFHJRj/thumbnails/4.jpg
-- Installing: /home/jo-jo/ros2_ws/install/my_robot_bringup/share/my_robot_bringup//models/Thomas_Friends_Wooden_Railway_Talking_Thomas_z7yi7UFHJRj/thumbnails/1.jpg
-- Installing: /home/jo-jo/ros2_ws/install/my_robot_bringup/share/my_robot_bringup//models/Thomas_Friends_Wooden_Railway_Talking_Thomas_z7yi7UFHJRj/thumbnails/3.jpg
-- Installing: /home/jo-jo/ros2_ws/install/my_robot_bringup/share/my_robot_bringup//models/Thomas_Friends_Wooden_Railway_Talking_Thomas_z7yi7UFHJRj/thumbnails/2.jpg
-- Up-to-date: /home/jo-jo/ros2_ws/install/my_robot_bringup/share/my_robot_bringup//models/Thomas_Friends_Wooden_Railway_Talking_Thomas_z7yi7UFHJRj/materials
-- Up-to-date: /home/jo-jo/ros2_ws/install/my_robot_bringup/share/my_robot_bringup//models/Thomas_Friends_Wooden_Railway_Talking_Thomas_z7yi7UFHJRj/materials/textures
-- Installing: /home/jo-jo/ros2_ws/install/my_robot_bringup/share/my_robot_bringup//models/Thomas_Friends_Wooden_Railway_Talking_Thomas_z7yi7UFHJRj/materials/textures/texture.png
-- Installing: /home/jo-jo/ros2_ws/install/my_robot_bringup/share/my_robot_bringup//models/Thomas_Friends_Wooden_Railway_Talking_Thomas_z7yi7UFHJRj/model.config
-- Up-to-date: /home/jo-jo/ros2_ws/install/my_robot_bringup/share/my_robot_bringup//models/Guardians_of_the_Galaxy_Galactic_Battlers_Rocket_Raccoon_Figure
-- Up-to-date: /home/jo-jo/ros2_ws/install/my_robot_bringup/share/my_robot_bringup//models/Guardians_of_the_Galaxy_Galactic_Battlers_Rocket_Raccoon_Figure/meshes
-- Installing: /home/jo-jo/ros2_ws/install/my_robot_bringup/share/my_robot_bringup//models/Guardians_of_the_Galaxy_Galactic_Battlers_Rocket_Raccoon_Figure/meshes/model.obj
-- Installing: /home/jo-jo/ros2_ws/install/my_robot_bringup/share/my_robot_bringup//models/Guardians_of_the_Galaxy_Galactic_Battlers_Rocket_Raccoon_Figure/meshes/model.mtl
-- Installing: /home/jo-jo/ros2_ws/install/my_robot_bringup/share/my_robot_bringup//models/Guardians_of_the_Galaxy_Galactic_Battlers_Rocket_Raccoon_Figure/metadata.pbtxt
-- Installing: /home/jo-jo/ros2_ws/install/my_robot_bringup/share/my_robot_bringup//models/Guardians_of_the_Galaxy_Galactic_Battlers_Rocket_Raccoon_Figure/model.sdf
-- Up-to-date: /home/jo-jo/ros2_ws/install/my_robot_bringup/share/my_robot_bringup//models/Guardians_of_the_Galaxy_Galactic_Battlers_Rocket_Raccoon_Figure/thumbnails
-- Installing: /home/jo-jo/ros2_ws/install/my_robot_bringup/share/my_robot_bringup//models/Guardians_of_the_Galaxy_Galactic_Battlers_Rocket_Raccoon_Figure/thumbnails/0.jpg
-- Installing: /home/jo-jo/ros2_ws/install/my_robot_bringup/share/my_robot_bringup//models/Guardians_of_the_Galaxy_Galactic_Battlers_Rocket_Raccoon_Figure/thumbnails/4.jpg
-- Installing: /home/jo-jo/ros2_ws/install/my_robot_bringup/share/my_robot_bringup//models/Guardians_of_the_Galaxy_Galactic_Battlers_Rocket_Raccoon_Figure/thumbnails/1.jpg
-- Installing: /home/jo-jo/ros2_ws/install/my_robot_bringup/share/my_robot_bringup//models/Guardians_of_the_Galaxy_Galactic_Battlers_Rocket_Raccoon_Figure/thumbnails/3.jpg
-- Installing: /home/jo-jo/ros2_ws/install/my_robot_bringup/share/my_robot_bringup//models/Guardians_of_the_Galaxy_Galactic_Battlers_Rocket_Raccoon_Figure/thumbnails/2.jpg
-- Up-to-date: /home/jo-jo/ros2_ws/install/my_robot_bringup/share/my_robot_bringup//models/Guardians_of_the_Galaxy_Galactic_Battlers_Rocket_Raccoon_Figure/materials
-- Up-to-date: /home/jo-jo/ros2_ws/install/my_robot_bringup/share/my_robot_bringup//models/Guardians_of_the_Galaxy_Galactic_Battlers_Rocket_Raccoon_Figure/materials/textures
-- Installing: /home/jo-jo/ros2_ws/install/my_robot_bringup/share/my_robot_bringup//models/Guardians_of_the_Galaxy_Galactic_Battlers_Rocket_Raccoon_Figure/materials/textures/texture.png
-- Installing: /home/jo-jo/ros2_ws/install/my_robot_bringup/share/my_robot_bringup//models/Guardians_of_the_Galaxy_Galactic_Battlers_Rocket_Raccoon_Figure/model.config
-- Up-to-date: /home/jo-jo/ros2_ws/install/my_robot_bringup/share/my_robot_bringup//models/castle
-- Up-to-date: /home/jo-jo/ros2_ws/install/my_robot_bringup/share/my_robot_bringup//models/castle/textures
-- Up-to-date: /home/jo-jo/ros2_ws/install/my_robot_bringup/share/my_robot_bringup//models/castle/textures/grass_textures
-- Installing: /home/jo-jo/ros2_ws/install/my_robot_bringup/share/my_robot_bringup//models/castle/textures/grass_textures/green_grass_circular.png
-- Installing: /home/jo-jo/ros2_ws/install/my_robot_bringup/share/my_robot_bringup//models/castle/textures/grass_textures/green_grass_seamless.jpg
-- Up-to-date: /home/jo-jo/ros2_ws/install/my_robot_bringup/share/my_robot_bringup//models/castle/textures/misc_textures
-- Installing: /home/jo-jo/ros2_ws/install/my_robot_bringup/share/my_robot_bringup//models/castle/textures/misc_textures/lava_2.jpeg
-- Installing: /home/jo-jo/ros2_ws/install/my_robot_bringup/share/my_robot_bringup//models/castle/textures/misc_textures/lava_5.jpeg
-- Installing: /home/jo-jo/ros2_ws/install/my_robot_bringup/share/my_robot_bringup//models/castle/textures/misc_textures/lava.jpeg
-- Installing: /home/jo-jo/ros2_ws/install/my_robot_bringup/share/my_robot_bringup//models/castle/textures/misc_textures/lava_3.jpeg
-- Installing: /home/jo-jo/ros2_ws/install/my_robot_bringup/share/my_robot_bringup//models/castle/textures/misc_textures/lava_4.jpeg
-- Up-to-date: /home/jo-jo/ros2_ws/install/my_robot_bringup/share/my_robot_bringup//models/castle/textures/wood_textures
-- Installing: /home/jo-jo/ros2_ws/install/my_robot_bringup/share/my_robot_bringup//models/castle/textures/wood_textures/wood_texture_seamless_1x5.jpg
-- Installing: /home/jo-jo/ros2_ws/install/my_robot_bringup/share/my_robot_bringup//models/castle/textures/wood_textures/wood_texture_seamless_1x10.jpg
-- Installing: /home/jo-jo/ros2_ws/install/my_robot_bringup/share/my_robot_bringup//models/castle/textures/wood_textures/wood_texture_seamless_1x2.jpg
-- Installing: /home/jo-jo/ros2_ws/install/my_robot_bringup/share/my_robot_bringup//models/castle/textures/wood_textures/wood_texture_seamless_1x3.jpg
-- Installing: /home/jo-jo/ros2_ws/install/my_robot_bringup/share/my_robot_bringup//models/castle/textures/wood_textures/wood_texture_seamless_1x1.jpg
-- Up-to-date: /home/jo-jo/ros2_ws/install/my_robot_bringup/share/my_robot_bringup//models/castle/textures/soil_textures
-- Installing: /home/jo-jo/ros2_ws/install/my_robot_bringup/share/my_robot_bringup//models/castle/textures/soil_textures/soil_seamless_1.jpg
-- Installing: /home/jo-jo/ros2_ws/install/my_robot_bringup/share/my_robot_bringup//models/castle/textures/soil_textures/dirt.jpeg
-- Up-to-date: /home/jo-jo/ros2_ws/install/my_robot_bringup/share/my_robot_bringup//models/castle/textures/stone_textures
-- Installing: /home/jo-jo/ros2_ws/install/my_robot_bringup/share/my_robot_bringup//models/castle/textures/stone_textures/stone_wall_seamless_1x3.jpg
-- Installing: /home/jo-jo/ros2_ws/install/my_robot_bringup/share/my_robot_bringup//models/castle/textures/stone_textures/stone_wall_seamless_1x2.jpg
-- Installing: /home/jo-jo/ros2_ws/install/my_robot_bringup/share/my_robot_bringup//models/castle/textures/stone_textures/stone_wall_seamless_2x1.jpg
-- Installing: /home/jo-jo/ros2_ws/install/my_robot_bringup/share/my_robot_bringup//models/castle/textures/stone_textures/stone_wall_seamless_4x1.jpg
-- Installing: /home/jo-jo/ros2_ws/install/my_robot_bringup/share/my_robot_bringup//models/castle/textures/stone_textures/stone_wall_seamless_1x1.jpg
-- Installing: /home/jo-jo/ros2_ws/install/my_robot_bringup/share/my_robot_bringup//models/castle/model.sdf
-- Up-to-date: /home/jo-jo/ros2_ws/install/my_robot_bringup/share/my_robot_bringup//models/Sky
-- Up-to-date: /home/jo-jo/ros2_ws/install/my_robot_bringup/share/my_robot_bringup//models/Sky/meshes
-- Installing: /home/jo-jo/ros2_ws/install/my_robot_bringup/share/my_robot_bringup//models/Sky/meshes/sky.dae
-- Installing: /home/jo-jo/ros2_ws/install/my_robot_bringup/share/my_robot_bringup//models/Sky/model.sdf
-- Up-to-date: /home/jo-jo/ros2_ws/install/my_robot_bringup/share/my_robot_bringup//models/Sky/thumbnails
-- Installing: /home/jo-jo/ros2_ws/install/my_robot_bringup/share/my_robot_bringup//models/Sky/thumbnails/Sky.png
-- Up-to-date: /home/jo-jo/ros2_ws/install/my_robot_bringup/share/my_robot_bringup//models/Sky/materials
-- Up-to-date: /home/jo-jo/ros2_ws/install/my_robot_bringup/share/my_robot_bringup//models/Sky/materials/textures
-- Installing: /home/jo-jo/ros2_ws/install/my_robot_bringup/share/my_robot_bringup//models/Sky/materials/textures/Sky.png
-- Installing: /home/jo-jo/ros2_ws/install/my_robot_bringup/share/my_robot_bringup//models/Sky/model.config
-- Up-to-date: /home/jo-jo/ros2_ws/install/my_robot_bringup/share/my_robot_bringup//models/cone_red
-- Up-to-date: /home/jo-jo/ros2_ws/install/my_robot_bringup/share/my_robot_bringup//models/cone_red/meshes
-- Installing: /home/jo-jo/ros2_ws/install/my_robot_bringup/share/my_robot_bringup//models/cone_red/meshes/cone.stl
-- Installing: /home/jo-jo/ros2_ws/install/my_robot_bringup/share/my_robot_bringup//models/cone_red/model.sdf
-- Up-to-date: /home/jo-jo/ros2_ws/install/my_robot_bringup/share/my_robot_bringup//models/cone_red/thumbnails
-- Installing: /home/jo-jo/ros2_ws/install/my_robot_bringup/share/my_robot_bringup//models/cone_red/thumbnails/Screenshot from 2025-07-05 15-17-11.png
-- Installing: /home/jo-jo/ros2_ws/install/my_robot_bringup/share/my_robot_bringup//models/cone_red/model.config
-- Up-to-date: /home/jo-jo/ros2_ws/install/my_robot_bringup/share/my_robot_bringup//models/Dumpster
-- Up-to-date: /home/jo-jo/ros2_ws/install/my_robot_bringup/share/my_robot_bringup//models/Dumpster/meshes
-- Installing: /home/jo-jo/ros2_ws/install/my_robot_bringup/share/my_robot_bringup//models/Dumpster/meshes/dumpster.dae
-- Installing: /home/jo-jo/ros2_ws/install/my_robot_bringup/share/my_robot_bringup//models/Dumpster/model-1_3.sdf
-- Installing: /home/jo-jo/ros2_ws/install/my_robot_bringup/share/my_robot_bringup//models/Dumpster/model.sdf
-- Installing: /home/jo-jo/ros2_ws/install/my_robot_bringup/share/my_robot_bringup//models/Dumpster/model-1_4.sdf
-- Up-to-date: /home/jo-jo/ros2_ws/install/my_robot_bringup/share/my_robot_bringup//models/Dumpster/thumbnails
-- Installing: /home/jo-jo/ros2_ws/install/my_robot_bringup/share/my_robot_bringup//models/Dumpster/thumbnails/5.png
-- Installing: /home/jo-jo/ros2_ws/install/my_robot_bringup/share/my_robot_bringup//models/Dumpster/thumbnails/4.png
-- Installing: /home/jo-jo/ros2_ws/install/my_robot_bringup/share/my_robot_bringup//models/Dumpster/thumbnails/1.png
-- Installing: /home/jo-jo/ros2_ws/install/my_robot_bringup/share/my_robot_bringup//models/Dumpster/thumbnails/2.png
-- Installing: /home/jo-jo/ros2_ws/install/my_robot_bringup/share/my_robot_bringup//models/Dumpster/thumbnails/3.png
-- Up-to-date: /home/jo-jo/ros2_ws/install/my_robot_bringup/share/my_robot_bringup//models/Dumpster/materials
-- Up-to-date: /home/jo-jo/ros2_ws/install/my_robot_bringup/share/my_robot_bringup//models/Dumpster/materials/textures
-- Installing: /home/jo-jo/ros2_ws/install/my_robot_bringup/share/my_robot_bringup//models/Dumpster/materials/textures/Dumpster_Spec.png
-- Installing: /home/jo-jo/ros2_ws/install/my_robot_bringup/share/my_robot_bringup//models/Dumpster/materials/textures/Dumpster_Diffuse.png
-- Up-to-date: /home/jo-jo/ros2_ws/install/my_robot_bringup/share/my_robot_bringup//models/Dumpster/materials/scripts
-- Installing: /home/jo-jo/ros2_ws/install/my_robot_bringup/share/my_robot_bringup//models/Dumpster/materials/scripts/dumpster.material
-- Installing: /home/jo-jo/ros2_ws/install/my_robot_bringup/share/my_robot_bringup//models/Dumpster/model.config
-- Up-to-date: /home/jo-jo/ros2_ws/install/my_robot_bringup/share/my_robot_bringup//models/Warehouse
-- Up-to-date: /home/jo-jo/ros2_ws/install/my_robot_bringup/share/my_robot_bringup//models/Warehouse/meshes
-- Installing: /home/jo-jo/ros2_ws/install/my_robot_bringup/share/my_robot_bringup//models/Warehouse/meshes/Terrazzo005_1K_Color.jpg
-- Installing: /home/jo-jo/ros2_ws/install/my_robot_bringup/share/my_robot_bringup//models/Warehouse/meshes/warehouse.dae
-- Installing: /home/jo-jo/ros2_ws/install/my_robot_bringup/share/my_robot_bringup//models/Warehouse/meshes/warehouse_colision.stl
-- Installing: /home/jo-jo/ros2_ws/install/my_robot_bringup/share/my_robot_bringup//models/Warehouse/meshes/ground.png
-- Installing: /home/jo-jo/ros2_ws/install/my_robot_bringup/share/my_robot_bringup//models/Warehouse/meshes/Asphalt010_1K_Color.jpg
-- Installing: /home/jo-jo/ros2_ws/install/my_robot_bringup/share/my_robot_bringup//models/Warehouse/meshes/Tape001_1K_Color.png
-- Installing: /home/jo-jo/ros2_ws/install/my_robot_bringup/share/my_robot_bringup//models/Warehouse/meshes/Rough_Square_Concrete_Block.jpg
-- Installing: /home/jo-jo/ros2_ws/install/my_robot_bringup/share/my_robot_bringup//models/Warehouse/model.sdf
-- Up-to-date: /home/jo-jo/ros2_ws/install/my_robot_bringup/share/my_robot_bringup//models/Warehouse/thumbnails
-- Installing: /home/jo-jo/ros2_ws/install/my_robot_bringup/share/my_robot_bringup//models/Warehouse/thumbnails/4.png
-- Installing: /home/jo-jo/ros2_ws/install/my_robot_bringup/share/my_robot_bringup//models/Warehouse/thumbnails/1.png
-- Installing: /home/jo-jo/ros2_ws/install/my_robot_bringup/share/my_robot_bringup//models/Warehouse/thumbnails/2.png
-- Installing: /home/jo-jo/ros2_ws/install/my_robot_bringup/share/my_robot_bringup//models/Warehouse/thumbnails/3.png
-- Installing: /home/jo-jo/ros2_ws/install/my_robot_bringup/share/my_robot_bringup//models/Warehouse/model.config
-- Up-to-date: /home/jo-jo/ros2_ws/install/my_robot_bringup/share/my_robot_bringup//models/platypus
-- Up-to-date: /home/jo-jo/ros2_ws/install/my_robot_bringup/share/my_robot_bringup//models/platypus/meshes
-- Installing: /home/jo-jo/ros2_ws/install/my_robot_bringup/share/my_robot_bringup//models/platypus/meshes/platypus.dae
-- Installing: /home/jo-jo/ros2_ws/install/my_robot_bringup/share/my_robot_bringup//models/platypus/model.sdf
-- Up-to-date: /home/jo-jo/ros2_ws/install/my_robot_bringup/share/my_robot_bringup//models/platypus/thumbnails
-- Installing: /home/jo-jo/ros2_ws/install/my_robot_bringup/share/my_robot_bringup//models/platypus/thumbnails/5.png
-- Installing: /home/jo-jo/ros2_ws/install/my_robot_bringup/share/my_robot_bringup//models/platypus/thumbnails/4.png
-- Installing: /home/jo-jo/ros2_ws/install/my_robot_bringup/share/my_robot_bringup//models/platypus/thumbnails/1.png
-- Installing: /home/jo-jo/ros2_ws/install/my_robot_bringup/share/my_robot_bringup//models/platypus/thumbnails/2.png
-- Installing: /home/jo-jo/ros2_ws/install/my_robot_bringup/share/my_robot_bringup//models/platypus/thumbnails/3.png
-- Up-to-date: /home/jo-jo/ros2_ws/install/my_robot_bringup/share/my_robot_bringup//models/platypus/materials
-- Up-to-date: /home/jo-jo/ros2_ws/install/my_robot_bringup/share/my_robot_bringup//models/platypus/materials/textures
-- Installing: /home/jo-jo/ros2_ws/install/my_robot_bringup/share/my_robot_bringup//models/platypus/materials/textures/Platypus_Roughness.png
-- Installing: /home/jo-jo/ros2_ws/install/my_robot_bringup/share/my_robot_bringup//models/platypus/materials/textures/Platypus_Normal.png
-- Installing: /home/jo-jo/ros2_ws/install/my_robot_bringup/share/my_robot_bringup//models/platypus/materials/textures/Platypus_BaseColor.png
-- Installing: /home/jo-jo/ros2_ws/install/my_robot_bringup/share/my_robot_bringup//models/platypus/model.config
-- Up-to-date: /home/jo-jo/ros2_ws/install/my_robot_bringup/share/my_robot_bringup//models/Lionfish
-- Up-to-date: /home/jo-jo/ros2_ws/install/my_robot_bringup/share/my_robot_bringup//models/Lionfish/meshes
-- Installing: /home/jo-jo/ros2_ws/install/my_robot_bringup/share/my_robot_bringup//models/Lionfish/meshes/Lionfish.dae
-- Installing: /home/jo-jo/ros2_ws/install/my_robot_bringup/share/my_robot_bringup//models/Lionfish/model.sdf
-- Up-to-date: /home/jo-jo/ros2_ws/install/my_robot_bringup/share/my_robot_bringup//models/Lionfish/thumbnails
-- Installing: /home/jo-jo/ros2_ws/install/my_robot_bringup/share/my_robot_bringup//models/Lionfish/thumbnails/5.png
-- Installing: /home/jo-jo/ros2_ws/install/my_robot_bringup/share/my_robot_bringup//models/Lionfish/thumbnails/4.png
-- Installing: /home/jo-jo/ros2_ws/install/my_robot_bringup/share/my_robot_bringup//models/Lionfish/thumbnails/1.png
-- Installing: /home/jo-jo/ros2_ws/install/my_robot_bringup/share/my_robot_bringup//models/Lionfish/thumbnails/2.png
-- Installing: /home/jo-jo/ros2_ws/install/my_robot_bringup/share/my_robot_bringup//models/Lionfish/thumbnails/3.png
-- Up-to-date: /home/jo-jo/ros2_ws/install/my_robot_bringup/share/my_robot_bringup//models/Lionfish/materials
-- Up-to-date: /home/jo-jo/ros2_ws/install/my_robot_bringup/share/my_robot_bringup//models/Lionfish/materials/textures
-- Installing: /home/jo-jo/ros2_ws/install/my_robot_bringup/share/my_robot_bringup//models/Lionfish/materials/textures/Lionfish_Normal.png
-- Installing: /home/jo-jo/ros2_ws/install/my_robot_bringup/share/my_robot_bringup//models/Lionfish/materials/textures/Lionfish_Albedo.png
-- Installing: /home/jo-jo/ros2_ws/install/my_robot_bringup/share/my_robot_bringup//models/Lionfish/materials/textures/Lionfish_Roughness.png
-- Up-to-date: /home/jo-jo/ros2_ws/install/my_robot_bringup/share/my_robot_bringup//models/Lionfish/materials/scripts
-- Installing: /home/jo-jo/ros2_ws/install/my_robot_bringup/share/my_robot_bringup//models/Lionfish/materials/scripts/model.material
-- Installing: /home/jo-jo/ros2_ws/install/my_robot_bringup/share/my_robot_bringup//models/Lionfish/model.config
-- Up-to-date: /home/jo-jo/ros2_ws/install/my_robot_bringup/share/my_robot_bringup//models/Backpack
-- Up-to-date: /home/jo-jo/ros2_ws/install/my_robot_bringup/share/my_robot_bringup//models/Backpack/meshes
-- Installing: /home/jo-jo/ros2_ws/install/my_robot_bringup/share/my_robot_bringup//models/Backpack/meshes/Backpack.dae
-- Installing: /home/jo-jo/ros2_ws/install/my_robot_bringup/share/my_robot_bringup//models/Backpack/model.sdf
-- Up-to-date: /home/jo-jo/ros2_ws/install/my_robot_bringup/share/my_robot_bringup//models/Backpack/thumbnails
-- Installing: /home/jo-jo/ros2_ws/install/my_robot_bringup/share/my_robot_bringup//models/Backpack/thumbnails/5.png
-- Installing: /home/jo-jo/ros2_ws/install/my_robot_bringup/share/my_robot_bringup//models/Backpack/thumbnails/4.png
-- Installing: /home/jo-jo/ros2_ws/install/my_robot_bringup/share/my_robot_bringup//models/Backpack/thumbnails/1.png
-- Installing: /home/jo-jo/ros2_ws/install/my_robot_bringup/share/my_robot_bringup//models/Backpack/thumbnails/2.png
-- Installing: /home/jo-jo/ros2_ws/install/my_robot_bringup/share/my_robot_bringup//models/Backpack/thumbnails/3.png
-- Up-to-date: /home/jo-jo/ros2_ws/install/my_robot_bringup/share/my_robot_bringup//models/Backpack/materials
-- Up-to-date: /home/jo-jo/ros2_ws/install/my_robot_bringup/share/my_robot_bringup//models/Backpack/materials/textures
-- Installing: /home/jo-jo/ros2_ws/install/my_robot_bringup/share/my_robot_bringup//models/Backpack/materials/textures/Backpack.png
-- Installing: /home/jo-jo/ros2_ws/install/my_robot_bringup/share/my_robot_bringup//models/Backpack/model.config
-- Up-to-date: /home/jo-jo/ros2_ws/install/my_robot_bringup/share/my_robot_bringup//models/Stop light post
-- Up-to-date: /home/jo-jo/ros2_ws/install/my_robot_bringup/share/my_robot_bringup//models/Stop light post/meshes
-- Installing: /home/jo-jo/ros2_ws/install/my_robot_bringup/share/my_robot_bringup//models/Stop light post/meshes/stop_light_post.mtl
-- Installing: /home/jo-jo/ros2_ws/install/my_robot_bringup/share/my_robot_bringup//models/Stop light post/meshes/stop_light_post.obj
-- Installing: /home/jo-jo/ros2_ws/install/my_robot_bringup/share/my_robot_bringup//models/Stop light post/meshes/stop_light_extension.mtl
-- Installing: /home/jo-jo/ros2_ws/install/my_robot_bringup/share/my_robot_bringup//models/Stop light post/meshes/stop_light_extension.obj
-- Installing: /home/jo-jo/ros2_ws/install/my_robot_bringup/share/my_robot_bringup//models/Stop light post/model.sdf
-- Up-to-date: /home/jo-jo/ros2_ws/install/my_robot_bringup/share/my_robot_bringup//models/Stop light post/thumbnails
-- Installing: /home/jo-jo/ros2_ws/install/my_robot_bringup/share/my_robot_bringup//models/Stop light post/thumbnails/5.png
-- Installing: /home/jo-jo/ros2_ws/install/my_robot_bringup/share/my_robot_bringup//models/Stop light post/thumbnails/4.png
-- Installing: /home/jo-jo/ros2_ws/install/my_robot_bringup/share/my_robot_bringup//models/Stop light post/thumbnails/1.png
-- Installing: /home/jo-jo/ros2_ws/install/my_robot_bringup/share/my_robot_bringup//models/Stop light post/thumbnails/2.png
-- Installing: /home/jo-jo/ros2_ws/install/my_robot_bringup/share/my_robot_bringup//models/Stop light post/thumbnails/3.png
-- Up-to-date: /home/jo-jo/ros2_ws/install/my_robot_bringup/share/my_robot_bringup//models/Stop light post/materials
-- Up-to-date: /home/jo-jo/ros2_ws/install/my_robot_bringup/share/my_robot_bringup//models/Stop light post/materials/textures
-- Installing: /home/jo-jo/ros2_ws/install/my_robot_bringup/share/my_robot_bringup//models/Stop light post/materials/textures/stop_light.png
-- Installing: /home/jo-jo/ros2_ws/install/my_robot_bringup/share/my_robot_bringup//models/Stop light post/model.config
-- Up-to-date: /home/jo-jo/ros2_ws/install/my_robot_bringup/share/my_robot_bringup//models/turtle
-- Up-to-date: /home/jo-jo/ros2_ws/install/my_robot_bringup/share/my_robot_bringup//models/turtle/meshes
-- Installing: /home/jo-jo/ros2_ws/install/my_robot_bringup/share/my_robot_bringup//models/turtle/meshes/turtle.dae
-- Installing: /home/jo-jo/ros2_ws/install/my_robot_bringup/share/my_robot_bringup//models/turtle/model.sdf
-- Up-to-date: /home/jo-jo/ros2_ws/install/my_robot_bringup/share/my_robot_bringup//models/turtle/thumbnails
-- Installing: /home/jo-jo/ros2_ws/install/my_robot_bringup/share/my_robot_bringup//models/turtle/thumbnails/5.png
-- Installing: /home/jo-jo/ros2_ws/install/my_robot_bringup/share/my_robot_bringup//models/turtle/thumbnails/4.png
-- Installing: /home/jo-jo/ros2_ws/install/my_robot_bringup/share/my_robot_bringup//models/turtle/thumbnails/1.png
-- Installing: /home/jo-jo/ros2_ws/install/my_robot_bringup/share/my_robot_bringup//models/turtle/thumbnails/2.png
-- Installing: /home/jo-jo/ros2_ws/install/my_robot_bringup/share/my_robot_bringup//models/turtle/thumbnails/3.png
-- Up-to-date: /home/jo-jo/ros2_ws/install/my_robot_bringup/share/my_robot_bringup//models/turtle/materials
-- Up-to-date: /home/jo-jo/ros2_ws/install/my_robot_bringup/share/my_robot_bringup//models/turtle/materials/textures
-- Installing: /home/jo-jo/ros2_ws/install/my_robot_bringup/share/my_robot_bringup//models/turtle/materials/textures/Turtle_Normal.png
-- Installing: /home/jo-jo/ros2_ws/install/my_robot_bringup/share/my_robot_bringup//models/turtle/materials/textures/Turtle_BaseColor.png
-- Installing: /home/jo-jo/ros2_ws/install/my_robot_bringup/share/my_robot_bringup//models/turtle/materials/textures/Turtle_Roughness.png
-- Installing: /home/jo-jo/ros2_ws/install/my_robot_bringup/share/my_robot_bringup//models/turtle/model.config
-- Up-to-date: /home/jo-jo/ros2_ws/install/my_robot_bringup/share/my_robot_bringup//models/wooden_gazebo
-- Up-to-date: /home/jo-jo/ros2_ws/install/my_robot_bringup/share/my_robot_bringup//models/wooden_gazebo/meshes
-- Installing: /home/jo-jo/ros2_ws/install/my_robot_bringup/share/my_robot_bringup//models/wooden_gazebo/meshes/gazebo.dae
-- Installing: /home/jo-jo/ros2_ws/install/my_robot_bringup/share/my_robot_bringup//models/wooden_gazebo/model.sdf
-- Up-to-date: /home/jo-jo/ros2_ws/install/my_robot_bringup/share/my_robot_bringup//models/wooden_gazebo/thumbnails
-- Installing: /home/jo-jo/ros2_ws/install/my_robot_bringup/share/my_robot_bringup//models/wooden_gazebo/thumbnails/5.png
-- Installing: /home/jo-jo/ros2_ws/install/my_robot_bringup/share/my_robot_bringup//models/wooden_gazebo/thumbnails/4.png
-- Installing: /home/jo-jo/ros2_ws/install/my_robot_bringup/share/my_robot_bringup//models/wooden_gazebo/thumbnails/1.png
-- Installing: /home/jo-jo/ros2_ws/install/my_robot_bringup/share/my_robot_bringup//models/wooden_gazebo/thumbnails/2.png
-- Installing: /home/jo-jo/ros2_ws/install/my_robot_bringup/share/my_robot_bringup//models/wooden_gazebo/thumbnails/3.png
-- Up-to-date: /home/jo-jo/ros2_ws/install/my_robot_bringup/share/my_robot_bringup//models/wooden_gazebo/materials
-- Up-to-date: /home/jo-jo/ros2_ws/install/my_robot_bringup/share/my_robot_bringup//models/wooden_gazebo/materials/textures
-- Installing: /home/jo-jo/ros2_ws/install/my_robot_bringup/share/my_robot_bringup//models/wooden_gazebo/materials/textures/gazebo_spec.jpg
-- Installing: /home/jo-jo/ros2_ws/install/my_robot_bringup/share/my_robot_bringup//models/wooden_gazebo/materials/textures/gazebo_diffuse.jpg
-- Installing: /home/jo-jo/ros2_ws/install/my_robot_bringup/share/my_robot_bringup//models/wooden_gazebo/model.config
-- Up-to-date: /home/jo-jo/ros2_ws/install/my_robot_bringup/share/my_robot_bringup//models/refrigerator
-- Up-to-date: /home/jo-jo/ros2_ws/install/my_robot_bringup/share/my_robot_bringup//models/refrigerator/meshes
-- Installing: /home/jo-jo/ros2_ws/install/my_robot_bringup/share/my_robot_bringup//models/refrigerator/meshes/fridge.dae
-- Installing: /home/jo-jo/ros2_ws/install/my_robot_bringup/share/my_robot_bringup//models/refrigerator/model.sdf
-- Up-to-date: /home/jo-jo/ros2_ws/install/my_robot_bringup/share/my_robot_bringup//models/refrigerator/thumbnails
-- Installing: /home/jo-jo/ros2_ws/install/my_robot_bringup/share/my_robot_bringup//models/refrigerator/thumbnails/Fridge.png
-- Up-to-date: /home/jo-jo/ros2_ws/install/my_robot_bringup/share/my_robot_bringup//models/refrigerator/materials
-- Up-to-date: /home/jo-jo/ros2_ws/install/my_robot_bringup/share/my_robot_bringup//models/refrigerator/materials/textures
-- Installing: /home/jo-jo/ros2_ws/install/my_robot_bringup/share/my_robot_bringup//models/refrigerator/materials/textures/Fridge_Albedo.jpg
-- Installing: /home/jo-jo/ros2_ws/install/my_robot_bringup/share/my_robot_bringup//models/refrigerator/materials/textures/Fridge_Roughness.jpg
-- Installing: /home/jo-jo/ros2_ws/install/my_robot_bringup/share/my_robot_bringup//models/refrigerator/materials/textures/Fridge_Metalness.jpg
-- Installing: /home/jo-jo/ros2_ws/install/my_robot_bringup/share/my_robot_bringup//models/refrigerator/materials/textures/Fridge_Normal.png
-- Installing: /home/jo-jo/ros2_ws/install/my_robot_bringup/share/my_robot_bringup//models/refrigerator/model.config
-- Up-to-date: /home/jo-jo/ros2_ws/install/my_robot_bringup/share/my_robot_bringup//models/buggati
-- Installing: /home/jo-jo/ros2_ws/install/my_robot_bringup/share/my_robot_bringup//models/buggati/enclosure.sdf
-- Installing: /home/jo-jo/ros2_ws/install/my_robot_bringup/share/my_robot_bringup//models/buggati/model.config
-- Up-to-date: /home/jo-jo/ros2_ws/install/my_robot_bringup/share/my_robot_bringup//models/crocodile
-- Up-to-date: /home/jo-jo/ros2_ws/install/my_robot_bringup/share/my_robot_bringup//models/crocodile/meshes
-- Installing: /home/jo-jo/ros2_ws/install/my_robot_bringup/share/my_robot_bringup//models/crocodile/meshes/crocodile.dae
-- Installing: /home/jo-jo/ros2_ws/install/my_robot_bringup/share/my_robot_bringup//models/crocodile/model.sdf
-- Up-to-date: /home/jo-jo/ros2_ws/install/my_robot_bringup/share/my_robot_bringup//models/crocodile/thumbnails
-- Installing: /home/jo-jo/ros2_ws/install/my_robot_bringup/share/my_robot_bringup//models/crocodile/thumbnails/5.png
-- Installing: /home/jo-jo/ros2_ws/install/my_robot_bringup/share/my_robot_bringup//models/crocodile/thumbnails/4.png
-- Installing: /home/jo-jo/ros2_ws/install/my_robot_bringup/share/my_robot_bringup//models/crocodile/thumbnails/1.png
-- Installing: /home/jo-jo/ros2_ws/install/my_robot_bringup/share/my_robot_bringup//models/crocodile/thumbnails/2.png
-- Installing: /home/jo-jo/ros2_ws/install/my_robot_bringup/share/my_robot_bringup//models/crocodile/thumbnails/3.png
-- Up-to-date: /home/jo-jo/ros2_ws/install/my_robot_bringup/share/my_robot_bringup//models/crocodile/materials
-- Up-to-date: /home/jo-jo/ros2_ws/install/my_robot_bringup/share/my_robot_bringup//models/crocodile/materials/textures
-- Installing: /home/jo-jo/ros2_ws/install/my_robot_bringup/share/my_robot_bringup//models/crocodile/materials/textures/Crocodile_BaseColor.png
-- Installing: /home/jo-jo/ros2_ws/install/my_robot_bringup/share/my_robot_bringup//models/crocodile/materials/textures/Crocodile_Normal.png
-- Installing: /home/jo-jo/ros2_ws/install/my_robot_bringup/share/my_robot_bringup//models/crocodile/materials/textures/Crocodile_Roughness.png
-- Installing: /home/jo-jo/ros2_ws/install/my_robot_bringup/share/my_robot_bringup//models/crocodile/model.config
-- Up-to-date: /home/jo-jo/ros2_ws/install/my_robot_bringup/share/my_robot_bringup//models/foldable_chair
-- Installing: /home/jo-jo/ros2_ws/install/my_robot_bringup/share/my_robot_bringup//models/foldable_chair/model.sdf
-- Up-to-date: /home/jo-jo/ros2_ws/install/my_robot_bringup/share/my_robot_bringup//models/foldable_chair/thumbnails
-- Installing: /home/jo-jo/ros2_ws/install/my_robot_bringup/share/my_robot_bringup//models/foldable_chair/thumbnails/5.png
-- Installing: /home/jo-jo/ros2_ws/install/my_robot_bringup/share/my_robot_bringup//models/foldable_chair/thumbnails/4.png
-- Installing: /home/jo-jo/ros2_ws/install/my_robot_bringup/share/my_robot_bringup//models/foldable_chair/thumbnails/1.png
-- Installing: /home/jo-jo/ros2_ws/install/my_robot_bringup/share/my_robot_bringup//models/foldable_chair/thumbnails/2.png
-- Installing: /home/jo-jo/ros2_ws/install/my_robot_bringup/share/my_robot_bringup//models/foldable_chair/thumbnails/3.png
-- Installing: /home/jo-jo/ros2_ws/install/my_robot_bringup/share/my_robot_bringup//models/foldable_chair/model.config
-- Up-to-date: /home/jo-jo/ros2_ws/install/my_robot_bringup/share/my_robot_bringup//models/foldable_chair/mesh
-- Installing: /home/jo-jo/ros2_ws/install/my_robot_bringup/share/my_robot_bringup//models/foldable_chair/mesh/foldable_chair.dae
-- Installing: /home/jo-jo/ros2_ws/install/my_robot_bringup/share/my_robot_bringup//models/foldable_chair/mesh/foldable_chair.png
-- Up-to-date: /home/jo-jo/ros2_ws/install/my_robot_bringup/share/my_robot_bringup//models/tv_65in_emissive
-- Up-to-date: /home/jo-jo/ros2_ws/install/my_robot_bringup/share/my_robot_bringup//models/tv_65in_emissive/material
-- Up-to-date: /home/jo-jo/ros2_ws/install/my_robot_bringup/share/my_robot_bringup//models/tv_65in_emissive/material/script
-- Installing: /home/jo-jo/ros2_ws/install/my_robot_bringup/share/my_robot_bringup//models/tv_65in_emissive/material/script/tv_emissive.material
-- Up-to-date: /home/jo-jo/ros2_ws/install/my_robot_bringup/share/my_robot_bringup//models/tv_65in_emissive/material/textures
-- Installing: /home/jo-jo/ros2_ws/install/my_robot_bringup/share/my_robot_bringup//models/tv_65in_emissive/material/textures/tv_65in_maldives_909x541.jpg
-- Installing: /home/jo-jo/ros2_ws/install/my_robot_bringup/share/my_robot_bringup//models/tv_65in_emissive/model.sdf
-- Up-to-date: /home/jo-jo/ros2_ws/install/my_robot_bringup/share/my_robot_bringup//models/tv_65in_emissive/thumbnails
-- Installing: /home/jo-jo/ros2_ws/install/my_robot_bringup/share/my_robot_bringup//models/tv_65in_emissive/thumbnails/1.png
-- Installing: /home/jo-jo/ros2_ws/install/my_robot_bringup/share/my_robot_bringup//models/tv_65in_emissive/model.config
-- Up-to-date: /home/jo-jo/ros2_ws/install/my_robot_bringup/share/my_robot_bringup//models/Office Desk
-- Up-to-date: /home/jo-jo/ros2_ws/install/my_robot_bringup/share/my_robot_bringup//models/Office Desk/meshes
-- Installing: /home/jo-jo/ros2_ws/install/my_robot_bringup/share/my_robot_bringup//models/Office Desk/meshes/desk.dae
-- Installing: /home/jo-jo/ros2_ws/install/my_robot_bringup/share/my_robot_bringup//models/Office Desk/model.sdf
-- Up-to-date: /home/jo-jo/ros2_ws/install/my_robot_bringup/share/my_robot_bringup//models/Office Desk/thumbnails
-- Installing: /home/jo-jo/ros2_ws/install/my_robot_bringup/share/my_robot_bringup//models/Office Desk/thumbnails/Desk.png
-- Up-to-date: /home/jo-jo/ros2_ws/install/my_robot_bringup/share/my_robot_bringup//models/Office Desk/materials
-- Up-to-date: /home/jo-jo/ros2_ws/install/my_robot_bringup/share/my_robot_bringup//models/Office Desk/materials/textures
-- Installing: /home/jo-jo/ros2_ws/install/my_robot_bringup/share/my_robot_bringup//models/Office Desk/materials/textures/Desk_Roughness.png
-- Installing: /home/jo-jo/ros2_ws/install/my_robot_bringup/share/my_robot_bringup//models/Office Desk/materials/textures/Desk_Albedo.png
-- Installing: /home/jo-jo/ros2_ws/install/my_robot_bringup/share/my_robot_bringup//models/Office Desk/materials/textures/Desk_Normal.png
-- Installing: /home/jo-jo/ros2_ws/install/my_robot_bringup/share/my_robot_bringup//models/Office Desk/model.config
-- Up-to-date: /home/jo-jo/ros2_ws/install/my_robot_bringup/share/my_robot_bringup//models/casual_female
-- Up-to-date: /home/jo-jo/ros2_ws/install/my_robot_bringup/share/my_robot_bringup//models/casual_female/meshes
-- Installing: /home/jo-jo/ros2_ws/install/my_robot_bringup/share/my_robot_bringup//models/casual_female/meshes/casual_female.dae
-- Installing: /home/jo-jo/ros2_ws/install/my_robot_bringup/share/my_robot_bringup//models/casual_female/model.sdf
-- Up-to-date: /home/jo-jo/ros2_ws/install/my_robot_bringup/share/my_robot_bringup//models/casual_female/thumbnails
-- Installing: /home/jo-jo/ros2_ws/install/my_robot_bringup/share/my_robot_bringup//models/casual_female/thumbnails/5.png
-- Installing: /home/jo-jo/ros2_ws/install/my_robot_bringup/share/my_robot_bringup//models/casual_female/thumbnails/4.png
-- Installing: /home/jo-jo/ros2_ws/install/my_robot_bringup/share/my_robot_bringup//models/casual_female/thumbnails/1.png
-- Installing: /home/jo-jo/ros2_ws/install/my_robot_bringup/share/my_robot_bringup//models/casual_female/thumbnails/2.png
-- Installing: /home/jo-jo/ros2_ws/install/my_robot_bringup/share/my_robot_bringup//models/casual_female/thumbnails/3.png
-- Up-to-date: /home/jo-jo/ros2_ws/install/my_robot_bringup/share/my_robot_bringup//models/casual_female/materials
-- Up-to-date: /home/jo-jo/ros2_ws/install/my_robot_bringup/share/my_robot_bringup//models/casual_female/materials/textures
-- Installing: /home/jo-jo/ros2_ws/install/my_robot_bringup/share/my_robot_bringup//models/casual_female/materials/textures/eyelashes01.png
-- Installing: /home/jo-jo/ros2_ws/install/my_robot_bringup/share/my_robot_bringup//models/casual_female/materials/textures/female_casualsuit02_normal.png
-- Installing: /home/jo-jo/ros2_ws/install/my_robot_bringup/share/my_robot_bringup//models/casual_female/materials/textures/female_casualsuit02_diffuse.png
-- Installing: /home/jo-jo/ros2_ws/install/my_robot_bringup/share/my_robot_bringup//models/casual_female/materials/textures/brown_eye.png
-- Installing: /home/jo-jo/ros2_ws/install/my_robot_bringup/share/my_robot_bringup//models/casual_female/materials/textures/shoes05_diffuse.png
-- Installing: /home/jo-jo/ros2_ws/install/my_robot_bringup/share/my_robot_bringup//models/casual_female/materials/textures/ponytail01_diffuse.png
-- Installing: /home/jo-jo/ros2_ws/install/my_robot_bringup/share/my_robot_bringup//models/casual_female/materials/textures/female_casualsuit01_normal.png
-- Installing: /home/jo-jo/ros2_ws/install/my_robot_bringup/share/my_robot_bringup//models/casual_female/materials/textures/casual_female.png
-- Installing: /home/jo-jo/ros2_ws/install/my_robot_bringup/share/my_robot_bringup//models/casual_female/materials/textures/female_casualsuit01_diffuse.png
-- Installing: /home/jo-jo/ros2_ws/install/my_robot_bringup/share/my_robot_bringup//models/casual_female/materials/textures/eyebrow002.png
-- Installing: /home/jo-jo/ros2_ws/install/my_robot_bringup/share/my_robot_bringup//models/casual_female/materials/textures/tongue01_diffuse.png
-- Installing: /home/jo-jo/ros2_ws/install/my_robot_bringup/share/my_robot_bringup//models/casual_female/materials/textures/young_lightskinned_female_diffuse.png
-- Installing: /home/jo-jo/ros2_ws/install/my_robot_bringup/share/my_robot_bringup//models/casual_female/model.config
-- Up-to-date: /home/jo-jo/ros2_ws/install/my_robot_bringup/share/my_robot_bringup//models/cone_yellow
-- Up-to-date: /home/jo-jo/ros2_ws/install/my_robot_bringup/share/my_robot_bringup//models/cone_yellow/meshes
-- Installing: /home/jo-jo/ros2_ws/install/my_robot_bringup/share/my_robot_bringup//models/cone_yellow/meshes/cone.stl
-- Installing: /home/jo-jo/ros2_ws/install/my_robot_bringup/share/my_robot_bringup//models/cone_yellow/model.sdf
-- Up-to-date: /home/jo-jo/ros2_ws/install/my_robot_bringup/share/my_robot_bringup//models/cone_yellow/thumbnails
-- Installing: /home/jo-jo/ros2_ws/install/my_robot_bringup/share/my_robot_bringup//models/cone_yellow/thumbnails/Screenshot from 2025-07-05 15-12-53.png
-- Installing: /home/jo-jo/ros2_ws/install/my_robot_bringup/share/my_robot_bringup//models/cone_yellow/model.config
-- Up-to-date: /home/jo-jo/ros2_ws/install/my_robot_bringup/share/my_robot_bringup//models/Water tower
-- Up-to-date: /home/jo-jo/ros2_ws/install/my_robot_bringup/share/my_robot_bringup//models/Water tower/meshes
-- Installing: /home/jo-jo/ros2_ws/install/my_robot_bringup/share/my_robot_bringup//models/Water tower/meshes/water_tower.dae
-- Installing: /home/jo-jo/ros2_ws/install/my_robot_bringup/share/my_robot_bringup//models/Water tower/model.sdf
-- Up-to-date: /home/jo-jo/ros2_ws/install/my_robot_bringup/share/my_robot_bringup//models/Water tower/thumbnails
-- Installing: /home/jo-jo/ros2_ws/install/my_robot_bringup/share/my_robot_bringup//models/Water tower/thumbnails/5.png
-- Installing: /home/jo-jo/ros2_ws/install/my_robot_bringup/share/my_robot_bringup//models/Water tower/thumbnails/4.png
-- Installing: /home/jo-jo/ros2_ws/install/my_robot_bringup/share/my_robot_bringup//models/Water tower/thumbnails/1.png
-- Installing: /home/jo-jo/ros2_ws/install/my_robot_bringup/share/my_robot_bringup//models/Water tower/thumbnails/2.png
-- Installing: /home/jo-jo/ros2_ws/install/my_robot_bringup/share/my_robot_bringup//models/Water tower/thumbnails/3.png
-- Up-to-date: /home/jo-jo/ros2_ws/install/my_robot_bringup/share/my_robot_bringup//models/Water tower/materials
-- Up-to-date: /home/jo-jo/ros2_ws/install/my_robot_bringup/share/my_robot_bringup//models/Water tower/materials/textures
-- Installing: /home/jo-jo/ros2_ws/install/my_robot_bringup/share/my_robot_bringup//models/Water tower/materials/textures/water_tower_diffuse.jpg
-- Installing: /home/jo-jo/ros2_ws/install/my_robot_bringup/share/my_robot_bringup//models/Water tower/materials/textures/water_tower_spec.jpg
-- Installing: /home/jo-jo/ros2_ws/install/my_robot_bringup/share/my_robot_bringup//models/Water tower/model.config
-- Up-to-date: /home/jo-jo/ros2_ws/install/my_robot_bringup/share/my_robot_bringup//models/branch_leaves
-- Up-to-date: /home/jo-jo/ros2_ws/install/my_robot_bringup/share/my_robot_bringup//models/branch_leaves/textures
-- Installing: /home/jo-jo/ros2_ws/install/my_robot_bringup/share/my_robot_bringup//models/branch_leaves/textures/bright_green_leaves_small.jpg
-- Installing: /home/jo-jo/ros2_ws/install/my_robot_bringup/share/my_robot_bringup//models/branch_leaves/model.sdf
-- Up-to-date: /home/jo-jo/ros2_ws/install/my_robot_bringup/share/my_robot_bringup//models/collapsed_house
-- Up-to-date: /home/jo-jo/ros2_ws/install/my_robot_bringup/share/my_robot_bringup//models/collapsed_house/meshes
-- Installing: /home/jo-jo/ros2_ws/install/my_robot_bringup/share/my_robot_bringup//models/collapsed_house/meshes/collapsed_house.dae
-- Installing: /home/jo-jo/ros2_ws/install/my_robot_bringup/share/my_robot_bringup//models/collapsed_house/piano.zip
-- Installing: /home/jo-jo/ros2_ws/install/my_robot_bringup/share/my_robot_bringup//models/collapsed_house/metadata.pbtxt
-- Installing: /home/jo-jo/ros2_ws/install/my_robot_bringup/share/my_robot_bringup//models/collapsed_house/model.sdf
-- Up-to-date: /home/jo-jo/ros2_ws/install/my_robot_bringup/share/my_robot_bringup//models/collapsed_house/thumbnails
-- Installing: /home/jo-jo/ros2_ws/install/my_robot_bringup/share/my_robot_bringup//models/collapsed_house/thumbnails/5.png
-- Installing: /home/jo-jo/ros2_ws/install/my_robot_bringup/share/my_robot_bringup//models/collapsed_house/thumbnails/4.png
-- Installing: /home/jo-jo/ros2_ws/install/my_robot_bringup/share/my_robot_bringup//models/collapsed_house/thumbnails/1.png
-- Installing: /home/jo-jo/ros2_ws/install/my_robot_bringup/share/my_robot_bringup//models/collapsed_house/thumbnails/2.png
-- Installing: /home/jo-jo/ros2_ws/install/my_robot_bringup/share/my_robot_bringup//models/collapsed_house/thumbnails/3.png
-- Up-to-date: /home/jo-jo/ros2_ws/install/my_robot_bringup/share/my_robot_bringup//models/collapsed_house/materials
-- Up-to-date: /home/jo-jo/ros2_ws/install/my_robot_bringup/share/my_robot_bringup//models/collapsed_house/materials/textures
-- Installing: /home/jo-jo/ros2_ws/install/my_robot_bringup/share/my_robot_bringup//models/collapsed_house/materials/textures/collapsed_house_diffuse.jpg
-- Installing: /home/jo-jo/ros2_ws/install/my_robot_bringup/share/my_robot_bringup//models/collapsed_house/materials/textures/collapsed_house_spec.jpg
-- Installing: /home/jo-jo/ros2_ws/install/my_robot_bringup/share/my_robot_bringup//models/collapsed_house/model.config
-- Up-to-date: /home/jo-jo/ros2_ws/install/my_robot_bringup/share/my_robot_bringup//models/Schleich_Therizinosaurus_ln9cruulPqc
-- Up-to-date: /home/jo-jo/ros2_ws/install/my_robot_bringup/share/my_robot_bringup//models/Schleich_Therizinosaurus_ln9cruulPqc/meshes
-- Installing: /home/jo-jo/ros2_ws/install/my_robot_bringup/share/my_robot_bringup//models/Schleich_Therizinosaurus_ln9cruulPqc/meshes/model.obj
-- Installing: /home/jo-jo/ros2_ws/install/my_robot_bringup/share/my_robot_bringup//models/Schleich_Therizinosaurus_ln9cruulPqc/meshes/model.mtl
-- Installing: /home/jo-jo/ros2_ws/install/my_robot_bringup/share/my_robot_bringup//models/Schleich_Therizinosaurus_ln9cruulPqc/metadata.pbtxt
-- Installing: /home/jo-jo/ros2_ws/install/my_robot_bringup/share/my_robot_bringup//models/Schleich_Therizinosaurus_ln9cruulPqc/model.sdf
-- Up-to-date: /home/jo-jo/ros2_ws/install/my_robot_bringup/share/my_robot_bringup//models/Schleich_Therizinosaurus_ln9cruulPqc/thumbnails
-- Installing: /home/jo-jo/ros2_ws/install/my_robot_bringup/share/my_robot_bringup//models/Schleich_Therizinosaurus_ln9cruulPqc/thumbnails/0.jpg
-- Installing: /home/jo-jo/ros2_ws/install/my_robot_bringup/share/my_robot_bringup//models/Schleich_Therizinosaurus_ln9cruulPqc/thumbnails/4.jpg
-- Installing: /home/jo-jo/ros2_ws/install/my_robot_bringup/share/my_robot_bringup//models/Schleich_Therizinosaurus_ln9cruulPqc/thumbnails/1.jpg
-- Installing: /home/jo-jo/ros2_ws/install/my_robot_bringup/share/my_robot_bringup//models/Schleich_Therizinosaurus_ln9cruulPqc/thumbnails/3.jpg
-- Installing: /home/jo-jo/ros2_ws/install/my_robot_bringup/share/my_robot_bringup//models/Schleich_Therizinosaurus_ln9cruulPqc/thumbnails/2.jpg
-- Up-to-date: /home/jo-jo/ros2_ws/install/my_robot_bringup/share/my_robot_bringup//models/Schleich_Therizinosaurus_ln9cruulPqc/materials
-- Up-to-date: /home/jo-jo/ros2_ws/install/my_robot_bringup/share/my_robot_bringup//models/Schleich_Therizinosaurus_ln9cruulPqc/materials/textures
-- Installing: /home/jo-jo/ros2_ws/install/my_robot_bringup/share/my_robot_bringup//models/Schleich_Therizinosaurus_ln9cruulPqc/materials/textures/dino_texture.png
-- Installing: /home/jo-jo/ros2_ws/install/my_robot_bringup/share/my_robot_bringup//models/Schleich_Therizinosaurus_ln9cruulPqc/model.config
-- Up-to-date: /home/jo-jo/ros2_ws/install/my_robot_bringup/share/my_robot_bringup//models/aws_robomaker_warehouse_PalletJackB_01
-- Up-to-date: /home/jo-jo/ros2_ws/install/my_robot_bringup/share/my_robot_bringup//models/aws_robomaker_warehouse_PalletJackB_01/meshes
-- Installing: /home/jo-jo/ros2_ws/install/my_robot_bringup/share/my_robot_bringup//models/aws_robomaker_warehouse_PalletJackB_01/meshes/aws_robomaker_warehouse_PalletJackB_01_visual.DAE
-- Installing: /home/jo-jo/ros2_ws/install/my_robot_bringup/share/my_robot_bringup//models/aws_robomaker_warehouse_PalletJackB_01/meshes/aws_robomaker_warehouse_PalletJackB_01_collision.DAE
-- Installing: /home/jo-jo/ros2_ws/install/my_robot_bringup/share/my_robot_bringup//models/aws_robomaker_warehouse_PalletJackB_01/metadata.pbtxt
-- Installing: /home/jo-jo/ros2_ws/install/my_robot_bringup/share/my_robot_bringup//models/aws_robomaker_warehouse_PalletJackB_01/model.sdf
-- Up-to-date: /home/jo-jo/ros2_ws/install/my_robot_bringup/share/my_robot_bringup//models/aws_robomaker_warehouse_PalletJackB_01/thumbnails
-- Installing: /home/jo-jo/ros2_ws/install/my_robot_bringup/share/my_robot_bringup//models/aws_robomaker_warehouse_PalletJackB_01/thumbnails/5.png
-- Installing: /home/jo-jo/ros2_ws/install/my_robot_bringup/share/my_robot_bringup//models/aws_robomaker_warehouse_PalletJackB_01/thumbnails/4.png
-- Installing: /home/jo-jo/ros2_ws/install/my_robot_bringup/share/my_robot_bringup//models/aws_robomaker_warehouse_PalletJackB_01/thumbnails/1.png
-- Installing: /home/jo-jo/ros2_ws/install/my_robot_bringup/share/my_robot_bringup//models/aws_robomaker_warehouse_PalletJackB_01/thumbnails/2.png
-- Installing: /home/jo-jo/ros2_ws/install/my_robot_bringup/share/my_robot_bringup//models/aws_robomaker_warehouse_PalletJackB_01/thumbnails/3.png
-- Up-to-date: /home/jo-jo/ros2_ws/install/my_robot_bringup/share/my_robot_bringup//models/aws_robomaker_warehouse_PalletJackB_01/materials
-- Up-to-date: /home/jo-jo/ros2_ws/install/my_robot_bringup/share/my_robot_bringup//models/aws_robomaker_warehouse_PalletJackB_01/materials/textures
-- Installing: /home/jo-jo/ros2_ws/install/my_robot_bringup/share/my_robot_bringup//models/aws_robomaker_warehouse_PalletJackB_01/materials/textures/aws_robomaker_warehouse_PalletJackB_02.png
-- Installing: /home/jo-jo/ros2_ws/install/my_robot_bringup/share/my_robot_bringup//models/aws_robomaker_warehouse_PalletJackB_01/materials/textures/aws_robomaker_warehouse_PalletJackB_01.png
-- Installing: /home/jo-jo/ros2_ws/install/my_robot_bringup/share/my_robot_bringup//models/aws_robomaker_warehouse_PalletJackB_01/model.config
-- Up-to-date: /home/jo-jo/ros2_ws/install/my_robot_bringup/share/my_robot_bringup//models/Cardboard box
-- Up-to-date: /home/jo-jo/ros2_ws/install/my_robot_bringup/share/my_robot_bringup//models/Cardboard box/meshes
-- Installing: /home/jo-jo/ros2_ws/install/my_robot_bringup/share/my_robot_bringup//models/Cardboard box/meshes/cardboard_box.dae
-- Installing: /home/jo-jo/ros2_ws/install/my_robot_bringup/share/my_robot_bringup//models/Cardboard box/model.sdf
-- Up-to-date: /home/jo-jo/ros2_ws/install/my_robot_bringup/share/my_robot_bringup//models/Cardboard box/thumbnails
-- Installing: /home/jo-jo/ros2_ws/install/my_robot_bringup/share/my_robot_bringup//models/Cardboard box/thumbnails/5.png
-- Installing: /home/jo-jo/ros2_ws/install/my_robot_bringup/share/my_robot_bringup//models/Cardboard box/thumbnails/4.png
-- Installing: /home/jo-jo/ros2_ws/install/my_robot_bringup/share/my_robot_bringup//models/Cardboard box/thumbnails/1.png
-- Installing: /home/jo-jo/ros2_ws/install/my_robot_bringup/share/my_robot_bringup//models/Cardboard box/thumbnails/2.png
-- Installing: /home/jo-jo/ros2_ws/install/my_robot_bringup/share/my_robot_bringup//models/Cardboard box/thumbnails/3.png
-- Up-to-date: /home/jo-jo/ros2_ws/install/my_robot_bringup/share/my_robot_bringup//models/Cardboard box/materials
-- Up-to-date: /home/jo-jo/ros2_ws/install/my_robot_bringup/share/my_robot_bringup//models/Cardboard box/materials/textures
-- Installing: /home/jo-jo/ros2_ws/install/my_robot_bringup/share/my_robot_bringup//models/Cardboard box/materials/textures/cardboard_box.png
-- Installing: /home/jo-jo/ros2_ws/install/my_robot_bringup/share/my_robot_bringup//models/Cardboard box/model.config
-- Up-to-date: /home/jo-jo/ros2_ws/install/my_robot_bringup/share/my_robot_bringup//models/Coke Can Steel
-- Up-to-date: /home/jo-jo/ros2_ws/install/my_robot_bringup/share/my_robot_bringup//models/Coke Can Steel/meshes
-- Installing: /home/jo-jo/ros2_ws/install/my_robot_bringup/share/my_robot_bringup//models/Coke Can Steel/meshes/coke_can.mtl
-- Installing: /home/jo-jo/ros2_ws/install/my_robot_bringup/share/my_robot_bringup//models/Coke Can Steel/meshes/coke_can.png
-- Installing: /home/jo-jo/ros2_ws/install/my_robot_bringup/share/my_robot_bringup//models/Coke Can Steel/meshes/coke_can.obj
-- Installing: /home/jo-jo/ros2_ws/install/my_robot_bringup/share/my_robot_bringup//models/Coke Can Steel/model.sdf
-- Up-to-date: /home/jo-jo/ros2_ws/install/my_robot_bringup/share/my_robot_bringup//models/Coke Can Steel/thumbnails
-- Installing: /home/jo-jo/ros2_ws/install/my_robot_bringup/share/my_robot_bringup//models/Coke Can Steel/thumbnails/1.png
-- Installing: /home/jo-jo/ros2_ws/install/my_robot_bringup/share/my_robot_bringup//models/Coke Can Steel/thumbnails/2.png
-- Installing: /home/jo-jo/ros2_ws/install/my_robot_bringup/share/my_robot_bringup//models/Coke Can Steel/model.config
-- Up-to-date: /home/jo-jo/ros2_ws/install/my_robot_bringup/share/my_robot_bringup//models/parking_garage
-- Up-to-date: /home/jo-jo/ros2_ws/install/my_robot_bringup/share/my_robot_bringup//models/parking_garage/meshes
-- Installing: /home/jo-jo/ros2_ws/install/my_robot_bringup/share/my_robot_bringup//models/parking_garage/meshes/parking_garage.dae
-- Installing: /home/jo-jo/ros2_ws/install/my_robot_bringup/share/my_robot_bringup//models/parking_garage/model.sdf
-- Up-to-date: /home/jo-jo/ros2_ws/install/my_robot_bringup/share/my_robot_bringup//models/parking_garage/thumbnails
-- Installing: /home/jo-jo/ros2_ws/install/my_robot_bringup/share/my_robot_bringup//models/parking_garage/thumbnails/5.png
-- Installing: /home/jo-jo/ros2_ws/install/my_robot_bringup/share/my_robot_bringup//models/parking_garage/thumbnails/4.png
-- Installing: /home/jo-jo/ros2_ws/install/my_robot_bringup/share/my_robot_bringup//models/parking_garage/thumbnails/1.png
-- Installing: /home/jo-jo/ros2_ws/install/my_robot_bringup/share/my_robot_bringup//models/parking_garage/thumbnails/2.png
-- Installing: /home/jo-jo/ros2_ws/install/my_robot_bringup/share/my_robot_bringup//models/parking_garage/thumbnails/3.png
-- Up-to-date: /home/jo-jo/ros2_ws/install/my_robot_bringup/share/my_robot_bringup//models/parking_garage/materials
-- Up-to-date: /home/jo-jo/ros2_ws/install/my_robot_bringup/share/my_robot_bringup//models/parking_garage/materials/textures
-- Installing: /home/jo-jo/ros2_ws/install/my_robot_bringup/share/my_robot_bringup//models/parking_garage/materials/textures/parking_garage_diffuse.jpg
-- Installing: /home/jo-jo/ros2_ws/install/my_robot_bringup/share/my_robot_bringup//models/parking_garage/materials/textures/parking_garage_spec.jpg
-- Installing: /home/jo-jo/ros2_ws/install/my_robot_bringup/share/my_robot_bringup//models/parking_garage/model.config
-- Up-to-date: /home/jo-jo/ros2_ws/install/my_robot_bringup/share/my_robot_bringup//models/Movable green coke can
-- Up-to-date: /home/jo-jo/ros2_ws/install/my_robot_bringup/share/my_robot_bringup//models/Movable green coke can/meshes
-- Installing: /home/jo-jo/ros2_ws/install/my_robot_bringup/share/my_robot_bringup//models/Movable green coke can/meshes/coke_can_green.mtl
-- Installing: /home/jo-jo/ros2_ws/install/my_robot_bringup/share/my_robot_bringup//models/Movable green coke can/meshes/coke_can.obj
-- Installing: /home/jo-jo/ros2_ws/install/my_robot_bringup/share/my_robot_bringup//models/Movable green coke can/meshes/coke_can_green.png
-- Installing: /home/jo-jo/ros2_ws/install/my_robot_bringup/share/my_robot_bringup//models/Movable green coke can/model.sdf
-- Up-to-date: /home/jo-jo/ros2_ws/install/my_robot_bringup/share/my_robot_bringup//models/Movable green coke can/thumbnails
-- Installing: /home/jo-jo/ros2_ws/install/my_robot_bringup/share/my_robot_bringup//models/Movable green coke can/thumbnails/1.png
-- Installing: /home/jo-jo/ros2_ws/install/my_robot_bringup/share/my_robot_bringup//models/Movable green coke can/model.config
-- Up-to-date: /home/jo-jo/ros2_ws/install/my_robot_bringup/share/my_robot_bringup//models/Mustard Bottle
-- Installing: /home/jo-jo/ros2_ws/install/my_robot_bringup/share/my_robot_bringup//models/Mustard Bottle/textured.obj
-- Installing: /home/jo-jo/ros2_ws/install/my_robot_bringup/share/my_robot_bringup//models/Mustard Bottle/textured.dae
-- Installing: /home/jo-jo/ros2_ws/install/my_robot_bringup/share/my_robot_bringup//models/Mustard Bottle/model.sdf
-- Up-to-date: /home/jo-jo/ros2_ws/install/my_robot_bringup/share/my_robot_bringup//models/Mustard Bottle/thumbnails
-- Installing: /home/jo-jo/ros2_ws/install/my_robot_bringup/share/my_robot_bringup//models/Mustard Bottle/thumbnails/5.png
-- Installing: /home/jo-jo/ros2_ws/install/my_robot_bringup/share/my_robot_bringup//models/Mustard Bottle/thumbnails/4.png
-- Installing: /home/jo-jo/ros2_ws/install/my_robot_bringup/share/my_robot_bringup//models/Mustard Bottle/thumbnails/1.png
-- Installing: /home/jo-jo/ros2_ws/install/my_robot_bringup/share/my_robot_bringup//models/Mustard Bottle/thumbnails/2.png
-- Installing: /home/jo-jo/ros2_ws/install/my_robot_bringup/share/my_robot_bringup//models/Mustard Bottle/thumbnails/3.png
-- Installing: /home/jo-jo/ros2_ws/install/my_robot_bringup/share/my_robot_bringup//models/Mustard Bottle/texture_map.png
-- Installing: /home/jo-jo/ros2_ws/install/my_robot_bringup/share/my_robot_bringup//models/Mustard Bottle/textured.mtl
-- Installing: /home/jo-jo/ros2_ws/install/my_robot_bringup/share/my_robot_bringup//models/Mustard Bottle/model.config
-- Up-to-date: /home/jo-jo/ros2_ws/install/my_robot_bringup/share/my_robot_bringup//models/Imaginext_Castle_Ogre
-- Up-to-date: /home/jo-jo/ros2_ws/install/my_robot_bringup/share/my_robot_bringup//models/Imaginext_Castle_Ogre/meshes
-- Installing: /home/jo-jo/ros2_ws/install/my_robot_bringup/share/my_robot_bringup//models/Imaginext_Castle_Ogre/meshes/model.obj
-- Installing: /home/jo-jo/ros2_ws/install/my_robot_bringup/share/my_robot_bringup//models/Imaginext_Castle_Ogre/meshes/model.mtl
-- Installing: /home/jo-jo/ros2_ws/install/my_robot_bringup/share/my_robot_bringup//models/Imaginext_Castle_Ogre/metadata.pbtxt
-- Installing: /home/jo-jo/ros2_ws/install/my_robot_bringup/share/my_robot_bringup//models/Imaginext_Castle_Ogre/model.sdf
-- Up-to-date: /home/jo-jo/ros2_ws/install/my_robot_bringup/share/my_robot_bringup//models/Imaginext_Castle_Ogre/thumbnails
-- Installing: /home/jo-jo/ros2_ws/install/my_robot_bringup/share/my_robot_bringup//models/Imaginext_Castle_Ogre/thumbnails/0.jpg
-- Installing: /home/jo-jo/ros2_ws/install/my_robot_bringup/share/my_robot_bringup//models/Imaginext_Castle_Ogre/thumbnails/4.jpg
-- Installing: /home/jo-jo/ros2_ws/install/my_robot_bringup/share/my_robot_bringup//models/Imaginext_Castle_Ogre/thumbnails/1.jpg
-- Installing: /home/jo-jo/ros2_ws/install/my_robot_bringup/share/my_robot_bringup//models/Imaginext_Castle_Ogre/thumbnails/3.jpg
-- Installing: /home/jo-jo/ros2_ws/install/my_robot_bringup/share/my_robot_bringup//models/Imaginext_Castle_Ogre/thumbnails/2.jpg
-- Up-to-date: /home/jo-jo/ros2_ws/install/my_robot_bringup/share/my_robot_bringup//models/Imaginext_Castle_Ogre/materials
-- Up-to-date: /home/jo-jo/ros2_ws/install/my_robot_bringup/share/my_robot_bringup//models/Imaginext_Castle_Ogre/materials/textures
-- Installing: /home/jo-jo/ros2_ws/install/my_robot_bringup/share/my_robot_bringup//models/Imaginext_Castle_Ogre/materials/textures/texture.png
-- Installing: /home/jo-jo/ros2_ws/install/my_robot_bringup/share/my_robot_bringup//models/Imaginext_Castle_Ogre/model.config
-- Up-to-date: /home/jo-jo/ros2_ws/install/my_robot_bringup/share/my_robot_bringup//models/piano
-- Up-to-date: /home/jo-jo/ros2_ws/install/my_robot_bringup/share/my_robot_bringup//models/piano/meshes
-- Installing: /home/jo-jo/ros2_ws/install/my_robot_bringup/share/my_robot_bringup//models/piano/meshes/piano.dae
-- Installing: /home/jo-jo/ros2_ws/install/my_robot_bringup/share/my_robot_bringup//models/piano/model.sdf
-- Up-to-date: /home/jo-jo/ros2_ws/install/my_robot_bringup/share/my_robot_bringup//models/piano/thumbnails
-- Installing: /home/jo-jo/ros2_ws/install/my_robot_bringup/share/my_robot_bringup//models/piano/thumbnails/Piano.png
-- Installing: /home/jo-jo/ros2_ws/install/my_robot_bringup/share/my_robot_bringup//models/piano/model.config
-- Up-to-date: /home/jo-jo/ros2_ws/install/my_robot_bringup/share/my_robot_bringup//models/STEAK_SET
-- Up-to-date: /home/jo-jo/ros2_ws/install/my_robot_bringup/share/my_robot_bringup//models/STEAK_SET/meshes
-- Installing: /home/jo-jo/ros2_ws/install/my_robot_bringup/share/my_robot_bringup//models/STEAK_SET/meshes/model.obj
-- Installing: /home/jo-jo/ros2_ws/install/my_robot_bringup/share/my_robot_bringup//models/STEAK_SET/meshes/model.mtl
-- Installing: /home/jo-jo/ros2_ws/install/my_robot_bringup/share/my_robot_bringup//models/STEAK_SET/metadata.pbtxt
-- Installing: /home/jo-jo/ros2_ws/install/my_robot_bringup/share/my_robot_bringup//models/STEAK_SET/model.sdf
-- Up-to-date: /home/jo-jo/ros2_ws/install/my_robot_bringup/share/my_robot_bringup//models/STEAK_SET/thumbnails
-- Installing: /home/jo-jo/ros2_ws/install/my_robot_bringup/share/my_robot_bringup//models/STEAK_SET/thumbnails/0.jpg
-- Installing: /home/jo-jo/ros2_ws/install/my_robot_bringup/share/my_robot_bringup//models/STEAK_SET/thumbnails/4.jpg
-- Installing: /home/jo-jo/ros2_ws/install/my_robot_bringup/share/my_robot_bringup//models/STEAK_SET/thumbnails/1.jpg
-- Installing: /home/jo-jo/ros2_ws/install/my_robot_bringup/share/my_robot_bringup//models/STEAK_SET/thumbnails/3.jpg
-- Installing: /home/jo-jo/ros2_ws/install/my_robot_bringup/share/my_robot_bringup//models/STEAK_SET/thumbnails/2.jpg
-- Up-to-date: /home/jo-jo/ros2_ws/install/my_robot_bringup/share/my_robot_bringup//models/STEAK_SET/materials
-- Up-to-date: /home/jo-jo/ros2_ws/install/my_robot_bringup/share/my_robot_bringup//models/STEAK_SET/materials/textures
-- Installing: /home/jo-jo/ros2_ws/install/my_robot_bringup/share/my_robot_bringup//models/STEAK_SET/materials/textures/texture.png
-- Installing: /home/jo-jo/ros2_ws/install/my_robot_bringup/share/my_robot_bringup//models/STEAK_SET/model.config
-- Up-to-date: /home/jo-jo/ros2_ws/install/my_robot_bringup/share/ament_index/resource_index/package_run_dependencies/my_robot_bringup
-- Up-to-date: /home/jo-jo/ros2_ws/install/my_robot_bringup/share/ament_index/resource_index/parent_prefix_path/my_robot_bringup
-- Up-to-date: /home/jo-jo/ros2_ws/install/my_robot_bringup/share/my_robot_bringup/environment/ament_prefix_path.sh
-- Up-to-date: /home/jo-jo/ros2_ws/install/my_robot_bringup/share/my_robot_bringup/environment/ament_prefix_path.dsv
-- Up-to-date: /home/jo-jo/ros2_ws/install/my_robot_bringup/share/my_robot_bringup/environment/path.sh
-- Up-to-date: /home/jo-jo/ros2_ws/install/my_robot_bringup/share/my_robot_bringup/environment/path.dsv
-- Up-to-date: /home/jo-jo/ros2_ws/install/my_robot_bringup/share/my_robot_bringup/local_setup.bash
-- Up-to-date: /home/jo-jo/ros2_ws/install/my_robot_bringup/share/my_robot_bringup/local_setup.sh
-- Up-to-date: /home/jo-jo/ros2_ws/install/my_robot_bringup/share/my_robot_bringup/local_setup.zsh
-- Up-to-date: /home/jo-jo/ros2_ws/install/my_robot_bringup/share/my_robot_bringup/local_setup.dsv
-- Installing: /home/jo-jo/ros2_ws/install/my_robot_bringup/share/my_robot_bringup/package.dsv
-- Up-to-date: /home/jo-jo/ros2_ws/install/my_robot_bringup/share/ament_index/resource_index/packages/my_robot_bringup
-- Up-to-date: /home/jo-jo/ros2_ws/install/my_robot_bringup/share/my_robot_bringup/cmake/my_robot_bringupConfig.cmake
-- Up-to-date: /home/jo-jo/ros2_ws/install/my_robot_bringup/share/my_robot_bringup/cmake/my_robot_bringupConfig-version.cmake
-- Up-to-date: /home/jo-jo/ros2_ws/install/my_robot_bringup/share/my_robot_bringup/package.xml
